ISO-10303-21;
HEADER;
/* Generated by software containing ST-Developer
 * from STEP Tools, Inc. (www.steptools.com) 
 */
/* OPTION: using custom renumber hook */

FILE_DESCRIPTION(
/* description */ ('STEP AP242 Edition 2',
'CAx-IF Rec.Pracs.---Representation and Presentation of Product Manufa
cturing Information (PMI)---4.0---2014-10-13',
'CAx-IF Rec.Pracs.---3D Tessellated Geometry---0.4---2014-09-14','2;1',
'CAx-IF Rec.Pracs.---User Defined Attributes---1.5---2016-08-15'),
/* implementation_level */ '2;1');

FILE_NAME(
/* name */ 'Plot Platter Part Studio - XY Bottom Clam',
/* time_stamp */ '2026-08-02T03:40:14Z',
/* author */ (''),
/* organization */ (''),
/* preprocessor_version */ 'ST-DEVELOPER v20',
/* originating_system */ 'ONSHAPE BY PTC INC, 1.218',
/* authorisation */ '  ');

FILE_SCHEMA (('AP242_MANAGED_MODEL_BASED_3D_ENGINEERING_MIM_LF { 1 0 10303 442 3 1 4 }'));
ENDSEC;

DATA;
#10=SHAPE_REPRESENTATION_RELATIONSHIP('','',#3723,#11);
#11=ADVANCED_BREP_SHAPE_REPRESENTATION('',(#3721),#6285);
#12=TOROIDAL_SURFACE('',#4051,0.00399999999999995,0.001);
#13=TOROIDAL_SURFACE('',#4058,0.004,0.001);
#14=TOROIDAL_SURFACE('',#4060,0.00399999999999995,0.001);
#15=TOROIDAL_SURFACE('',#4066,0.004,0.001);
#16=CONICAL_SURFACE('',#4043,0.003,0.523598775598299);
#17=CONICAL_SURFACE('',#4044,0.003,0.523598775598299);
#18=CONICAL_SURFACE('',#4045,0.00282679491924311,0.523598775598299);
#19=CONICAL_SURFACE('',#4046,0.00282679491924311,0.523598775598299);
#20=CYLINDRICAL_SURFACE('',#3759,0.0016);
#21=CYLINDRICAL_SURFACE('',#3762,0.0016);
#22=CYLINDRICAL_SURFACE('',#3765,0.0016);
#23=CYLINDRICAL_SURFACE('',#3768,0.0016);
#24=CYLINDRICAL_SURFACE('',#3777,0.00235);
#25=CYLINDRICAL_SURFACE('',#3780,0.00235);
#26=CYLINDRICAL_SURFACE('',#3804,0.00625);
#27=CYLINDRICAL_SURFACE('',#3807,0.00625);
#28=CYLINDRICAL_SURFACE('',#3810,0.00775);
#29=CYLINDRICAL_SURFACE('',#3819,0.00775);
#30=CYLINDRICAL_SURFACE('',#3838,0.00625);
#31=CYLINDRICAL_SURFACE('',#3841,0.00625);
#32=CYLINDRICAL_SURFACE('',#3849,0.005);
#33=CYLINDRICAL_SURFACE('',#3851,0.005);
#34=CYLINDRICAL_SURFACE('',#3856,0.0035);
#35=CYLINDRICAL_SURFACE('',#3857,0.0035);
#36=CYLINDRICAL_SURFACE('',#3859,0.003);
#37=CYLINDRICAL_SURFACE('',#3863,0.003);
#38=CYLINDRICAL_SURFACE('',#3867,0.00775);
#39=CYLINDRICAL_SURFACE('',#3872,0.00775);
#40=CYLINDRICAL_SURFACE('',#3877,0.00625);
#41=CYLINDRICAL_SURFACE('',#3879,0.00625);
#42=CYLINDRICAL_SURFACE('',#3881,0.00775);
#43=CYLINDRICAL_SURFACE('',#3890,0.00775);
#44=CYLINDRICAL_SURFACE('',#3899,0.00775);
#45=CYLINDRICAL_SURFACE('',#3900,0.00775);
#46=CYLINDRICAL_SURFACE('',#3903,0.001);
#47=CYLINDRICAL_SURFACE('',#3904,0.001);
#48=CYLINDRICAL_SURFACE('',#3905,0.001);
#49=CYLINDRICAL_SURFACE('',#3906,0.001);
#50=CYLINDRICAL_SURFACE('',#3907,0.001);
#51=CYLINDRICAL_SURFACE('',#3908,0.001);
#52=CYLINDRICAL_SURFACE('',#3909,0.001);
#53=CYLINDRICAL_SURFACE('',#3910,0.001);
#54=CYLINDRICAL_SURFACE('',#3911,0.001);
#55=CYLINDRICAL_SURFACE('',#3914,0.001);
#56=CYLINDRICAL_SURFACE('',#3917,0.001);
#57=CYLINDRICAL_SURFACE('',#3920,0.001);
#58=CYLINDRICAL_SURFACE('',#3923,0.001);
#59=CYLINDRICAL_SURFACE('',#3926,0.001);
#60=CYLINDRICAL_SURFACE('',#3929,0.001);
#61=CYLINDRICAL_SURFACE('',#3932,0.001);
#62=CYLINDRICAL_SURFACE('',#3938,0.00775);
#63=CYLINDRICAL_SURFACE('',#3940,0.00775);
#64=CYLINDRICAL_SURFACE('',#3945,0.00775);
#65=CYLINDRICAL_SURFACE('',#3950,0.00775);
#66=CYLINDRICAL_SURFACE('',#3952,0.00625);
#67=CYLINDRICAL_SURFACE('',#3955,0.00625);
#68=CYLINDRICAL_SURFACE('',#3960,0.00775);
#69=CYLINDRICAL_SURFACE('',#3965,0.00775);
#70=CYLINDRICAL_SURFACE('',#3967,0.0035);
#71=CYLINDRICAL_SURFACE('',#3969,0.0035);
#72=CYLINDRICAL_SURFACE('',#3974,0.005);
#73=CYLINDRICAL_SURFACE('',#3976,0.005);
#74=CYLINDRICAL_SURFACE('',#3979,0.00625);
#75=CYLINDRICAL_SURFACE('',#3980,0.00625);
#76=CYLINDRICAL_SURFACE('',#3991,0.00775);
#77=CYLINDRICAL_SURFACE('',#3996,0.00775);
#78=CYLINDRICAL_SURFACE('',#4001,0.00625);
#79=CYLINDRICAL_SURFACE('',#4002,0.00625);
#80=CYLINDRICAL_SURFACE('',#4005,0.003);
#81=CYLINDRICAL_SURFACE('',#4007,0.003);
#82=CYLINDRICAL_SURFACE('',#4054,0.001);
#83=CYLINDRICAL_SURFACE('',#4056,0.001);
#84=CYLINDRICAL_SURFACE('',#4062,0.001);
#85=CYLINDRICAL_SURFACE('',#4064,0.001);
#86=CYLINDRICAL_SURFACE('',#4067,0.001);
#87=CYLINDRICAL_SURFACE('',#4068,0.001);
#88=CYLINDRICAL_SURFACE('',#4069,0.001);
#89=CYLINDRICAL_SURFACE('',#4070,0.001);
#90=CYLINDRICAL_SURFACE('',#4071,0.002);
#91=CYLINDRICAL_SURFACE('',#4072,0.002);
#92=CYLINDRICAL_SURFACE('',#4073,0.002);
#93=CYLINDRICAL_SURFACE('',#4074,0.002);
#94=CYLINDRICAL_SURFACE('',#4075,0.002);
#95=CYLINDRICAL_SURFACE('',#4076,0.002);
#96=CYLINDRICAL_SURFACE('',#4077,0.002);
#97=CYLINDRICAL_SURFACE('',#4078,0.002);
#98=CYLINDRICAL_SURFACE('',#4085,0.00155);
#99=CYLINDRICAL_SURFACE('',#4092,0.00155);
#100=CIRCLE('',#3726,0.00775);
#101=CIRCLE('',#3728,0.00775);
#102=CIRCLE('',#3730,0.00775);
#103=CIRCLE('',#3731,0.00775);
#104=CIRCLE('',#3733,0.00775);
#105=CIRCLE('',#3734,0.00775);
#106=CIRCLE('',#3739,0.004);
#107=CIRCLE('',#3740,0.004);
#108=CIRCLE('',#3741,0.00399999999999995);
#109=CIRCLE('',#3742,0.00399999999999995);
#110=CIRCLE('',#3744,0.001);
#111=CIRCLE('',#3746,0.001);
#112=CIRCLE('',#3748,0.001);
#113=CIRCLE('',#3750,0.001);
#114=CIRCLE('',#3752,0.001);
#115=CIRCLE('',#3754,0.001);
#116=CIRCLE('',#3756,0.00775);
#117=CIRCLE('',#3758,0.00775);
#118=CIRCLE('',#3760,0.0016);
#119=CIRCLE('',#3761,0.0016);
#120=CIRCLE('',#3763,0.0016);
#121=CIRCLE('',#3764,0.0016);
#122=CIRCLE('',#3766,0.0016);
#123=CIRCLE('',#3767,0.0016);
#124=CIRCLE('',#3769,0.0016);
#125=CIRCLE('',#3770,0.0016);
#126=CIRCLE('',#3778,0.00235);
#127=CIRCLE('',#3779,0.00235);
#128=CIRCLE('',#3781,0.00235);
#129=CIRCLE('',#3782,0.00235);
#130=CIRCLE('',#3784,0.002);
#131=CIRCLE('',#3785,0.0035);
#132=CIRCLE('',#3786,0.002);
#133=CIRCLE('',#3787,0.005);
#134=CIRCLE('',#3788,0.005);
#135=CIRCLE('',#3789,0.002);
#136=CIRCLE('',#3790,0.0035);
#137=CIRCLE('',#3791,0.002);
#138=CIRCLE('',#3792,0.002);
#139=CIRCLE('',#3793,0.0035);
#140=CIRCLE('',#3794,0.002);
#141=CIRCLE('',#3795,0.005);
#142=CIRCLE('',#3796,0.005);
#143=CIRCLE('',#3797,0.002);
#144=CIRCLE('',#3798,0.0035);
#145=CIRCLE('',#3799,0.002);
#146=CIRCLE('',#3800,0.003);
#147=CIRCLE('',#3801,0.003);
#148=CIRCLE('',#3802,0.003);
#149=CIRCLE('',#3803,0.003);
#150=CIRCLE('',#3805,0.00625);
#151=CIRCLE('',#3806,0.00625);
#152=CIRCLE('',#3808,0.00625);
#153=CIRCLE('',#3809,0.00625);
#154=CIRCLE('',#3811,0.00775);
#155=CIRCLE('',#3812,0.00775);
#156=CIRCLE('',#3814,0.00775);
#157=CIRCLE('',#3815,0.001);
#158=CIRCLE('',#3817,0.00625);
#159=CIRCLE('',#3818,0.001);
#160=CIRCLE('',#3820,0.00775);
#161=CIRCLE('',#3821,0.00775);
#162=CIRCLE('',#3823,0.00775);
#163=CIRCLE('',#3824,0.00625);
#164=CIRCLE('',#3825,0.001);
#165=CIRCLE('',#3827,0.002);
#166=CIRCLE('',#3828,0.0035);
#167=CIRCLE('',#3829,0.002);
#168=CIRCLE('',#3832,0.00775);
#169=CIRCLE('',#3835,0.002);
#170=CIRCLE('',#3836,0.0035);
#171=CIRCLE('',#3837,0.002);
#172=CIRCLE('',#3839,0.00625);
#173=CIRCLE('',#3840,0.00625);
#174=CIRCLE('',#3842,0.00625);
#175=CIRCLE('',#3843,0.00625);
#176=CIRCLE('',#3845,0.00775);
#177=CIRCLE('',#3847,0.00775);
#178=CIRCLE('',#3850,0.005);
#179=CIRCLE('',#3852,0.005);
#180=CIRCLE('',#3860,0.003);
#181=CIRCLE('',#3862,0.00282679491924311);
#182=CIRCLE('',#3864,0.003);
#183=CIRCLE('',#3866,0.00282679491924311);
#184=CIRCLE('',#3868,0.00775);
#185=CIRCLE('',#3870,0.001);
#186=CIRCLE('',#3871,0.001);
#187=CIRCLE('',#3873,0.00775);
#188=CIRCLE('',#3875,0.001);
#189=CIRCLE('',#3876,0.001);
#190=CIRCLE('',#3878,0.00625);
#191=CIRCLE('',#3880,0.00625);
#192=CIRCLE('',#3882,0.00775);
#193=CIRCLE('',#3883,0.00775);
#194=CIRCLE('',#3885,0.001);
#195=CIRCLE('',#3886,0.001);
#196=CIRCLE('',#3888,0.001);
#197=CIRCLE('',#3889,0.001);
#198=CIRCLE('',#3891,0.00775);
#199=CIRCLE('',#3892,0.00775);
#200=CIRCLE('',#3894,0.001);
#201=CIRCLE('',#3895,0.001);
#202=CIRCLE('',#3897,0.001);
#203=CIRCLE('',#3898,0.001);
#204=CIRCLE('',#3902,0.001);
#205=CIRCLE('',#3912,0.001);
#206=CIRCLE('',#3913,0.001);
#207=CIRCLE('',#3915,0.001);
#208=CIRCLE('',#3916,0.001);
#209=CIRCLE('',#3918,0.001);
#210=CIRCLE('',#3919,0.001);
#211=CIRCLE('',#3921,0.001);
#212=CIRCLE('',#3922,0.001);
#213=CIRCLE('',#3924,0.001);
#214=CIRCLE('',#3925,0.001);
#215=CIRCLE('',#3927,0.001);
#216=CIRCLE('',#3928,0.001);
#217=CIRCLE('',#3930,0.001);
#218=CIRCLE('',#3931,0.001);
#219=CIRCLE('',#3933,0.001);
#220=CIRCLE('',#3934,0.001);
#221=CIRCLE('',#3936,0.00625);
#222=CIRCLE('',#3937,0.00775);
#223=CIRCLE('',#3939,0.00775);
#224=CIRCLE('',#3941,0.00775);
#225=CIRCLE('',#3943,0.00775);
#226=CIRCLE('',#3944,0.00625);
#227=CIRCLE('',#3946,0.00775);
#228=CIRCLE('',#3948,0.00775);
#229=CIRCLE('',#3949,0.00625);
#230=CIRCLE('',#3951,0.00775);
#231=CIRCLE('',#3953,0.00625);
#232=CIRCLE('',#3954,0.00625);
#233=CIRCLE('',#3956,0.00625);
#234=CIRCLE('',#3958,0.00625);
#235=CIRCLE('',#3959,0.00775);
#236=CIRCLE('',#3961,0.00775);
#237=CIRCLE('',#3963,0.00625);
#238=CIRCLE('',#3964,0.00775);
#239=CIRCLE('',#3968,0.0035);
#240=CIRCLE('',#3970,0.0035);
#241=CIRCLE('',#3973,0.00775);
#242=CIRCLE('',#3975,0.005);
#243=CIRCLE('',#3977,0.005);
#244=CIRCLE('',#3982,0.002);
#245=CIRCLE('',#3983,0.002);
#246=CIRCLE('',#3985,0.00775);
#247=CIRCLE('',#3987,0.002);
#248=CIRCLE('',#3988,0.002);
#249=CIRCLE('',#3990,0.00625);
#250=CIRCLE('',#3993,0.00775);
#251=CIRCLE('',#3994,0.00625);
#252=CIRCLE('',#3998,0.00625);
#253=CIRCLE('',#4000,0.00625);
#254=CIRCLE('',#4004,0.00282679491924311);
#255=CIRCLE('',#4006,0.003);
#256=CIRCLE('',#4008,0.003);
#257=CIRCLE('',#4010,0.00282679491924311);
#258=CIRCLE('',#4012,0.001);
#259=CIRCLE('',#4014,0.001);
#260=CIRCLE('',#4052,0.001);
#261=CIRCLE('',#4053,0.001);
#262=CIRCLE('',#4055,0.001);
#263=CIRCLE('',#4057,0.001);
#264=CIRCLE('',#4059,0.001);
#265=CIRCLE('',#4061,0.001);
#266=CIRCLE('',#4063,0.001);
#267=CIRCLE('',#4065,0.001);
#268=CIRCLE('',#4080,0.00155);
#269=CIRCLE('',#4084,0.00155);
#270=CIRCLE('',#4086,0.00155);
#271=CIRCLE('',#4088,0.00155);
#272=ORIENTED_EDGE('',*,*,#1328,.F.);
#273=ORIENTED_EDGE('',*,*,#1329,.T.);
#274=ORIENTED_EDGE('',*,*,#1330,.T.);
#275=ORIENTED_EDGE('',*,*,#1331,.F.);
#276=ORIENTED_EDGE('',*,*,#1332,.F.);
#277=ORIENTED_EDGE('',*,*,#1333,.T.);
#278=ORIENTED_EDGE('',*,*,#1334,.T.);
#279=ORIENTED_EDGE('',*,*,#1335,.F.);
#280=ORIENTED_EDGE('',*,*,#1336,.T.);
#281=ORIENTED_EDGE('',*,*,#1337,.T.);
#282=ORIENTED_EDGE('',*,*,#1338,.F.);
#283=ORIENTED_EDGE('',*,*,#1339,.T.);
#284=ORIENTED_EDGE('',*,*,#1340,.T.);
#285=ORIENTED_EDGE('',*,*,#1341,.T.);
#286=ORIENTED_EDGE('',*,*,#1342,.F.);
#287=ORIENTED_EDGE('',*,*,#1343,.T.);
#288=ORIENTED_EDGE('',*,*,#1344,.F.);
#289=ORIENTED_EDGE('',*,*,#1345,.T.);
#290=ORIENTED_EDGE('',*,*,#1346,.F.);
#291=ORIENTED_EDGE('',*,*,#1347,.F.);
#292=ORIENTED_EDGE('',*,*,#1348,.F.);
#293=ORIENTED_EDGE('',*,*,#1349,.T.);
#294=ORIENTED_EDGE('',*,*,#1350,.T.);
#295=ORIENTED_EDGE('',*,*,#1351,.F.);
#296=ORIENTED_EDGE('',*,*,#1352,.F.);
#297=ORIENTED_EDGE('',*,*,#1353,.T.);
#298=ORIENTED_EDGE('',*,*,#1344,.T.);
#299=ORIENTED_EDGE('',*,*,#1354,.F.);
#300=ORIENTED_EDGE('',*,*,#1355,.T.);
#301=ORIENTED_EDGE('',*,*,#1356,.T.);
#302=ORIENTED_EDGE('',*,*,#1357,.F.);
#303=ORIENTED_EDGE('',*,*,#1358,.F.);
#304=ORIENTED_EDGE('',*,*,#1359,.T.);
#305=ORIENTED_EDGE('',*,*,#1360,.T.);
#306=ORIENTED_EDGE('',*,*,#1361,.F.);
#307=ORIENTED_EDGE('',*,*,#1362,.F.);
#308=ORIENTED_EDGE('',*,*,#1339,.F.);
#309=ORIENTED_EDGE('',*,*,#1363,.T.);
#310=ORIENTED_EDGE('',*,*,#1332,.T.);
#311=ORIENTED_EDGE('',*,*,#1364,.T.);
#312=ORIENTED_EDGE('',*,*,#1365,.T.);
#313=ORIENTED_EDGE('',*,*,#1366,.F.);
#314=ORIENTED_EDGE('',*,*,#1367,.F.);
#315=ORIENTED_EDGE('',*,*,#1368,.T.);
#316=ORIENTED_EDGE('',*,*,#1369,.T.);
#317=ORIENTED_EDGE('',*,*,#1370,.F.);
#318=ORIENTED_EDGE('',*,*,#1371,.F.);
#319=ORIENTED_EDGE('',*,*,#1372,.T.);
#320=ORIENTED_EDGE('',*,*,#1329,.F.);
#321=ORIENTED_EDGE('',*,*,#1373,.T.);
#322=ORIENTED_EDGE('',*,*,#1343,.F.);
#323=ORIENTED_EDGE('',*,*,#1374,.F.);
#324=ORIENTED_EDGE('',*,*,#1375,.F.);
#325=ORIENTED_EDGE('',*,*,#1376,.F.);
#326=ORIENTED_EDGE('',*,*,#1377,.T.);
#327=ORIENTED_EDGE('',*,*,#1378,.F.);
#328=ORIENTED_EDGE('',*,*,#1379,.F.);
#329=ORIENTED_EDGE('',*,*,#1380,.F.);
#330=ORIENTED_EDGE('',*,*,#1381,.T.);
#331=ORIENTED_EDGE('',*,*,#1382,.F.);
#332=ORIENTED_EDGE('',*,*,#1383,.F.);
#333=ORIENTED_EDGE('',*,*,#1384,.F.);
#334=ORIENTED_EDGE('',*,*,#1385,.T.);
#335=ORIENTED_EDGE('',*,*,#1386,.F.);
#336=ORIENTED_EDGE('',*,*,#1387,.T.);
#337=ORIENTED_EDGE('',*,*,#1388,.T.);
#338=ORIENTED_EDGE('',*,*,#1389,.F.);
#339=ORIENTED_EDGE('',*,*,#1390,.T.);
#340=ORIENTED_EDGE('',*,*,#1391,.T.);
#341=ORIENTED_EDGE('',*,*,#1392,.T.);
#342=ORIENTED_EDGE('',*,*,#1393,.T.);
#343=ORIENTED_EDGE('',*,*,#1394,.F.);
#344=ORIENTED_EDGE('',*,*,#1395,.T.);
#345=ORIENTED_EDGE('',*,*,#1396,.T.);
#346=ORIENTED_EDGE('',*,*,#1397,.T.);
#347=ORIENTED_EDGE('',*,*,#1398,.T.);
#348=ORIENTED_EDGE('',*,*,#1399,.T.);
#349=ORIENTED_EDGE('',*,*,#1400,.T.);
#350=ORIENTED_EDGE('',*,*,#1401,.T.);
#351=ORIENTED_EDGE('',*,*,#1402,.T.);
#352=ORIENTED_EDGE('',*,*,#1403,.T.);
#353=ORIENTED_EDGE('',*,*,#1404,.T.);
#354=ORIENTED_EDGE('',*,*,#1405,.T.);
#355=ORIENTED_EDGE('',*,*,#1406,.T.);
#356=ORIENTED_EDGE('',*,*,#1407,.T.);
#357=ORIENTED_EDGE('',*,*,#1408,.T.);
#358=ORIENTED_EDGE('',*,*,#1409,.F.);
#359=ORIENTED_EDGE('',*,*,#1410,.F.);
#360=ORIENTED_EDGE('',*,*,#1411,.F.);
#361=ORIENTED_EDGE('',*,*,#1412,.F.);
#362=ORIENTED_EDGE('',*,*,#1413,.F.);
#363=ORIENTED_EDGE('',*,*,#1414,.F.);
#364=ORIENTED_EDGE('',*,*,#1415,.F.);
#365=ORIENTED_EDGE('',*,*,#1416,.F.);
#366=ORIENTED_EDGE('',*,*,#1417,.F.);
#367=ORIENTED_EDGE('',*,*,#1418,.F.);
#368=ORIENTED_EDGE('',*,*,#1419,.F.);
#369=ORIENTED_EDGE('',*,*,#1420,.F.);
#370=ORIENTED_EDGE('',*,*,#1421,.T.);
#371=ORIENTED_EDGE('',*,*,#1422,.T.);
#372=ORIENTED_EDGE('',*,*,#1423,.T.);
#373=ORIENTED_EDGE('',*,*,#1424,.T.);
#374=ORIENTED_EDGE('',*,*,#1425,.T.);
#375=ORIENTED_EDGE('',*,*,#1426,.T.);
#376=ORIENTED_EDGE('',*,*,#1427,.F.);
#377=ORIENTED_EDGE('',*,*,#1428,.T.);
#378=ORIENTED_EDGE('',*,*,#1429,.T.);
#379=ORIENTED_EDGE('',*,*,#1430,.T.);
#380=ORIENTED_EDGE('',*,*,#1431,.T.);
#381=ORIENTED_EDGE('',*,*,#1432,.F.);
#382=ORIENTED_EDGE('',*,*,#1433,.F.);
#383=ORIENTED_EDGE('',*,*,#1434,.F.);
#384=ORIENTED_EDGE('',*,*,#1435,.T.);
#385=ORIENTED_EDGE('',*,*,#1436,.F.);
#386=ORIENTED_EDGE('',*,*,#1437,.T.);
#387=ORIENTED_EDGE('',*,*,#1438,.T.);
#388=ORIENTED_EDGE('',*,*,#1439,.T.);
#389=ORIENTED_EDGE('',*,*,#1440,.T.);
#390=ORIENTED_EDGE('',*,*,#1388,.F.);
#391=ORIENTED_EDGE('',*,*,#1392,.F.);
#392=ORIENTED_EDGE('',*,*,#1441,.T.);
#393=ORIENTED_EDGE('',*,*,#1442,.T.);
#394=ORIENTED_EDGE('',*,*,#1430,.F.);
#395=ORIENTED_EDGE('',*,*,#1443,.T.);
#396=ORIENTED_EDGE('',*,*,#1444,.T.);
#397=ORIENTED_EDGE('',*,*,#1445,.F.);
#398=ORIENTED_EDGE('',*,*,#1394,.T.);
#399=ORIENTED_EDGE('',*,*,#1446,.T.);
#400=ORIENTED_EDGE('',*,*,#1447,.F.);
#401=ORIENTED_EDGE('',*,*,#1448,.T.);
#402=ORIENTED_EDGE('',*,*,#1386,.T.);
#403=ORIENTED_EDGE('',*,*,#1449,.F.);
#404=ORIENTED_EDGE('',*,*,#1432,.T.);
#405=ORIENTED_EDGE('',*,*,#1450,.T.);
#406=ORIENTED_EDGE('',*,*,#1451,.F.);
#407=ORIENTED_EDGE('',*,*,#1452,.T.);
#408=ORIENTED_EDGE('',*,*,#1453,.T.);
#409=ORIENTED_EDGE('',*,*,#1454,.T.);
#410=ORIENTED_EDGE('',*,*,#1455,.T.);
#411=ORIENTED_EDGE('',*,*,#1456,.T.);
#412=ORIENTED_EDGE('',*,*,#1457,.F.);
#413=ORIENTED_EDGE('',*,*,#1458,.T.);
#414=ORIENTED_EDGE('',*,*,#1459,.T.);
#415=ORIENTED_EDGE('',*,*,#1460,.F.);
#416=ORIENTED_EDGE('',*,*,#1461,.T.);
#417=ORIENTED_EDGE('',*,*,#1462,.F.);
#418=ORIENTED_EDGE('',*,*,#1463,.T.);
#419=ORIENTED_EDGE('',*,*,#1464,.F.);
#420=ORIENTED_EDGE('',*,*,#1465,.T.);
#421=ORIENTED_EDGE('',*,*,#1466,.F.);
#422=ORIENTED_EDGE('',*,*,#1467,.F.);
#423=ORIENTED_EDGE('',*,*,#1468,.F.);
#424=ORIENTED_EDGE('',*,*,#1469,.F.);
#425=ORIENTED_EDGE('',*,*,#1470,.T.);
#426=ORIENTED_EDGE('',*,*,#1471,.T.);
#427=ORIENTED_EDGE('',*,*,#1472,.T.);
#428=ORIENTED_EDGE('',*,*,#1389,.T.);
#429=ORIENTED_EDGE('',*,*,#1440,.F.);
#430=ORIENTED_EDGE('',*,*,#1473,.T.);
#431=ORIENTED_EDGE('',*,*,#1447,.T.);
#432=ORIENTED_EDGE('',*,*,#1385,.F.);
#433=ORIENTED_EDGE('',*,*,#1474,.F.);
#434=ORIENTED_EDGE('',*,*,#1475,.F.);
#435=ORIENTED_EDGE('',*,*,#1476,.F.);
#436=ORIENTED_EDGE('',*,*,#1477,.T.);
#437=ORIENTED_EDGE('',*,*,#1478,.T.);
#438=ORIENTED_EDGE('',*,*,#1479,.T.);
#439=ORIENTED_EDGE('',*,*,#1441,.F.);
#440=ORIENTED_EDGE('',*,*,#1391,.F.);
#441=ORIENTED_EDGE('',*,*,#1480,.T.);
#442=ORIENTED_EDGE('',*,*,#1481,.T.);
#443=ORIENTED_EDGE('',*,*,#1482,.F.);
#444=ORIENTED_EDGE('',*,*,#1383,.T.);
#445=ORIENTED_EDGE('',*,*,#1445,.T.);
#446=ORIENTED_EDGE('',*,*,#1483,.T.);
#447=ORIENTED_EDGE('',*,*,#1484,.T.);
#448=ORIENTED_EDGE('',*,*,#1485,.T.);
#449=ORIENTED_EDGE('',*,*,#1486,.F.);
#450=ORIENTED_EDGE('',*,*,#1487,.T.);
#451=ORIENTED_EDGE('',*,*,#1488,.F.);
#452=ORIENTED_EDGE('',*,*,#1489,.T.);
#453=ORIENTED_EDGE('',*,*,#1490,.T.);
#454=ORIENTED_EDGE('',*,*,#1491,.T.);
#455=ORIENTED_EDGE('',*,*,#1492,.T.);
#456=ORIENTED_EDGE('',*,*,#1493,.F.);
#457=ORIENTED_EDGE('',*,*,#1494,.F.);
#458=ORIENTED_EDGE('',*,*,#1495,.T.);
#459=ORIENTED_EDGE('',*,*,#1496,.T.);
#460=ORIENTED_EDGE('',*,*,#1497,.F.);
#461=ORIENTED_EDGE('',*,*,#1435,.F.);
#462=ORIENTED_EDGE('',*,*,#1498,.T.);
#463=ORIENTED_EDGE('',*,*,#1499,.T.);
#464=ORIENTED_EDGE('',*,*,#1500,.F.);
#465=ORIENTED_EDGE('',*,*,#1427,.T.);
#466=ORIENTED_EDGE('',*,*,#1501,.T.);
#467=ORIENTED_EDGE('',*,*,#1502,.F.);
#468=ORIENTED_EDGE('',*,*,#1433,.T.);
#469=ORIENTED_EDGE('',*,*,#1449,.T.);
#470=ORIENTED_EDGE('',*,*,#1503,.T.);
#471=ORIENTED_EDGE('',*,*,#1443,.F.);
#472=ORIENTED_EDGE('',*,*,#1429,.F.);
#473=ORIENTED_EDGE('',*,*,#1504,.T.);
#474=ORIENTED_EDGE('',*,*,#1505,.F.);
#475=ORIENTED_EDGE('',*,*,#1476,.T.);
#476=ORIENTED_EDGE('',*,*,#1506,.T.);
#477=ORIENTED_EDGE('',*,*,#1478,.F.);
#478=ORIENTED_EDGE('',*,*,#1491,.F.);
#479=ORIENTED_EDGE('',*,*,#1507,.T.);
#480=ORIENTED_EDGE('',*,*,#1493,.T.);
#481=ORIENTED_EDGE('',*,*,#1508,.F.);
#482=ORIENTED_EDGE('',*,*,#1509,.F.);
#483=ORIENTED_EDGE('',*,*,#1337,.F.);
#484=ORIENTED_EDGE('',*,*,#1510,.T.);
#485=ORIENTED_EDGE('',*,*,#1331,.T.);
#486=ORIENTED_EDGE('',*,*,#1511,.F.);
#487=ORIENTED_EDGE('',*,*,#1512,.T.);
#488=ORIENTED_EDGE('',*,*,#1513,.F.);
#489=ORIENTED_EDGE('',*,*,#1514,.F.);
#490=ORIENTED_EDGE('',*,*,#1515,.F.);
#491=ORIENTED_EDGE('',*,*,#1516,.T.);
#492=ORIENTED_EDGE('',*,*,#1517,.T.);
#493=ORIENTED_EDGE('',*,*,#1518,.T.);
#494=ORIENTED_EDGE('',*,*,#1519,.T.);
#495=ORIENTED_EDGE('',*,*,#1520,.T.);
#496=ORIENTED_EDGE('',*,*,#1521,.T.);
#497=ORIENTED_EDGE('',*,*,#1522,.T.);
#498=ORIENTED_EDGE('',*,*,#1523,.F.);
#499=ORIENTED_EDGE('',*,*,#1524,.F.);
#500=ORIENTED_EDGE('',*,*,#1525,.F.);
#501=ORIENTED_EDGE('',*,*,#1526,.T.);
#502=ORIENTED_EDGE('',*,*,#1462,.T.);
#503=ORIENTED_EDGE('',*,*,#1527,.T.);
#504=ORIENTED_EDGE('',*,*,#1528,.F.);
#505=ORIENTED_EDGE('',*,*,#1529,.T.);
#506=ORIENTED_EDGE('',*,*,#1530,.F.);
#507=ORIENTED_EDGE('',*,*,#1531,.F.);
#508=ORIENTED_EDGE('',*,*,#1532,.F.);
#509=ORIENTED_EDGE('',*,*,#1533,.F.);
#510=ORIENTED_EDGE('',*,*,#1534,.T.);
#511=ORIENTED_EDGE('',*,*,#1535,.T.);
#512=ORIENTED_EDGE('',*,*,#1536,.T.);
#513=ORIENTED_EDGE('',*,*,#1537,.F.);
#514=ORIENTED_EDGE('',*,*,#1538,.T.);
#515=ORIENTED_EDGE('',*,*,#1539,.F.);
#516=ORIENTED_EDGE('',*,*,#1540,.F.);
#517=ORIENTED_EDGE('',*,*,#1346,.T.);
#518=ORIENTED_EDGE('',*,*,#1541,.T.);
#519=ORIENTED_EDGE('',*,*,#1542,.T.);
#520=ORIENTED_EDGE('',*,*,#1543,.F.);
#521=ORIENTED_EDGE('',*,*,#1544,.T.);
#522=ORIENTED_EDGE('',*,*,#1545,.F.);
#523=ORIENTED_EDGE('',*,*,#1546,.T.);
#524=ORIENTED_EDGE('',*,*,#1547,.F.);
#525=ORIENTED_EDGE('',*,*,#1548,.T.);
#526=ORIENTED_EDGE('',*,*,#1549,.T.);
#527=ORIENTED_EDGE('',*,*,#1550,.T.);
#528=ORIENTED_EDGE('',*,*,#1551,.T.);
#529=ORIENTED_EDGE('',*,*,#1552,.T.);
#530=ORIENTED_EDGE('',*,*,#1553,.F.);
#531=ORIENTED_EDGE('',*,*,#1554,.T.);
#532=ORIENTED_EDGE('',*,*,#1555,.T.);
#533=ORIENTED_EDGE('',*,*,#1556,.T.);
#534=ORIENTED_EDGE('',*,*,#1557,.T.);
#535=ORIENTED_EDGE('',*,*,#1558,.F.);
#536=ORIENTED_EDGE('',*,*,#1456,.F.);
#537=ORIENTED_EDGE('',*,*,#1559,.T.);
#538=ORIENTED_EDGE('',*,*,#1560,.T.);
#539=ORIENTED_EDGE('',*,*,#1561,.T.);
#540=ORIENTED_EDGE('',*,*,#1562,.F.);
#541=ORIENTED_EDGE('',*,*,#1563,.F.);
#542=ORIENTED_EDGE('',*,*,#1564,.F.);
#543=ORIENTED_EDGE('',*,*,#1565,.F.);
#544=ORIENTED_EDGE('',*,*,#1566,.T.);
#545=ORIENTED_EDGE('',*,*,#1567,.F.);
#546=ORIENTED_EDGE('',*,*,#1568,.T.);
#547=ORIENTED_EDGE('',*,*,#1569,.F.);
#548=ORIENTED_EDGE('',*,*,#1570,.T.);
#549=ORIENTED_EDGE('',*,*,#1334,.F.);
#550=ORIENTED_EDGE('',*,*,#1571,.T.);
#551=ORIENTED_EDGE('',*,*,#1572,.F.);
#552=ORIENTED_EDGE('',*,*,#1573,.F.);
#553=ORIENTED_EDGE('',*,*,#1574,.T.);
#554=ORIENTED_EDGE('',*,*,#1534,.F.);
#555=ORIENTED_EDGE('',*,*,#1575,.F.);
#556=ORIENTED_EDGE('',*,*,#1576,.T.);
#557=ORIENTED_EDGE('',*,*,#1577,.F.);
#558=ORIENTED_EDGE('',*,*,#1578,.T.);
#559=ORIENTED_EDGE('',*,*,#1545,.T.);
#560=ORIENTED_EDGE('',*,*,#1579,.T.);
#561=ORIENTED_EDGE('',*,*,#1580,.T.);
#562=ORIENTED_EDGE('',*,*,#1549,.F.);
#563=ORIENTED_EDGE('',*,*,#1581,.T.);
#564=ORIENTED_EDGE('',*,*,#1582,.T.);
#565=ORIENTED_EDGE('',*,*,#1583,.F.);
#566=ORIENTED_EDGE('',*,*,#1544,.F.);
#567=ORIENTED_EDGE('',*,*,#1584,.F.);
#568=ORIENTED_EDGE('',*,*,#1361,.T.);
#569=ORIENTED_EDGE('',*,*,#1585,.T.);
#570=ORIENTED_EDGE('',*,*,#1579,.F.);
#571=ORIENTED_EDGE('',*,*,#1548,.F.);
#572=ORIENTED_EDGE('',*,*,#1586,.F.);
#573=ORIENTED_EDGE('',*,*,#1587,.T.);
#574=ORIENTED_EDGE('',*,*,#1588,.T.);
#575=ORIENTED_EDGE('',*,*,#1581,.F.);
#576=ORIENTED_EDGE('',*,*,#1589,.F.);
#577=ORIENTED_EDGE('',*,*,#1532,.T.);
#578=ORIENTED_EDGE('',*,*,#1590,.T.);
#579=ORIENTED_EDGE('',*,*,#1591,.F.);
#580=ORIENTED_EDGE('',*,*,#1592,.T.);
#581=ORIENTED_EDGE('',*,*,#1537,.T.);
#582=ORIENTED_EDGE('',*,*,#1593,.T.);
#583=ORIENTED_EDGE('',*,*,#1594,.T.);
#584=ORIENTED_EDGE('',*,*,#1595,.T.);
#585=ORIENTED_EDGE('',*,*,#1463,.F.);
#586=ORIENTED_EDGE('',*,*,#1596,.T.);
#587=ORIENTED_EDGE('',*,*,#1597,.T.);
#588=ORIENTED_EDGE('',*,*,#1598,.F.);
#589=ORIENTED_EDGE('',*,*,#1599,.T.);
#590=ORIENTED_EDGE('',*,*,#1600,.T.);
#591=ORIENTED_EDGE('',*,*,#1601,.T.);
#592=ORIENTED_EDGE('',*,*,#1602,.F.);
#593=ORIENTED_EDGE('',*,*,#1591,.T.);
#594=ORIENTED_EDGE('',*,*,#1603,.T.);
#595=ORIENTED_EDGE('',*,*,#1604,.T.);
#596=ORIENTED_EDGE('',*,*,#1605,.T.);
#597=ORIENTED_EDGE('',*,*,#1606,.T.);
#598=ORIENTED_EDGE('',*,*,#1607,.T.);
#599=ORIENTED_EDGE('',*,*,#1460,.T.);
#600=ORIENTED_EDGE('',*,*,#1608,.T.);
#601=ORIENTED_EDGE('',*,*,#1609,.F.);
#602=ORIENTED_EDGE('',*,*,#1610,.T.);
#603=ORIENTED_EDGE('',*,*,#1611,.T.);
#604=ORIENTED_EDGE('',*,*,#1595,.F.);
#605=ORIENTED_EDGE('',*,*,#1612,.T.);
#606=ORIENTED_EDGE('',*,*,#1613,.T.);
#607=ORIENTED_EDGE('',*,*,#1614,.T.);
#608=ORIENTED_EDGE('',*,*,#1615,.F.);
#609=ORIENTED_EDGE('',*,*,#1616,.T.);
#610=ORIENTED_EDGE('',*,*,#1617,.T.);
#611=ORIENTED_EDGE('',*,*,#1618,.T.);
#612=ORIENTED_EDGE('',*,*,#1348,.T.);
#613=ORIENTED_EDGE('',*,*,#1619,.F.);
#614=ORIENTED_EDGE('',*,*,#1352,.T.);
#615=ORIENTED_EDGE('',*,*,#1620,.T.);
#616=ORIENTED_EDGE('',*,*,#1542,.F.);
#617=ORIENTED_EDGE('',*,*,#1550,.F.);
#618=ORIENTED_EDGE('',*,*,#1583,.T.);
#619=ORIENTED_EDGE('',*,*,#1621,.T.);
#620=ORIENTED_EDGE('',*,*,#1622,.T.);
#621=ORIENTED_EDGE('',*,*,#1588,.F.);
#622=ORIENTED_EDGE('',*,*,#1623,.T.);
#623=ORIENTED_EDGE('',*,*,#1624,.T.);
#624=ORIENTED_EDGE('',*,*,#1625,.F.);
#625=ORIENTED_EDGE('',*,*,#1626,.F.);
#626=ORIENTED_EDGE('',*,*,#1627,.T.);
#627=ORIENTED_EDGE('',*,*,#1628,.T.);
#628=ORIENTED_EDGE('',*,*,#1629,.F.);
#629=ORIENTED_EDGE('',*,*,#1630,.T.);
#630=ORIENTED_EDGE('',*,*,#1631,.T.);
#631=ORIENTED_EDGE('',*,*,#1632,.T.);
#632=ORIENTED_EDGE('',*,*,#1633,.T.);
#633=ORIENTED_EDGE('',*,*,#1634,.F.);
#634=ORIENTED_EDGE('',*,*,#1621,.F.);
#635=ORIENTED_EDGE('',*,*,#1582,.F.);
#636=ORIENTED_EDGE('',*,*,#1465,.F.);
#637=ORIENTED_EDGE('',*,*,#1635,.T.);
#638=ORIENTED_EDGE('',*,*,#1636,.T.);
#639=ORIENTED_EDGE('',*,*,#1637,.F.);
#640=ORIENTED_EDGE('',*,*,#1638,.T.);
#641=ORIENTED_EDGE('',*,*,#1639,.F.);
#642=ORIENTED_EDGE('',*,*,#1640,.T.);
#643=ORIENTED_EDGE('',*,*,#1641,.T.);
#644=ORIENTED_EDGE('',*,*,#1642,.T.);
#645=ORIENTED_EDGE('',*,*,#1610,.F.);
#646=ORIENTED_EDGE('',*,*,#1643,.T.);
#647=ORIENTED_EDGE('',*,*,#1539,.T.);
#648=ORIENTED_EDGE('',*,*,#1644,.F.);
#649=ORIENTED_EDGE('',*,*,#1645,.F.);
#650=ORIENTED_EDGE('',*,*,#1646,.T.);
#651=ORIENTED_EDGE('',*,*,#1647,.T.);
#652=ORIENTED_EDGE('',*,*,#1555,.F.);
#653=ORIENTED_EDGE('',*,*,#1648,.T.);
#654=ORIENTED_EDGE('',*,*,#1630,.F.);
#655=ORIENTED_EDGE('',*,*,#1649,.F.);
#656=ORIENTED_EDGE('',*,*,#1650,.T.);
#657=ORIENTED_EDGE('',*,*,#1651,.T.);
#658=ORIENTED_EDGE('',*,*,#1525,.T.);
#659=ORIENTED_EDGE('',*,*,#1651,.F.);
#660=ORIENTED_EDGE('',*,*,#1652,.T.);
#661=ORIENTED_EDGE('',*,*,#1457,.T.);
#662=ORIENTED_EDGE('',*,*,#1526,.F.);
#663=ORIENTED_EDGE('',*,*,#1647,.F.);
#664=ORIENTED_EDGE('',*,*,#1653,.T.);
#665=ORIENTED_EDGE('',*,*,#1654,.T.);
#666=ORIENTED_EDGE('',*,*,#1556,.F.);
#667=ORIENTED_EDGE('',*,*,#1654,.F.);
#668=ORIENTED_EDGE('',*,*,#1655,.T.);
#669=ORIENTED_EDGE('',*,*,#1656,.T.);
#670=ORIENTED_EDGE('',*,*,#1557,.F.);
#671=ORIENTED_EDGE('',*,*,#1590,.F.);
#672=ORIENTED_EDGE('',*,*,#1531,.T.);
#673=ORIENTED_EDGE('',*,*,#1657,.F.);
#674=ORIENTED_EDGE('',*,*,#1603,.F.);
#675=ORIENTED_EDGE('',*,*,#1530,.T.);
#676=ORIENTED_EDGE('',*,*,#1658,.T.);
#677=ORIENTED_EDGE('',*,*,#1604,.F.);
#678=ORIENTED_EDGE('',*,*,#1657,.T.);
#679=ORIENTED_EDGE('',*,*,#1528,.T.);
#680=ORIENTED_EDGE('',*,*,#1659,.T.);
#681=ORIENTED_EDGE('',*,*,#1606,.F.);
#682=ORIENTED_EDGE('',*,*,#1660,.T.);
#683=ORIENTED_EDGE('',*,*,#1553,.T.);
#684=ORIENTED_EDGE('',*,*,#1661,.T.);
#685=ORIENTED_EDGE('',*,*,#1632,.F.);
#686=ORIENTED_EDGE('',*,*,#1662,.T.);
#687=ORIENTED_EDGE('',*,*,#1634,.T.);
#688=ORIENTED_EDGE('',*,*,#1663,.T.);
#689=ORIENTED_EDGE('',*,*,#1551,.F.);
#690=ORIENTED_EDGE('',*,*,#1622,.F.);
#691=ORIENTED_EDGE('',*,*,#1664,.T.);
#692=ORIENTED_EDGE('',*,*,#1573,.T.);
#693=ORIENTED_EDGE('',*,*,#1665,.T.);
#694=ORIENTED_EDGE('',*,*,#1666,.T.);
#695=ORIENTED_EDGE('',*,*,#1572,.T.);
#696=ORIENTED_EDGE('',*,*,#1667,.T.);
#697=ORIENTED_EDGE('',*,*,#1354,.T.);
#698=ORIENTED_EDGE('',*,*,#1351,.T.);
#699=ORIENTED_EDGE('',*,*,#1645,.T.);
#700=ORIENTED_EDGE('',*,*,#1629,.T.);
#701=ORIENTED_EDGE('',*,*,#1668,.F.);
#702=ORIENTED_EDGE('',*,*,#1641,.F.);
#703=ORIENTED_EDGE('',*,*,#1669,.T.);
#704=ORIENTED_EDGE('',*,*,#1355,.F.);
#705=ORIENTED_EDGE('',*,*,#1668,.T.);
#706=ORIENTED_EDGE('',*,*,#1628,.F.);
#707=ORIENTED_EDGE('',*,*,#1670,.T.);
#708=ORIENTED_EDGE('',*,*,#1349,.F.);
#709=ORIENTED_EDGE('',*,*,#1618,.F.);
#710=ORIENTED_EDGE('',*,*,#1671,.T.);
#711=ORIENTED_EDGE('',*,*,#1608,.F.);
#712=ORIENTED_EDGE('',*,*,#1459,.F.);
#713=ORIENTED_EDGE('',*,*,#1637,.T.);
#714=ORIENTED_EDGE('',*,*,#1672,.T.);
#715=ORIENTED_EDGE('',*,*,#1596,.F.);
#716=ORIENTED_EDGE('',*,*,#1671,.F.);
#717=ORIENTED_EDGE('',*,*,#1617,.F.);
#718=ORIENTED_EDGE('',*,*,#1673,.T.);
#719=ORIENTED_EDGE('',*,*,#1536,.F.);
#720=ORIENTED_EDGE('',*,*,#1674,.F.);
#721=ORIENTED_EDGE('',*,*,#1675,.T.);
#722=ORIENTED_EDGE('',*,*,#1593,.F.);
#723=ORIENTED_EDGE('',*,*,#1586,.T.);
#724=ORIENTED_EDGE('',*,*,#1547,.T.);
#725=ORIENTED_EDGE('',*,*,#1676,.T.);
#726=ORIENTED_EDGE('',*,*,#1677,.T.);
#727=ORIENTED_EDGE('',*,*,#1625,.T.);
#728=ORIENTED_EDGE('',*,*,#1678,.F.);
#729=ORIENTED_EDGE('',*,*,#1358,.T.);
#730=ORIENTED_EDGE('',*,*,#1679,.T.);
#731=ORIENTED_EDGE('',*,*,#1678,.T.);
#732=ORIENTED_EDGE('',*,*,#1624,.F.);
#733=ORIENTED_EDGE('',*,*,#1680,.T.);
#734=ORIENTED_EDGE('',*,*,#1676,.F.);
#735=ORIENTED_EDGE('',*,*,#1546,.F.);
#736=ORIENTED_EDGE('',*,*,#1578,.F.);
#737=ORIENTED_EDGE('',*,*,#1681,.T.);
#738=ORIENTED_EDGE('',*,*,#1359,.F.);
#739=ORIENTED_EDGE('',*,*,#1357,.T.);
#740=ORIENTED_EDGE('',*,*,#1682,.T.);
#741=ORIENTED_EDGE('',*,*,#1639,.T.);
#742=ORIENTED_EDGE('',*,*,#1683,.T.);
#743=ORIENTED_EDGE('',*,*,#1626,.T.);
#744=ORIENTED_EDGE('',*,*,#1679,.F.);
#745=ORIENTED_EDGE('',*,*,#1684,.T.);
#746=ORIENTED_EDGE('',*,*,#1599,.F.);
#747=ORIENTED_EDGE('',*,*,#1685,.F.);
#748=ORIENTED_EDGE('',*,*,#1614,.F.);
#749=ORIENTED_EDGE('',*,*,#1600,.F.);
#750=ORIENTED_EDGE('',*,*,#1684,.F.);
#751=ORIENTED_EDGE('',*,*,#1613,.F.);
#752=ORIENTED_EDGE('',*,*,#1686,.T.);
#753=ORIENTED_EDGE('',*,*,#1674,.T.);
#754=ORIENTED_EDGE('',*,*,#1535,.F.);
#755=ORIENTED_EDGE('',*,*,#1577,.T.);
#756=ORIENTED_EDGE('',*,*,#1687,.T.);
#757=ORIENTED_EDGE('',*,*,#1598,.T.);
#758=ORIENTED_EDGE('',*,*,#1688,.T.);
#759=ORIENTED_EDGE('',*,*,#1635,.F.);
#760=ORIENTED_EDGE('',*,*,#1689,.T.);
#761=ORIENTED_EDGE('',*,*,#1615,.T.);
#762=ORIENTED_EDGE('',*,*,#1685,.T.);
#763=ORIENTED_EDGE('',*,*,#1584,.T.);
#764=ORIENTED_EDGE('',*,*,#1543,.T.);
#765=ORIENTED_EDGE('',*,*,#1620,.F.);
#766=ORIENTED_EDGE('',*,*,#1362,.T.);
#767=ORIENTED_EDGE('',*,*,#1538,.F.);
#768=ORIENTED_EDGE('',*,*,#1592,.F.);
#769=ORIENTED_EDGE('',*,*,#1611,.F.);
#770=ORIENTED_EDGE('',*,*,#1644,.T.);
#771=ORIENTED_EDGE('',*,*,#1575,.T.);
#772=ORIENTED_EDGE('',*,*,#1533,.T.);
#773=ORIENTED_EDGE('',*,*,#1589,.T.);
#774=ORIENTED_EDGE('',*,*,#1602,.T.);
#775=ORIENTED_EDGE('',*,*,#1690,.T.);
#776=ORIENTED_EDGE('',*,*,#1672,.F.);
#777=ORIENTED_EDGE('',*,*,#1636,.F.);
#778=ORIENTED_EDGE('',*,*,#1688,.F.);
#779=ORIENTED_EDGE('',*,*,#1597,.F.);
#780=ORIENTED_EDGE('',*,*,#1687,.F.);
#781=ORIENTED_EDGE('',*,*,#1576,.F.);
#782=ORIENTED_EDGE('',*,*,#1690,.F.);
#783=ORIENTED_EDGE('',*,*,#1601,.F.);
#784=ORIENTED_EDGE('',*,*,#1689,.F.);
#785=ORIENTED_EDGE('',*,*,#1638,.F.);
#786=ORIENTED_EDGE('',*,*,#1673,.F.);
#787=ORIENTED_EDGE('',*,*,#1616,.F.);
#788=ORIENTED_EDGE('',*,*,#1594,.F.);
#789=ORIENTED_EDGE('',*,*,#1675,.F.);
#790=ORIENTED_EDGE('',*,*,#1686,.F.);
#791=ORIENTED_EDGE('',*,*,#1612,.F.);
#792=ORIENTED_EDGE('',*,*,#1585,.F.);
#793=ORIENTED_EDGE('',*,*,#1360,.F.);
#794=ORIENTED_EDGE('',*,*,#1681,.F.);
#795=ORIENTED_EDGE('',*,*,#1580,.F.);
#796=ORIENTED_EDGE('',*,*,#1680,.F.);
#797=ORIENTED_EDGE('',*,*,#1623,.F.);
#798=ORIENTED_EDGE('',*,*,#1587,.F.);
#799=ORIENTED_EDGE('',*,*,#1677,.F.);
#800=ORIENTED_EDGE('',*,*,#1682,.F.);
#801=ORIENTED_EDGE('',*,*,#1356,.F.);
#802=ORIENTED_EDGE('',*,*,#1669,.F.);
#803=ORIENTED_EDGE('',*,*,#1640,.F.);
#804=ORIENTED_EDGE('',*,*,#1670,.F.);
#805=ORIENTED_EDGE('',*,*,#1627,.F.);
#806=ORIENTED_EDGE('',*,*,#1683,.F.);
#807=ORIENTED_EDGE('',*,*,#1642,.F.);
#808=ORIENTED_EDGE('',*,*,#1691,.T.);
#809=ORIENTED_EDGE('',*,*,#1692,.T.);
#810=ORIENTED_EDGE('',*,*,#1693,.T.);
#811=ORIENTED_EDGE('',*,*,#1694,.T.);
#812=ORIENTED_EDGE('',*,*,#1695,.T.);
#813=ORIENTED_EDGE('',*,*,#1696,.T.);
#814=ORIENTED_EDGE('',*,*,#1697,.T.);
#815=ORIENTED_EDGE('',*,*,#1370,.T.);
#816=ORIENTED_EDGE('',*,*,#1698,.T.);
#817=ORIENTED_EDGE('',*,*,#1699,.T.);
#818=ORIENTED_EDGE('',*,*,#1700,.T.);
#819=ORIENTED_EDGE('',*,*,#1701,.T.);
#820=ORIENTED_EDGE('',*,*,#1702,.T.);
#821=ORIENTED_EDGE('',*,*,#1703,.T.);
#822=ORIENTED_EDGE('',*,*,#1704,.T.);
#823=ORIENTED_EDGE('',*,*,#1366,.T.);
#824=ORIENTED_EDGE('',*,*,#1705,.T.);
#825=ORIENTED_EDGE('',*,*,#1380,.T.);
#826=ORIENTED_EDGE('',*,*,#1706,.T.);
#827=ORIENTED_EDGE('',*,*,#1707,.T.);
#828=ORIENTED_EDGE('',*,*,#1708,.T.);
#829=ORIENTED_EDGE('',*,*,#1376,.T.);
#830=ORIENTED_EDGE('',*,*,#1709,.T.);
#831=ORIENTED_EDGE('',*,*,#1710,.T.);
#832=ORIENTED_EDGE('',*,*,#1711,.T.);
#833=ORIENTED_EDGE('',*,*,#1712,.T.);
#834=ORIENTED_EDGE('',*,*,#1713,.T.);
#835=ORIENTED_EDGE('',*,*,#1714,.T.);
#836=ORIENTED_EDGE('',*,*,#1715,.T.);
#837=ORIENTED_EDGE('',*,*,#1716,.T.);
#838=ORIENTED_EDGE('',*,*,#1717,.T.);
#839=ORIENTED_EDGE('',*,*,#1718,.T.);
#840=ORIENTED_EDGE('',*,*,#1719,.F.);
#841=ORIENTED_EDGE('',*,*,#1713,.F.);
#842=ORIENTED_EDGE('',*,*,#1720,.F.);
#843=ORIENTED_EDGE('',*,*,#1721,.F.);
#844=ORIENTED_EDGE('',*,*,#1516,.F.);
#845=ORIENTED_EDGE('',*,*,#1511,.T.);
#846=ORIENTED_EDGE('',*,*,#1330,.F.);
#847=ORIENTED_EDGE('',*,*,#1382,.T.);
#848=ORIENTED_EDGE('',*,*,#1722,.T.);
#849=ORIENTED_EDGE('',*,*,#1723,.F.);
#850=ORIENTED_EDGE('',*,*,#1364,.F.);
#851=ORIENTED_EDGE('',*,*,#1335,.T.);
#852=ORIENTED_EDGE('',*,*,#1570,.F.);
#853=ORIENTED_EDGE('',*,*,#1724,.F.);
#854=ORIENTED_EDGE('',*,*,#1725,.F.);
#855=ORIENTED_EDGE('',*,*,#1377,.F.);
#856=ORIENTED_EDGE('',*,*,#1708,.F.);
#857=ORIENTED_EDGE('',*,*,#1726,.T.);
#858=ORIENTED_EDGE('',*,*,#1717,.F.);
#859=ORIENTED_EDGE('',*,*,#1727,.T.);
#860=ORIENTED_EDGE('',*,*,#1728,.F.);
#861=ORIENTED_EDGE('',*,*,#1378,.T.);
#862=ORIENTED_EDGE('',*,*,#1725,.T.);
#863=ORIENTED_EDGE('',*,*,#1369,.F.);
#864=ORIENTED_EDGE('',*,*,#1729,.T.);
#865=ORIENTED_EDGE('',*,*,#1730,.F.);
#866=ORIENTED_EDGE('',*,*,#1693,.F.);
#867=ORIENTED_EDGE('',*,*,#1731,.F.);
#868=ORIENTED_EDGE('',*,*,#1695,.F.);
#869=ORIENTED_EDGE('',*,*,#1368,.F.);
#870=ORIENTED_EDGE('',*,*,#1732,.T.);
#871=ORIENTED_EDGE('',*,*,#1733,.F.);
#872=ORIENTED_EDGE('',*,*,#1729,.F.);
#873=ORIENTED_EDGE('',*,*,#1568,.F.);
#874=ORIENTED_EDGE('',*,*,#1734,.F.);
#875=ORIENTED_EDGE('',*,*,#1703,.F.);
#876=ORIENTED_EDGE('',*,*,#1735,.F.);
#877=ORIENTED_EDGE('',*,*,#1719,.T.);
#878=ORIENTED_EDGE('',*,*,#1515,.T.);
#879=ORIENTED_EDGE('',*,*,#1736,.T.);
#880=ORIENTED_EDGE('',*,*,#1714,.F.);
#881=ORIENTED_EDGE('',*,*,#1737,.F.);
#882=ORIENTED_EDGE('',*,*,#1709,.F.);
#883=ORIENTED_EDGE('',*,*,#1375,.T.);
#884=ORIENTED_EDGE('',*,*,#1738,.T.);
#885=ORIENTED_EDGE('',*,*,#1739,.T.);
#886=ORIENTED_EDGE('',*,*,#1715,.F.);
#887=ORIENTED_EDGE('',*,*,#1342,.T.);
#888=ORIENTED_EDGE('',*,*,#1740,.T.);
#889=ORIENTED_EDGE('',*,*,#1741,.T.);
#890=ORIENTED_EDGE('',*,*,#1738,.F.);
#891=ORIENTED_EDGE('',*,*,#1374,.T.);
#892=ORIENTED_EDGE('',*,*,#1742,.T.);
#893=ORIENTED_EDGE('',*,*,#1691,.F.);
#894=ORIENTED_EDGE('',*,*,#1743,.T.);
#895=ORIENTED_EDGE('',*,*,#1744,.F.);
#896=ORIENTED_EDGE('',*,*,#1371,.T.);
#897=ORIENTED_EDGE('',*,*,#1697,.F.);
#898=ORIENTED_EDGE('',*,*,#1372,.F.);
#899=ORIENTED_EDGE('',*,*,#1744,.T.);
#900=ORIENTED_EDGE('',*,*,#1745,.F.);
#901=ORIENTED_EDGE('',*,*,#1453,.F.);
#902=ORIENTED_EDGE('',*,*,#1340,.F.);
#903=ORIENTED_EDGE('',*,*,#1562,.T.);
#904=ORIENTED_EDGE('',*,*,#1746,.T.);
#905=ORIENTED_EDGE('',*,*,#1747,.F.);
#906=ORIENTED_EDGE('',*,*,#1748,.T.);
#907=ORIENTED_EDGE('',*,*,#1749,.T.);
#908=ORIENTED_EDGE('',*,*,#1750,.T.);
#909=ORIENTED_EDGE('',*,*,#1560,.F.);
#910=ORIENTED_EDGE('',*,*,#1751,.T.);
#911=ORIENTED_EDGE('',*,*,#1521,.F.);
#912=ORIENTED_EDGE('',*,*,#1752,.T.);
#913=ORIENTED_EDGE('',*,*,#1753,.T.);
#914=ORIENTED_EDGE('',*,*,#1754,.T.);
#915=ORIENTED_EDGE('',*,*,#1755,.T.);
#916=ORIENTED_EDGE('',*,*,#1756,.T.);
#917=ORIENTED_EDGE('',*,*,#1519,.F.);
#918=ORIENTED_EDGE('',*,*,#1757,.F.);
#919=ORIENTED_EDGE('',*,*,#1758,.T.);
#920=ORIENTED_EDGE('',*,*,#1759,.T.);
#921=ORIENTED_EDGE('',*,*,#1757,.T.);
#922=ORIENTED_EDGE('',*,*,#1518,.F.);
#923=ORIENTED_EDGE('',*,*,#1656,.F.);
#924=ORIENTED_EDGE('',*,*,#1760,.T.);
#925=ORIENTED_EDGE('',*,*,#1451,.T.);
#926=ORIENTED_EDGE('',*,*,#1558,.T.);
#927=ORIENTED_EDGE('',*,*,#1761,.F.);
#928=ORIENTED_EDGE('',*,*,#1762,.T.);
#929=ORIENTED_EDGE('',*,*,#1649,.T.);
#930=ORIENTED_EDGE('',*,*,#1524,.T.);
#931=ORIENTED_EDGE('',*,*,#1740,.F.);
#932=ORIENTED_EDGE('',*,*,#1763,.T.);
#933=ORIENTED_EDGE('',*,*,#1761,.T.);
#934=ORIENTED_EDGE('',*,*,#1523,.T.);
#935=ORIENTED_EDGE('',*,*,#1764,.T.);
#936=ORIENTED_EDGE('',*,*,#1765,.T.);
#937=ORIENTED_EDGE('',*,*,#1731,.T.);
#938=ORIENTED_EDGE('',*,*,#1692,.F.);
#939=ORIENTED_EDGE('',*,*,#1742,.F.);
#940=ORIENTED_EDGE('',*,*,#1696,.F.);
#941=ORIENTED_EDGE('',*,*,#1726,.F.);
#942=ORIENTED_EDGE('',*,*,#1710,.F.);
#943=ORIENTED_EDGE('',*,*,#1737,.T.);
#944=ORIENTED_EDGE('',*,*,#1718,.F.);
#945=ORIENTED_EDGE('',*,*,#1766,.T.);
#946=ORIENTED_EDGE('',*,*,#1767,.T.);
#947=ORIENTED_EDGE('',*,*,#1768,.T.);
#948=ORIENTED_EDGE('',*,*,#1747,.T.);
#949=ORIENTED_EDGE('',*,*,#1769,.T.);
#950=ORIENTED_EDGE('',*,*,#1749,.F.);
#951=ORIENTED_EDGE('',*,*,#1770,.T.);
#952=ORIENTED_EDGE('',*,*,#1454,.F.);
#953=ORIENTED_EDGE('',*,*,#1745,.T.);
#954=ORIENTED_EDGE('',*,*,#1743,.F.);
#955=ORIENTED_EDGE('',*,*,#1694,.F.);
#956=ORIENTED_EDGE('',*,*,#1730,.T.);
#957=ORIENTED_EDGE('',*,*,#1733,.T.);
#958=ORIENTED_EDGE('',*,*,#1771,.F.);
#959=ORIENTED_EDGE('',*,*,#1701,.F.);
#960=ORIENTED_EDGE('',*,*,#1467,.T.);
#961=ORIENTED_EDGE('',*,*,#1563,.T.);
#962=ORIENTED_EDGE('',*,*,#1748,.F.);
#963=ORIENTED_EDGE('',*,*,#1768,.F.);
#964=ORIENTED_EDGE('',*,*,#1772,.F.);
#965=ORIENTED_EDGE('',*,*,#1469,.T.);
#966=ORIENTED_EDGE('',*,*,#1739,.F.);
#967=ORIENTED_EDGE('',*,*,#1741,.F.);
#968=ORIENTED_EDGE('',*,*,#1765,.F.);
#969=ORIENTED_EDGE('',*,*,#1773,.T.);
#970=ORIENTED_EDGE('',*,*,#1753,.F.);
#971=ORIENTED_EDGE('',*,*,#1774,.T.);
#972=ORIENTED_EDGE('',*,*,#1755,.F.);
#973=ORIENTED_EDGE('',*,*,#1759,.F.);
#974=ORIENTED_EDGE('',*,*,#1775,.F.);
#975=ORIENTED_EDGE('',*,*,#1720,.T.);
#976=ORIENTED_EDGE('',*,*,#1712,.F.);
#977=ORIENTED_EDGE('',*,*,#1776,.F.);
#978=ORIENTED_EDGE('',*,*,#1727,.F.);
#979=ORIENTED_EDGE('',*,*,#1724,.T.);
#980=ORIENTED_EDGE('',*,*,#1716,.F.);
#981=ORIENTED_EDGE('',*,*,#1722,.F.);
#982=ORIENTED_EDGE('',*,*,#1381,.F.);
#983=ORIENTED_EDGE('',*,*,#1705,.F.);
#984=ORIENTED_EDGE('',*,*,#1777,.F.);
#985=ORIENTED_EDGE('',*,*,#1512,.F.);
#986=ORIENTED_EDGE('',*,*,#1721,.T.);
#987=ORIENTED_EDGE('',*,*,#1775,.T.);
#988=ORIENTED_EDGE('',*,*,#1758,.F.);
#989=ORIENTED_EDGE('',*,*,#1517,.F.);
#990=ORIENTED_EDGE('',*,*,#1565,.T.);
#991=ORIENTED_EDGE('',*,*,#1778,.T.);
#992=ORIENTED_EDGE('',*,*,#1766,.F.);
#993=ORIENTED_EDGE('',*,*,#1700,.F.);
#994=ORIENTED_EDGE('',*,*,#1779,.T.);
#995=ORIENTED_EDGE('',*,*,#1569,.T.);
#996=ORIENTED_EDGE('',*,*,#1735,.T.);
#997=ORIENTED_EDGE('',*,*,#1702,.F.);
#998=ORIENTED_EDGE('',*,*,#1365,.F.);
#999=ORIENTED_EDGE('',*,*,#1723,.T.);
#1000=ORIENTED_EDGE('',*,*,#1564,.T.);
#1001=ORIENTED_EDGE('',*,*,#1772,.T.);
#1002=ORIENTED_EDGE('',*,*,#1767,.F.);
#1003=ORIENTED_EDGE('',*,*,#1778,.F.);
#1004=ORIENTED_EDGE('',*,*,#1728,.T.);
#1005=ORIENTED_EDGE('',*,*,#1776,.T.);
#1006=ORIENTED_EDGE('',*,*,#1711,.F.);
#1007=ORIENTED_EDGE('',*,*,#1736,.F.);
#1008=ORIENTED_EDGE('',*,*,#1514,.T.);
#1009=ORIENTED_EDGE('',*,*,#1780,.F.);
#1010=ORIENTED_EDGE('',*,*,#1706,.F.);
#1011=ORIENTED_EDGE('',*,*,#1379,.T.);
#1012=ORIENTED_EDGE('',*,*,#1732,.F.);
#1013=ORIENTED_EDGE('',*,*,#1367,.T.);
#1014=ORIENTED_EDGE('',*,*,#1704,.F.);
#1015=ORIENTED_EDGE('',*,*,#1734,.T.);
#1016=ORIENTED_EDGE('',*,*,#1567,.T.);
#1017=ORIENTED_EDGE('',*,*,#1781,.T.);
#1018=ORIENTED_EDGE('',*,*,#1698,.F.);
#1019=ORIENTED_EDGE('',*,*,#1771,.T.);
#1020=ORIENTED_EDGE('',*,*,#1566,.F.);
#1021=ORIENTED_EDGE('',*,*,#1779,.F.);
#1022=ORIENTED_EDGE('',*,*,#1699,.F.);
#1023=ORIENTED_EDGE('',*,*,#1781,.F.);
#1024=ORIENTED_EDGE('',*,*,#1780,.T.);
#1025=ORIENTED_EDGE('',*,*,#1513,.T.);
#1026=ORIENTED_EDGE('',*,*,#1777,.T.);
#1027=ORIENTED_EDGE('',*,*,#1707,.F.);
#1028=ORIENTED_EDGE('',*,*,#1782,.T.);
#1029=ORIENTED_EDGE('',*,*,#1783,.T.);
#1030=ORIENTED_EDGE('',*,*,#1571,.F.);
#1031=ORIENTED_EDGE('',*,*,#1784,.T.);
#1032=ORIENTED_EDGE('',*,*,#1574,.F.);
#1033=ORIENTED_EDGE('',*,*,#1785,.T.);
#1034=ORIENTED_EDGE('',*,*,#1495,.F.);
#1035=ORIENTED_EDGE('',*,*,#1438,.F.);
#1036=ORIENTED_EDGE('',*,*,#1786,.T.);
#1037=ORIENTED_EDGE('',*,*,#1436,.T.);
#1038=ORIENTED_EDGE('',*,*,#1497,.T.);
#1039=ORIENTED_EDGE('',*,*,#1787,.T.);
#1040=ORIENTED_EDGE('',*,*,#1410,.T.);
#1041=ORIENTED_EDGE('',*,*,#1788,.F.);
#1042=ORIENTED_EDGE('',*,*,#1789,.F.);
#1043=ORIENTED_EDGE('',*,*,#1790,.T.);
#1044=ORIENTED_EDGE('',*,*,#1409,.T.);
#1045=ORIENTED_EDGE('',*,*,#1791,.F.);
#1046=ORIENTED_EDGE('',*,*,#1792,.F.);
#1047=ORIENTED_EDGE('',*,*,#1788,.T.);
#1048=ORIENTED_EDGE('',*,*,#1414,.T.);
#1049=ORIENTED_EDGE('',*,*,#1793,.F.);
#1050=ORIENTED_EDGE('',*,*,#1794,.F.);
#1051=ORIENTED_EDGE('',*,*,#1791,.T.);
#1052=ORIENTED_EDGE('',*,*,#1413,.T.);
#1053=ORIENTED_EDGE('',*,*,#1795,.F.);
#1054=ORIENTED_EDGE('',*,*,#1796,.F.);
#1055=ORIENTED_EDGE('',*,*,#1793,.T.);
#1056=ORIENTED_EDGE('',*,*,#1412,.T.);
#1057=ORIENTED_EDGE('',*,*,#1797,.F.);
#1058=ORIENTED_EDGE('',*,*,#1798,.F.);
#1059=ORIENTED_EDGE('',*,*,#1795,.T.);
#1060=ORIENTED_EDGE('',*,*,#1411,.T.);
#1061=ORIENTED_EDGE('',*,*,#1790,.F.);
#1062=ORIENTED_EDGE('',*,*,#1799,.F.);
#1063=ORIENTED_EDGE('',*,*,#1797,.T.);
#1064=ORIENTED_EDGE('',*,*,#1470,.F.);
#1065=ORIENTED_EDGE('',*,*,#1789,.T.);
#1066=ORIENTED_EDGE('',*,*,#1792,.T.);
#1067=ORIENTED_EDGE('',*,*,#1794,.T.);
#1068=ORIENTED_EDGE('',*,*,#1796,.T.);
#1069=ORIENTED_EDGE('',*,*,#1798,.T.);
#1070=ORIENTED_EDGE('',*,*,#1799,.T.);
#1071=ORIENTED_EDGE('',*,*,#1421,.F.);
#1072=ORIENTED_EDGE('',*,*,#1800,.F.);
#1073=ORIENTED_EDGE('',*,*,#1801,.T.);
#1074=ORIENTED_EDGE('',*,*,#1802,.T.);
#1075=ORIENTED_EDGE('',*,*,#1426,.F.);
#1076=ORIENTED_EDGE('',*,*,#1803,.F.);
#1077=ORIENTED_EDGE('',*,*,#1804,.T.);
#1078=ORIENTED_EDGE('',*,*,#1800,.T.);
#1079=ORIENTED_EDGE('',*,*,#1425,.F.);
#1080=ORIENTED_EDGE('',*,*,#1805,.F.);
#1081=ORIENTED_EDGE('',*,*,#1806,.T.);
#1082=ORIENTED_EDGE('',*,*,#1803,.T.);
#1083=ORIENTED_EDGE('',*,*,#1424,.F.);
#1084=ORIENTED_EDGE('',*,*,#1807,.F.);
#1085=ORIENTED_EDGE('',*,*,#1808,.T.);
#1086=ORIENTED_EDGE('',*,*,#1805,.T.);
#1087=ORIENTED_EDGE('',*,*,#1423,.F.);
#1088=ORIENTED_EDGE('',*,*,#1809,.F.);
#1089=ORIENTED_EDGE('',*,*,#1810,.T.);
#1090=ORIENTED_EDGE('',*,*,#1807,.T.);
#1091=ORIENTED_EDGE('',*,*,#1422,.F.);
#1092=ORIENTED_EDGE('',*,*,#1802,.F.);
#1093=ORIENTED_EDGE('',*,*,#1811,.T.);
#1094=ORIENTED_EDGE('',*,*,#1809,.T.);
#1095=ORIENTED_EDGE('',*,*,#1801,.F.);
#1096=ORIENTED_EDGE('',*,*,#1804,.F.);
#1097=ORIENTED_EDGE('',*,*,#1806,.F.);
#1098=ORIENTED_EDGE('',*,*,#1808,.F.);
#1099=ORIENTED_EDGE('',*,*,#1810,.F.);
#1100=ORIENTED_EDGE('',*,*,#1811,.F.);
#1101=ORIENTED_EDGE('',*,*,#1468,.T.);
#1102=ORIENTED_EDGE('',*,*,#1416,.T.);
#1103=ORIENTED_EDGE('',*,*,#1812,.F.);
#1104=ORIENTED_EDGE('',*,*,#1813,.F.);
#1105=ORIENTED_EDGE('',*,*,#1814,.T.);
#1106=ORIENTED_EDGE('',*,*,#1415,.T.);
#1107=ORIENTED_EDGE('',*,*,#1815,.F.);
#1108=ORIENTED_EDGE('',*,*,#1816,.F.);
#1109=ORIENTED_EDGE('',*,*,#1812,.T.);
#1110=ORIENTED_EDGE('',*,*,#1420,.T.);
#1111=ORIENTED_EDGE('',*,*,#1817,.F.);
#1112=ORIENTED_EDGE('',*,*,#1818,.F.);
#1113=ORIENTED_EDGE('',*,*,#1815,.T.);
#1114=ORIENTED_EDGE('',*,*,#1419,.T.);
#1115=ORIENTED_EDGE('',*,*,#1819,.F.);
#1116=ORIENTED_EDGE('',*,*,#1820,.F.);
#1117=ORIENTED_EDGE('',*,*,#1817,.T.);
#1118=ORIENTED_EDGE('',*,*,#1418,.T.);
#1119=ORIENTED_EDGE('',*,*,#1821,.F.);
#1120=ORIENTED_EDGE('',*,*,#1822,.F.);
#1121=ORIENTED_EDGE('',*,*,#1819,.T.);
#1122=ORIENTED_EDGE('',*,*,#1417,.T.);
#1123=ORIENTED_EDGE('',*,*,#1814,.F.);
#1124=ORIENTED_EDGE('',*,*,#1823,.F.);
#1125=ORIENTED_EDGE('',*,*,#1821,.T.);
#1126=ORIENTED_EDGE('',*,*,#1466,.T.);
#1127=ORIENTED_EDGE('',*,*,#1813,.T.);
#1128=ORIENTED_EDGE('',*,*,#1816,.T.);
#1129=ORIENTED_EDGE('',*,*,#1818,.T.);
#1130=ORIENTED_EDGE('',*,*,#1820,.T.);
#1131=ORIENTED_EDGE('',*,*,#1822,.T.);
#1132=ORIENTED_EDGE('',*,*,#1823,.T.);
#1133=ORIENTED_EDGE('',*,*,#1403,.F.);
#1134=ORIENTED_EDGE('',*,*,#1824,.F.);
#1135=ORIENTED_EDGE('',*,*,#1825,.T.);
#1136=ORIENTED_EDGE('',*,*,#1826,.T.);
#1137=ORIENTED_EDGE('',*,*,#1408,.F.);
#1138=ORIENTED_EDGE('',*,*,#1827,.F.);
#1139=ORIENTED_EDGE('',*,*,#1828,.T.);
#1140=ORIENTED_EDGE('',*,*,#1824,.T.);
#1141=ORIENTED_EDGE('',*,*,#1407,.F.);
#1142=ORIENTED_EDGE('',*,*,#1829,.F.);
#1143=ORIENTED_EDGE('',*,*,#1830,.T.);
#1144=ORIENTED_EDGE('',*,*,#1827,.T.);
#1145=ORIENTED_EDGE('',*,*,#1406,.F.);
#1146=ORIENTED_EDGE('',*,*,#1831,.F.);
#1147=ORIENTED_EDGE('',*,*,#1832,.T.);
#1148=ORIENTED_EDGE('',*,*,#1829,.T.);
#1149=ORIENTED_EDGE('',*,*,#1405,.F.);
#1150=ORIENTED_EDGE('',*,*,#1833,.F.);
#1151=ORIENTED_EDGE('',*,*,#1834,.T.);
#1152=ORIENTED_EDGE('',*,*,#1831,.T.);
#1153=ORIENTED_EDGE('',*,*,#1404,.F.);
#1154=ORIENTED_EDGE('',*,*,#1826,.F.);
#1155=ORIENTED_EDGE('',*,*,#1835,.T.);
#1156=ORIENTED_EDGE('',*,*,#1833,.T.);
#1157=ORIENTED_EDGE('',*,*,#1825,.F.);
#1158=ORIENTED_EDGE('',*,*,#1828,.F.);
#1159=ORIENTED_EDGE('',*,*,#1830,.F.);
#1160=ORIENTED_EDGE('',*,*,#1832,.F.);
#1161=ORIENTED_EDGE('',*,*,#1834,.F.);
#1162=ORIENTED_EDGE('',*,*,#1835,.F.);
#1163=ORIENTED_EDGE('',*,*,#1464,.T.);
#1164=ORIENTED_EDGE('',*,*,#1782,.F.);
#1165=ORIENTED_EDGE('',*,*,#1783,.F.);
#1166=ORIENTED_EDGE('',*,*,#1785,.F.);
#1167=ORIENTED_EDGE('',*,*,#1784,.F.);
#1168=ORIENTED_EDGE('',*,*,#1666,.F.);
#1169=ORIENTED_EDGE('',*,*,#1667,.F.);
#1170=ORIENTED_EDGE('',*,*,#1664,.F.);
#1171=ORIENTED_EDGE('',*,*,#1665,.F.);
#1172=ORIENTED_EDGE('',*,*,#1499,.F.);
#1173=ORIENTED_EDGE('',*,*,#1836,.T.);
#1174=ORIENTED_EDGE('',*,*,#1489,.F.);
#1175=ORIENTED_EDGE('',*,*,#1837,.F.);
#1176=ORIENTED_EDGE('',*,*,#1487,.F.);
#1177=ORIENTED_EDGE('',*,*,#1838,.T.);
#1178=ORIENTED_EDGE('',*,*,#1501,.F.);
#1179=ORIENTED_EDGE('',*,*,#1839,.F.);
#1180=ORIENTED_EDGE('',*,*,#1471,.F.);
#1181=ORIENTED_EDGE('',*,*,#1840,.T.);
#1182=ORIENTED_EDGE('',*,*,#1485,.F.);
#1183=ORIENTED_EDGE('',*,*,#1841,.F.);
#1184=ORIENTED_EDGE('',*,*,#1483,.F.);
#1185=ORIENTED_EDGE('',*,*,#1842,.T.);
#1186=ORIENTED_EDGE('',*,*,#1481,.F.);
#1187=ORIENTED_EDGE('',*,*,#1843,.F.);
#1188=ORIENTED_EDGE('',*,*,#1844,.F.);
#1189=ORIENTED_EDGE('',*,*,#1400,.F.);
#1190=ORIENTED_EDGE('',*,*,#1845,.F.);
#1191=ORIENTED_EDGE('',*,*,#1760,.F.);
#1192=ORIENTED_EDGE('',*,*,#1845,.T.);
#1193=ORIENTED_EDGE('',*,*,#1399,.F.);
#1194=ORIENTED_EDGE('',*,*,#1846,.F.);
#1195=ORIENTED_EDGE('',*,*,#1763,.F.);
#1196=ORIENTED_EDGE('',*,*,#1341,.F.);
#1197=ORIENTED_EDGE('',*,*,#1452,.F.);
#1198=ORIENTED_EDGE('',*,*,#1844,.T.);
#1199=ORIENTED_EDGE('',*,*,#1655,.F.);
#1200=ORIENTED_EDGE('',*,*,#1847,.F.);
#1201=ORIENTED_EDGE('',*,*,#1401,.F.);
#1202=ORIENTED_EDGE('',*,*,#1846,.T.);
#1203=ORIENTED_EDGE('',*,*,#1398,.F.);
#1204=ORIENTED_EDGE('',*,*,#1848,.F.);
#1205=ORIENTED_EDGE('',*,*,#1762,.F.);
#1206=ORIENTED_EDGE('',*,*,#1847,.T.);
#1207=ORIENTED_EDGE('',*,*,#1653,.F.);
#1208=ORIENTED_EDGE('',*,*,#1849,.F.);
#1209=ORIENTED_EDGE('',*,*,#1402,.F.);
#1210=ORIENTED_EDGE('',*,*,#1848,.T.);
#1211=ORIENTED_EDGE('',*,*,#1397,.F.);
#1212=ORIENTED_EDGE('',*,*,#1850,.F.);
#1213=ORIENTED_EDGE('',*,*,#1650,.F.);
#1214=ORIENTED_EDGE('',*,*,#1350,.F.);
#1215=ORIENTED_EDGE('',*,*,#1458,.F.);
#1216=ORIENTED_EDGE('',*,*,#1851,.F.);
#1217=ORIENTED_EDGE('',*,*,#1395,.F.);
#1218=ORIENTED_EDGE('',*,*,#1849,.T.);
#1219=ORIENTED_EDGE('',*,*,#1646,.F.);
#1220=ORIENTED_EDGE('',*,*,#1850,.T.);
#1221=ORIENTED_EDGE('',*,*,#1396,.F.);
#1222=ORIENTED_EDGE('',*,*,#1851,.T.);
#1223=ORIENTED_EDGE('',*,*,#1652,.F.);
#1224=ORIENTED_EDGE('',*,*,#1442,.F.);
#1225=ORIENTED_EDGE('',*,*,#1479,.F.);
#1226=ORIENTED_EDGE('',*,*,#1446,.F.);
#1227=ORIENTED_EDGE('',*,*,#1393,.F.);
#1228=ORIENTED_EDGE('',*,*,#1448,.F.);
#1229=ORIENTED_EDGE('',*,*,#1473,.F.);
#1230=ORIENTED_EDGE('',*,*,#1439,.F.);
#1231=ORIENTED_EDGE('',*,*,#1387,.F.);
#1232=ORIENTED_EDGE('',*,*,#1786,.F.);
#1233=ORIENTED_EDGE('',*,*,#1437,.F.);
#1234=ORIENTED_EDGE('',*,*,#1787,.F.);
#1235=ORIENTED_EDGE('',*,*,#1496,.F.);
#1236=ORIENTED_EDGE('',*,*,#1450,.F.);
#1237=ORIENTED_EDGE('',*,*,#1431,.F.);
#1238=ORIENTED_EDGE('',*,*,#1444,.F.);
#1239=ORIENTED_EDGE('',*,*,#1503,.F.);
#1240=ORIENTED_EDGE('',*,*,#1769,.F.);
#1241=ORIENTED_EDGE('',*,*,#1746,.F.);
#1242=ORIENTED_EDGE('',*,*,#1561,.F.);
#1243=ORIENTED_EDGE('',*,*,#1750,.F.);
#1244=ORIENTED_EDGE('',*,*,#1770,.F.);
#1245=ORIENTED_EDGE('',*,*,#1751,.F.);
#1246=ORIENTED_EDGE('',*,*,#1559,.F.);
#1247=ORIENTED_EDGE('',*,*,#1455,.F.);
#1248=ORIENTED_EDGE('',*,*,#1633,.F.);
#1249=ORIENTED_EDGE('',*,*,#1661,.F.);
#1250=ORIENTED_EDGE('',*,*,#1552,.F.);
#1251=ORIENTED_EDGE('',*,*,#1663,.F.);
#1252=ORIENTED_EDGE('',*,*,#1631,.F.);
#1253=ORIENTED_EDGE('',*,*,#1648,.F.);
#1254=ORIENTED_EDGE('',*,*,#1554,.F.);
#1255=ORIENTED_EDGE('',*,*,#1662,.F.);
#1256=ORIENTED_EDGE('',*,*,#1607,.F.);
#1257=ORIENTED_EDGE('',*,*,#1659,.F.);
#1258=ORIENTED_EDGE('',*,*,#1527,.F.);
#1259=ORIENTED_EDGE('',*,*,#1461,.F.);
#1260=ORIENTED_EDGE('',*,*,#1605,.F.);
#1261=ORIENTED_EDGE('',*,*,#1658,.F.);
#1262=ORIENTED_EDGE('',*,*,#1529,.F.);
#1263=ORIENTED_EDGE('',*,*,#1660,.F.);
#1264=ORIENTED_EDGE('',*,*,#1774,.F.);
#1265=ORIENTED_EDGE('',*,*,#1752,.F.);
#1266=ORIENTED_EDGE('',*,*,#1520,.F.);
#1267=ORIENTED_EDGE('',*,*,#1756,.F.);
#1268=ORIENTED_EDGE('',*,*,#1773,.F.);
#1269=ORIENTED_EDGE('',*,*,#1764,.F.);
#1270=ORIENTED_EDGE('',*,*,#1522,.F.);
#1271=ORIENTED_EDGE('',*,*,#1754,.F.);
#1272=ORIENTED_EDGE('',*,*,#1852,.T.);
#1273=ORIENTED_EDGE('',*,*,#1490,.F.);
#1274=ORIENTED_EDGE('',*,*,#1836,.F.);
#1275=ORIENTED_EDGE('',*,*,#1498,.F.);
#1276=ORIENTED_EDGE('',*,*,#1434,.T.);
#1277=ORIENTED_EDGE('',*,*,#1502,.T.);
#1278=ORIENTED_EDGE('',*,*,#1838,.F.);
#1279=ORIENTED_EDGE('',*,*,#1507,.F.);
#1280=ORIENTED_EDGE('',*,*,#1494,.T.);
#1281=ORIENTED_EDGE('',*,*,#1477,.F.);
#1282=ORIENTED_EDGE('',*,*,#1505,.T.);
#1283=ORIENTED_EDGE('',*,*,#1474,.T.);
#1284=ORIENTED_EDGE('',*,*,#1384,.T.);
#1285=ORIENTED_EDGE('',*,*,#1482,.T.);
#1286=ORIENTED_EDGE('',*,*,#1842,.F.);
#1287=ORIENTED_EDGE('',*,*,#1486,.T.);
#1288=ORIENTED_EDGE('',*,*,#1840,.F.);
#1289=ORIENTED_EDGE('',*,*,#1853,.T.);
#1290=ORIENTED_EDGE('',*,*,#1853,.F.);
#1291=ORIENTED_EDGE('',*,*,#1854,.T.);
#1292=ORIENTED_EDGE('',*,*,#1855,.F.);
#1293=ORIENTED_EDGE('',*,*,#1488,.T.);
#1294=ORIENTED_EDGE('',*,*,#1839,.T.);
#1295=ORIENTED_EDGE('',*,*,#1504,.F.);
#1296=ORIENTED_EDGE('',*,*,#1428,.F.);
#1297=ORIENTED_EDGE('',*,*,#1500,.T.);
#1298=ORIENTED_EDGE('',*,*,#1837,.T.);
#1299=ORIENTED_EDGE('',*,*,#1508,.T.);
#1300=ORIENTED_EDGE('',*,*,#1492,.F.);
#1301=ORIENTED_EDGE('',*,*,#1475,.T.);
#1302=ORIENTED_EDGE('',*,*,#1506,.F.);
#1303=ORIENTED_EDGE('',*,*,#1472,.F.);
#1304=ORIENTED_EDGE('',*,*,#1841,.T.);
#1305=ORIENTED_EDGE('',*,*,#1484,.F.);
#1306=ORIENTED_EDGE('',*,*,#1843,.T.);
#1307=ORIENTED_EDGE('',*,*,#1480,.F.);
#1308=ORIENTED_EDGE('',*,*,#1390,.F.);
#1309=ORIENTED_EDGE('',*,*,#1854,.F.);
#1310=ORIENTED_EDGE('',*,*,#1852,.F.);
#1311=ORIENTED_EDGE('',*,*,#1855,.T.);
#1312=ORIENTED_EDGE('',*,*,#1328,.T.);
#1313=ORIENTED_EDGE('',*,*,#1510,.F.);
#1314=ORIENTED_EDGE('',*,*,#1336,.F.);
#1315=ORIENTED_EDGE('',*,*,#1373,.F.);
#1316=ORIENTED_EDGE('',*,*,#1338,.T.);
#1317=ORIENTED_EDGE('',*,*,#1509,.T.);
#1318=ORIENTED_EDGE('',*,*,#1333,.F.);
#1319=ORIENTED_EDGE('',*,*,#1363,.F.);
#1320=ORIENTED_EDGE('',*,*,#1619,.T.);
#1321=ORIENTED_EDGE('',*,*,#1541,.F.);
#1322=ORIENTED_EDGE('',*,*,#1345,.F.);
#1323=ORIENTED_EDGE('',*,*,#1353,.F.);
#1324=ORIENTED_EDGE('',*,*,#1609,.T.);
#1325=ORIENTED_EDGE('',*,*,#1347,.T.);
#1326=ORIENTED_EDGE('',*,*,#1540,.T.);
#1327=ORIENTED_EDGE('',*,*,#1643,.F.);
#1328=EDGE_CURVE('',#1856,#1857,#2212,.T.);
#1329=EDGE_CURVE('',#1856,#1858,#2213,.T.);
#1330=EDGE_CURVE('',#1858,#1859,#100,.T.);
#1331=EDGE_CURVE('',#1857,#1859,#2214,.T.);
#1332=EDGE_CURVE('',#1860,#1861,#2215,.T.);
#1333=EDGE_CURVE('',#1860,#1862,#2216,.T.);
#1334=EDGE_CURVE('',#1862,#1863,#2217,.T.);
#1335=EDGE_CURVE('',#1861,#1863,#101,.T.);
#1336=EDGE_CURVE('',#1864,#1865,#2218,.T.);
#1337=EDGE_CURVE('',#1865,#1866,#2219,.T.);
#1338=EDGE_CURVE('',#1867,#1866,#2220,.T.);
#1339=EDGE_CURVE('',#1867,#1868,#2221,.T.);
#1340=EDGE_CURVE('',#1868,#1869,#102,.T.);
#1341=EDGE_CURVE('',#1869,#1870,#2222,.F.);
#1342=EDGE_CURVE('',#1871,#1870,#103,.T.);
#1343=EDGE_CURVE('',#1871,#1864,#2223,.T.);
#1344=EDGE_CURVE('',#1872,#1873,#2224,.T.);
#1345=EDGE_CURVE('',#1872,#1874,#2225,.T.);
#1346=EDGE_CURVE('',#1875,#1874,#2226,.T.);
#1347=EDGE_CURVE('',#1876,#1875,#2227,.T.);
#1348=EDGE_CURVE('',#1877,#1876,#2228,.T.);
#1349=EDGE_CURVE('',#1877,#1878,#104,.T.);
#1350=EDGE_CURVE('',#1878,#1879,#2229,.T.);
#1351=EDGE_CURVE('',#1873,#1879,#105,.T.);
#1352=EDGE_CURVE('',#1880,#1881,#2230,.T.);
#1353=EDGE_CURVE('',#1880,#1872,#2231,.T.);
#1354=EDGE_CURVE('',#1882,#1873,#2232,.T.);
#1355=EDGE_CURVE('',#1882,#1883,#2233,.T.);
#1356=EDGE_CURVE('',#1883,#1884,#2234,.T.);
#1357=EDGE_CURVE('',#1885,#1884,#2235,.T.);
#1358=EDGE_CURVE('',#1886,#1885,#2236,.T.);
#1359=EDGE_CURVE('',#1886,#1887,#2237,.T.);
#1360=EDGE_CURVE('',#1887,#1888,#2238,.T.);
#1361=EDGE_CURVE('',#1889,#1888,#2239,.T.);
#1362=EDGE_CURVE('',#1881,#1889,#2240,.T.);
#1363=EDGE_CURVE('',#1867,#1860,#2241,.T.);
#1364=EDGE_CURVE('',#1861,#1890,#2242,.T.);
#1365=EDGE_CURVE('',#1890,#1891,#2243,.T.);
#1366=EDGE_CURVE('',#1892,#1891,#2244,.T.);
#1367=EDGE_CURVE('',#1893,#1892,#2245,.T.);
#1368=EDGE_CURVE('',#1893,#1894,#2246,.T.);
#1369=EDGE_CURVE('',#1894,#1895,#2247,.T.);
#1370=EDGE_CURVE('',#1896,#1895,#2248,.T.);
#1371=EDGE_CURVE('',#1897,#1896,#2249,.T.);
#1372=EDGE_CURVE('',#1897,#1868,#2250,.T.);
#1373=EDGE_CURVE('',#1856,#1864,#2251,.T.);
#1374=EDGE_CURVE('',#1898,#1871,#2252,.T.);
#1375=EDGE_CURVE('',#1899,#1898,#2253,.T.);
#1376=EDGE_CURVE('',#1900,#1899,#2254,.T.);
#1377=EDGE_CURVE('',#1900,#1901,#2255,.T.);
#1378=EDGE_CURVE('',#1902,#1901,#2256,.T.);
#1379=EDGE_CURVE('',#1903,#1902,#2257,.T.);
#1380=EDGE_CURVE('',#1904,#1903,#2258,.T.);
#1381=EDGE_CURVE('',#1904,#1905,#2259,.T.);
#1382=EDGE_CURVE('',#1858,#1905,#2260,.T.);
#1383=EDGE_CURVE('',#1906,#1907,#2261,.T.);
#1384=EDGE_CURVE('',#1908,#1906,#2262,.T.);
#1385=EDGE_CURVE('',#1908,#1909,#2263,.T.);
#1386=EDGE_CURVE('',#1910,#1909,#2264,.T.);
#1387=EDGE_CURVE('',#1910,#1911,#2265,.T.);
#1388=EDGE_CURVE('',#1911,#1912,#2266,.T.);
#1389=EDGE_CURVE('',#1913,#1912,#2267,.T.);
#1390=EDGE_CURVE('',#1913,#1914,#2268,.T.);
#1391=EDGE_CURVE('',#1914,#1915,#2269,.T.);
#1392=EDGE_CURVE('',#1915,#1916,#2270,.T.);
#1393=EDGE_CURVE('',#1916,#1917,#2271,.T.);
#1394=EDGE_CURVE('',#1907,#1917,#2272,.T.);
#1395=EDGE_CURVE('',#1918,#1919,#2273,.F.);
#1396=EDGE_CURVE('',#1919,#1920,#106,.F.);
#1397=EDGE_CURVE('',#1920,#1921,#2274,.T.);
#1398=EDGE_CURVE('',#1921,#1922,#107,.F.);
#1399=EDGE_CURVE('',#1922,#1923,#2275,.T.);
#1400=EDGE_CURVE('',#1923,#1924,#108,.F.);
#1401=EDGE_CURVE('',#1924,#1925,#2276,.F.);
#1402=EDGE_CURVE('',#1925,#1918,#109,.F.);
#1403=EDGE_CURVE('',#1926,#1927,#2277,.T.);
#1404=EDGE_CURVE('',#1927,#1928,#2278,.T.);
#1405=EDGE_CURVE('',#1928,#1929,#2279,.T.);
#1406=EDGE_CURVE('',#1929,#1930,#2280,.T.);
#1407=EDGE_CURVE('',#1930,#1931,#2281,.T.);
#1408=EDGE_CURVE('',#1931,#1926,#2282,.T.);
#1409=EDGE_CURVE('',#1932,#1933,#2283,.T.);
#1410=EDGE_CURVE('',#1934,#1932,#2284,.T.);
#1411=EDGE_CURVE('',#1935,#1934,#2285,.T.);
#1412=EDGE_CURVE('',#1936,#1935,#2286,.T.);
#1413=EDGE_CURVE('',#1937,#1936,#2287,.T.);
#1414=EDGE_CURVE('',#1933,#1937,#2288,.T.);
#1415=EDGE_CURVE('',#1938,#1939,#2289,.T.);
#1416=EDGE_CURVE('',#1940,#1938,#2290,.T.);
#1417=EDGE_CURVE('',#1941,#1940,#2291,.T.);
#1418=EDGE_CURVE('',#1942,#1941,#2292,.T.);
#1419=EDGE_CURVE('',#1943,#1942,#2293,.T.);
#1420=EDGE_CURVE('',#1939,#1943,#2294,.T.);
#1421=EDGE_CURVE('',#1944,#1945,#2295,.T.);
#1422=EDGE_CURVE('',#1945,#1946,#2296,.T.);
#1423=EDGE_CURVE('',#1946,#1947,#2297,.T.);
#1424=EDGE_CURVE('',#1947,#1948,#2298,.T.);
#1425=EDGE_CURVE('',#1948,#1949,#2299,.T.);
#1426=EDGE_CURVE('',#1949,#1944,#2300,.T.);
#1427=EDGE_CURVE('',#1950,#1951,#2301,.T.);
#1428=EDGE_CURVE('',#1950,#1952,#2302,.T.);
#1429=EDGE_CURVE('',#1952,#1953,#2303,.T.);
#1430=EDGE_CURVE('',#1953,#1954,#2304,.T.);
#1431=EDGE_CURVE('',#1954,#1955,#2305,.F.);
#1432=EDGE_CURVE('',#1956,#1955,#2306,.T.);
#1433=EDGE_CURVE('',#1957,#1956,#2307,.T.);
#1434=EDGE_CURVE('',#1958,#1957,#2308,.T.);
#1435=EDGE_CURVE('',#1958,#1959,#2309,.T.);
#1436=EDGE_CURVE('',#1960,#1959,#2310,.T.);
#1437=EDGE_CURVE('',#1960,#1961,#2311,.F.);
#1438=EDGE_CURVE('',#1961,#1951,#2312,.T.);
#1439=EDGE_CURVE('',#1911,#1962,#110,.F.);
#1440=EDGE_CURVE('',#1962,#1912,#2313,.T.);
#1441=EDGE_CURVE('',#1915,#1963,#2314,.T.);
#1442=EDGE_CURVE('',#1963,#1916,#111,.F.);
#1443=EDGE_CURVE('',#1953,#1964,#2315,.T.);
#1444=EDGE_CURVE('',#1964,#1954,#112,.F.);
#1445=EDGE_CURVE('',#1907,#1965,#2316,.T.);
#1446=EDGE_CURVE('',#1917,#1965,#113,.T.);
#1447=EDGE_CURVE('',#1966,#1909,#2317,.T.);
#1448=EDGE_CURVE('',#1966,#1910,#114,.T.);
#1449=EDGE_CURVE('',#1956,#1967,#2318,.T.);
#1450=EDGE_CURVE('',#1955,#1967,#115,.T.);
#1451=EDGE_CURVE('',#1968,#1969,#2319,.T.);
#1452=EDGE_CURVE('',#1968,#1869,#2320,.F.);
#1453=EDGE_CURVE('',#1869,#1970,#116,.T.);
#1454=EDGE_CURVE('',#1970,#1971,#2321,.T.);
#1455=EDGE_CURVE('',#1971,#1972,#2322,.T.);
#1456=EDGE_CURVE('',#1972,#1969,#2323,.T.);
#1457=EDGE_CURVE('',#1973,#1974,#2324,.T.);
#1458=EDGE_CURVE('',#1973,#1878,#2325,.T.);
#1459=EDGE_CURVE('',#1878,#1975,#117,.T.);
#1460=EDGE_CURVE('',#1976,#1975,#2326,.T.);
#1461=EDGE_CURVE('',#1976,#1977,#2327,.T.);
#1462=EDGE_CURVE('',#1974,#1977,#2328,.T.);
#1463=EDGE_CURVE('',#1978,#1978,#118,.T.);
#1464=EDGE_CURVE('',#1979,#1979,#119,.T.);
#1465=EDGE_CURVE('',#1980,#1980,#120,.T.);
#1466=EDGE_CURVE('',#1981,#1981,#121,.T.);
#1467=EDGE_CURVE('',#1982,#1982,#122,.T.);
#1468=EDGE_CURVE('',#1983,#1983,#123,.T.);
#1469=EDGE_CURVE('',#1984,#1984,#124,.T.);
#1470=EDGE_CURVE('',#1985,#1985,#125,.F.);
#1471=EDGE_CURVE('',#1986,#1987,#2329,.T.);
#1472=EDGE_CURVE('',#1987,#1913,#2330,.T.);
#1473=EDGE_CURVE('',#1962,#1966,#2331,.F.);
#1474=EDGE_CURVE('',#1986,#1908,#2332,.T.);
#1475=EDGE_CURVE('',#1988,#1989,#2333,.T.);
#1476=EDGE_CURVE('',#1990,#1988,#2334,.T.);
#1477=EDGE_CURVE('',#1990,#1991,#2335,.T.);
#1478=EDGE_CURVE('',#1991,#1989,#2336,.T.);
#1479=EDGE_CURVE('',#1965,#1963,#2337,.F.);
#1480=EDGE_CURVE('',#1914,#1992,#2338,.T.);
#1481=EDGE_CURVE('',#1992,#1993,#2339,.T.);
#1482=EDGE_CURVE('',#1906,#1993,#2340,.T.);
#1483=EDGE_CURVE('',#1994,#1995,#2341,.T.);
#1484=EDGE_CURVE('',#1995,#1996,#2342,.T.);
#1485=EDGE_CURVE('',#1996,#1997,#2343,.T.);
#1486=EDGE_CURVE('',#1994,#1997,#2344,.T.);
#1487=EDGE_CURVE('',#1998,#1999,#2345,.T.);
#1488=EDGE_CURVE('',#2000,#1999,#2346,.T.);
#1489=EDGE_CURVE('',#2000,#2001,#2347,.T.);
#1490=EDGE_CURVE('',#2001,#1998,#2348,.T.);
#1491=EDGE_CURVE('',#2002,#2003,#2349,.T.);
#1492=EDGE_CURVE('',#2003,#2004,#2350,.T.);
#1493=EDGE_CURVE('',#2005,#2004,#2351,.T.);
#1494=EDGE_CURVE('',#2002,#2005,#2352,.T.);
#1495=EDGE_CURVE('',#1951,#2006,#2353,.T.);
#1496=EDGE_CURVE('',#2006,#2007,#2354,.T.);
#1497=EDGE_CURVE('',#1959,#2007,#2355,.T.);
#1498=EDGE_CURVE('',#1958,#2008,#2356,.T.);
#1499=EDGE_CURVE('',#2008,#2009,#2357,.T.);
#1500=EDGE_CURVE('',#1950,#2009,#2358,.T.);
#1501=EDGE_CURVE('',#2010,#2011,#2359,.T.);
#1502=EDGE_CURVE('',#1957,#2011,#2360,.T.);
#1503=EDGE_CURVE('',#1967,#1964,#2361,.T.);
#1504=EDGE_CURVE('',#1952,#2010,#2362,.T.);
#1505=EDGE_CURVE('',#1990,#1991,#126,.F.);
#1506=EDGE_CURVE('',#1988,#1989,#127,.F.);
#1507=EDGE_CURVE('',#2002,#2005,#128,.T.);
#1508=EDGE_CURVE('',#2003,#2004,#129,.T.);
#1509=EDGE_CURVE('',#1866,#1862,#2363,.T.);
#1510=EDGE_CURVE('',#1865,#1857,#2364,.T.);
#1511=EDGE_CURVE('',#2012,#1859,#2365,.T.);
#1512=EDGE_CURVE('',#2012,#2013,#2366,.T.);
#1513=EDGE_CURVE('',#2014,#2013,#2367,.F.);
#1514=EDGE_CURVE('',#2015,#2014,#2368,.T.);
#1515=EDGE_CURVE('',#2016,#2015,#2369,.T.);
#1516=EDGE_CURVE('',#2016,#2017,#2370,.T.);
#1517=EDGE_CURVE('',#2017,#2018,#2371,.T.);
#1518=EDGE_CURVE('',#2018,#2019,#2372,.T.);
#1519=EDGE_CURVE('',#2019,#2020,#2373,.T.);
#1520=EDGE_CURVE('',#2020,#2021,#130,.T.);
#1521=EDGE_CURVE('',#2021,#2022,#131,.T.);
#1522=EDGE_CURVE('',#2022,#2023,#132,.T.);
#1523=EDGE_CURVE('',#2024,#2023,#2374,.T.);
#1524=EDGE_CURVE('',#2025,#2024,#133,.T.);
#1525=EDGE_CURVE('',#2026,#2025,#2375,.T.);
#1526=EDGE_CURVE('',#2026,#1974,#134,.T.);
#1527=EDGE_CURVE('',#1977,#2027,#135,.T.);
#1528=EDGE_CURVE('',#2028,#2027,#136,.T.);
#1529=EDGE_CURVE('',#2028,#2029,#137,.T.);
#1530=EDGE_CURVE('',#2030,#2029,#2376,.T.);
#1531=EDGE_CURVE('',#2031,#2030,#2377,.T.);
#1532=EDGE_CURVE('',#2032,#2031,#2378,.T.);
#1533=EDGE_CURVE('',#2033,#2032,#2379,.T.);
#1534=EDGE_CURVE('',#2033,#2034,#2380,.T.);
#1535=EDGE_CURVE('',#2034,#2035,#2381,.T.);
#1536=EDGE_CURVE('',#2035,#2036,#2382,.F.);
#1537=EDGE_CURVE('',#2037,#2036,#2383,.T.);
#1538=EDGE_CURVE('',#2037,#2038,#2384,.T.);
#1539=EDGE_CURVE('',#2039,#2038,#2385,.T.);
#1540=EDGE_CURVE('',#1875,#2039,#2386,.T.);
#1541=EDGE_CURVE('',#1874,#2040,#2387,.T.);
#1542=EDGE_CURVE('',#2040,#2041,#2388,.T.);
#1543=EDGE_CURVE('',#2042,#2041,#2389,.T.);
#1544=EDGE_CURVE('',#2042,#2043,#2390,.T.);
#1545=EDGE_CURVE('',#2044,#2043,#2391,.F.);
#1546=EDGE_CURVE('',#2044,#2045,#2392,.T.);
#1547=EDGE_CURVE('',#2046,#2045,#2393,.T.);
#1548=EDGE_CURVE('',#2046,#2047,#2394,.T.);
#1549=EDGE_CURVE('',#2047,#2048,#2395,.T.);
#1550=EDGE_CURVE('',#2048,#2049,#2396,.T.);
#1551=EDGE_CURVE('',#2049,#2050,#2397,.T.);
#1552=EDGE_CURVE('',#2050,#2051,#138,.T.);
#1553=EDGE_CURVE('',#2052,#2051,#139,.T.);
#1554=EDGE_CURVE('',#2052,#2053,#140,.T.);
#1555=EDGE_CURVE('',#2053,#2054,#2398,.T.);
#1556=EDGE_CURVE('',#2054,#2055,#141,.T.);
#1557=EDGE_CURVE('',#2055,#2056,#2399,.T.);
#1558=EDGE_CURVE('',#1969,#2056,#142,.T.);
#1559=EDGE_CURVE('',#1972,#2057,#143,.T.);
#1560=EDGE_CURVE('',#2057,#2058,#144,.T.);
#1561=EDGE_CURVE('',#2058,#2059,#145,.T.);
#1562=EDGE_CURVE('',#2060,#2059,#2400,.T.);
#1563=EDGE_CURVE('',#2061,#2060,#2401,.T.);
#1564=EDGE_CURVE('',#2062,#2061,#2402,.T.);
#1565=EDGE_CURVE('',#2063,#2062,#2403,.T.);
#1566=EDGE_CURVE('',#2063,#2064,#2404,.T.);
#1567=EDGE_CURVE('',#2065,#2064,#2405,.T.);
#1568=EDGE_CURVE('',#2065,#2066,#2406,.F.);
#1569=EDGE_CURVE('',#2067,#2066,#2407,.T.);
#1570=EDGE_CURVE('',#2067,#1863,#2408,.T.);
#1571=EDGE_CURVE('',#2068,#2068,#146,.T.);
#1572=EDGE_CURVE('',#2069,#2069,#147,.T.);
#1573=EDGE_CURVE('',#2070,#2070,#148,.T.);
#1574=EDGE_CURVE('',#2071,#2071,#149,.T.);
#1575=EDGE_CURVE('',#2072,#2033,#150,.T.);
#1576=EDGE_CURVE('',#2072,#2073,#2409,.T.);
#1577=EDGE_CURVE('',#2034,#2073,#151,.T.);
#1578=EDGE_CURVE('',#2074,#2044,#152,.T.);
#1579=EDGE_CURVE('',#2043,#2075,#153,.F.);
#1580=EDGE_CURVE('',#2075,#2074,#2410,.T.);
#1581=EDGE_CURVE('',#2047,#2076,#154,.T.);
#1582=EDGE_CURVE('',#2076,#2077,#2411,.F.);
#1583=EDGE_CURVE('',#2048,#2077,#155,.T.);
#1584=EDGE_CURVE('',#1889,#2042,#156,.T.);
#1585=EDGE_CURVE('',#1888,#2075,#157,.F.);
#1586=EDGE_CURVE('',#2078,#2046,#158,.F.);
#1587=EDGE_CURVE('',#2078,#2079,#159,.F.);
#1588=EDGE_CURVE('',#2079,#2076,#2412,.T.);
#1589=EDGE_CURVE('',#2032,#2080,#160,.T.);
#1590=EDGE_CURVE('',#2031,#2081,#161,.T.);
#1591=EDGE_CURVE('',#2080,#2081,#2413,.F.);
#1592=EDGE_CURVE('',#2082,#2037,#162,.T.);
#1593=EDGE_CURVE('',#2036,#2083,#163,.T.);
#1594=EDGE_CURVE('',#2083,#2084,#164,.F.);
#1595=EDGE_CURVE('',#2084,#2082,#2414,.T.);
#1596=EDGE_CURVE('',#2085,#2086,#2415,.T.);
#1597=EDGE_CURVE('',#2086,#2087,#2416,.F.);
#1598=EDGE_CURVE('',#2088,#2087,#2417,.T.);
#1599=EDGE_CURVE('',#2088,#2089,#2418,.F.);
#1600=EDGE_CURVE('',#2089,#2090,#2419,.T.);
#1601=EDGE_CURVE('',#2090,#2091,#2420,.F.);
#1602=EDGE_CURVE('',#2080,#2091,#2421,.T.);
#1603=EDGE_CURVE('',#2081,#2092,#2422,.T.);
#1604=EDGE_CURVE('',#2092,#2093,#2423,.T.);
#1605=EDGE_CURVE('',#2093,#2094,#165,.F.);
#1606=EDGE_CURVE('',#2094,#2095,#166,.T.);
#1607=EDGE_CURVE('',#2095,#1976,#167,.F.);
#1608=EDGE_CURVE('',#1975,#2085,#2424,.F.);
#1609=EDGE_CURVE('',#2096,#1876,#2425,.T.);
#1610=EDGE_CURVE('',#2096,#2097,#2426,.T.);
#1611=EDGE_CURVE('',#2097,#2082,#2427,.T.);
#1612=EDGE_CURVE('',#2084,#2098,#2428,.T.);
#1613=EDGE_CURVE('',#2098,#2099,#2429,.T.);
#1614=EDGE_CURVE('',#2099,#2100,#2430,.T.);
#1615=EDGE_CURVE('',#2101,#2100,#2431,.T.);
#1616=EDGE_CURVE('',#2101,#2102,#2432,.T.);
#1617=EDGE_CURVE('',#2102,#2103,#2433,.T.);
#1618=EDGE_CURVE('',#2103,#1877,#2434,.T.);
#1619=EDGE_CURVE('',#1880,#2040,#2435,.T.);
#1620=EDGE_CURVE('',#1881,#2041,#168,.T.);
#1621=EDGE_CURVE('',#2077,#2104,#2436,.T.);
#1622=EDGE_CURVE('',#2104,#2049,#2437,.T.);
#1623=EDGE_CURVE('',#2079,#2105,#2438,.F.);
#1624=EDGE_CURVE('',#2105,#2106,#2439,.T.);
#1625=EDGE_CURVE('',#2107,#2106,#2440,.F.);
#1626=EDGE_CURVE('',#2108,#2107,#2441,.T.);
#1627=EDGE_CURVE('',#2108,#2109,#2442,.F.);
#1628=EDGE_CURVE('',#2109,#2110,#2443,.T.);
#1629=EDGE_CURVE('',#2111,#2110,#2444,.F.);
#1630=EDGE_CURVE('',#2111,#2112,#2445,.T.);
#1631=EDGE_CURVE('',#2112,#2113,#169,.F.);
#1632=EDGE_CURVE('',#2113,#2114,#170,.T.);
#1633=EDGE_CURVE('',#2114,#2115,#171,.F.);
#1634=EDGE_CURVE('',#2104,#2115,#2446,.T.);
#1635=EDGE_CURVE('',#2116,#2117,#172,.T.);
#1636=EDGE_CURVE('',#2117,#2118,#2447,.T.);
#1637=EDGE_CURVE('',#2119,#2118,#173,.F.);
#1638=EDGE_CURVE('',#2119,#2116,#2448,.F.);
#1639=EDGE_CURVE('',#2120,#2121,#174,.T.);
#1640=EDGE_CURVE('',#2120,#2122,#2449,.T.);
#1641=EDGE_CURVE('',#2122,#2123,#175,.T.);
#1642=EDGE_CURVE('',#2123,#2121,#2450,.F.);
#1643=EDGE_CURVE('',#2096,#2039,#2451,.T.);
#1644=EDGE_CURVE('',#2097,#2038,#176,.T.);
#1645=EDGE_CURVE('',#1879,#2111,#177,.T.);
#1646=EDGE_CURVE('',#1879,#2124,#2452,.T.);
#1647=EDGE_CURVE('',#2124,#2054,#2453,.T.);
#1648=EDGE_CURVE('',#2053,#2112,#2454,.F.);
#1649=EDGE_CURVE('',#2125,#2025,#2455,.T.);
#1650=EDGE_CURVE('',#2125,#2126,#2456,.F.);
#1651=EDGE_CURVE('',#2126,#2026,#2457,.T.);
#1652=EDGE_CURVE('',#2126,#1973,#178,.T.);
#1653=EDGE_CURVE('',#2124,#2127,#179,.T.);
#1654=EDGE_CURVE('',#2127,#2055,#2458,.T.);
#1655=EDGE_CURVE('',#2127,#2128,#2459,.T.);
#1656=EDGE_CURVE('',#2128,#2056,#2460,.T.);
#1657=EDGE_CURVE('',#2092,#2030,#2461,.T.);
#1658=EDGE_CURVE('',#2029,#2093,#2462,.T.);
#1659=EDGE_CURVE('',#2027,#2095,#2463,.F.);
#1660=EDGE_CURVE('',#2094,#2028,#2464,.T.);
#1661=EDGE_CURVE('',#2051,#2114,#2465,.F.);
#1662=EDGE_CURVE('',#2113,#2052,#2466,.T.);
#1663=EDGE_CURVE('',#2115,#2050,#2467,.T.);
#1664=EDGE_CURVE('',#2129,#2129,#180,.F.);
#1665=EDGE_CURVE('',#2130,#2130,#181,.T.);
#1666=EDGE_CURVE('',#2131,#2131,#182,.F.);
#1667=EDGE_CURVE('',#2132,#2132,#183,.T.);
#1668=EDGE_CURVE('',#1882,#2110,#184,.T.);
#1669=EDGE_CURVE('',#2122,#1883,#185,.T.);
#1670=EDGE_CURVE('',#2109,#2123,#186,.T.);
#1671=EDGE_CURVE('',#2103,#2085,#187,.T.);
#1672=EDGE_CURVE('',#2118,#2086,#188,.T.);
#1673=EDGE_CURVE('',#2102,#2119,#189,.T.);
#1674=EDGE_CURVE('',#2133,#2035,#190,.T.);
#1675=EDGE_CURVE('',#2133,#2083,#2468,.F.);
#1676=EDGE_CURVE('',#2045,#2134,#191,.T.);
#1677=EDGE_CURVE('',#2134,#2078,#2469,.F.);
#1678=EDGE_CURVE('',#1886,#2106,#192,.T.);
#1679=EDGE_CURVE('',#1885,#2107,#193,.T.);
#1680=EDGE_CURVE('',#2105,#2134,#194,.T.);
#1681=EDGE_CURVE('',#2074,#1887,#195,.T.);
#1682=EDGE_CURVE('',#1884,#2120,#196,.F.);
#1683=EDGE_CURVE('',#2121,#2108,#197,.F.);
#1684=EDGE_CURVE('',#2099,#2089,#198,.T.);
#1685=EDGE_CURVE('',#2100,#2088,#199,.T.);
#1686=EDGE_CURVE('',#2098,#2133,#200,.T.);
#1687=EDGE_CURVE('',#2073,#2090,#201,.T.);
#1688=EDGE_CURVE('',#2087,#2117,#202,.F.);
#1689=EDGE_CURVE('',#2116,#2101,#203,.F.);
#1690=EDGE_CURVE('',#2091,#2072,#204,.F.);
#1691=EDGE_CURVE('',#2135,#2136,#205,.T.);
#1692=EDGE_CURVE('',#2136,#2137,#2470,.F.);
#1693=EDGE_CURVE('',#2137,#2138,#206,.F.);
#1694=EDGE_CURVE('',#2138,#2135,#2471,.F.);
#1695=EDGE_CURVE('',#1895,#2139,#207,.F.);
#1696=EDGE_CURVE('',#2139,#2140,#2472,.T.);
#1697=EDGE_CURVE('',#2140,#1896,#208,.T.);
#1698=EDGE_CURVE('',#2141,#2142,#209,.T.);
#1699=EDGE_CURVE('',#2142,#2143,#2473,.F.);
#1700=EDGE_CURVE('',#2143,#2144,#210,.F.);
#1701=EDGE_CURVE('',#2144,#2141,#2474,.F.);
#1702=EDGE_CURVE('',#1891,#2145,#211,.F.);
#1703=EDGE_CURVE('',#2145,#2146,#2475,.T.);
#1704=EDGE_CURVE('',#2146,#1892,#212,.T.);
#1705=EDGE_CURVE('',#2147,#1904,#213,.F.);
#1706=EDGE_CURVE('',#1903,#2148,#214,.T.);
#1707=EDGE_CURVE('',#2148,#2147,#2476,.F.);
#1708=EDGE_CURVE('',#2149,#1900,#215,.F.);
#1709=EDGE_CURVE('',#1899,#2150,#216,.T.);
#1710=EDGE_CURVE('',#2150,#2149,#2477,.F.);
#1711=EDGE_CURVE('',#2151,#2152,#217,.T.);
#1712=EDGE_CURVE('',#2152,#2153,#2478,.F.);
#1713=EDGE_CURVE('',#2153,#2154,#218,.F.);
#1714=EDGE_CURVE('',#2154,#2151,#2479,.T.);
#1715=EDGE_CURVE('',#2155,#2156,#219,.T.);
#1716=EDGE_CURVE('',#2156,#2157,#2480,.F.);
#1717=EDGE_CURVE('',#2157,#2158,#220,.F.);
#1718=EDGE_CURVE('',#2158,#2155,#2481,.T.);
#1719=EDGE_CURVE('',#2154,#2016,#221,.T.);
#1720=EDGE_CURVE('',#2159,#2153,#2482,.T.);
#1721=EDGE_CURVE('',#2017,#2159,#222,.T.);
#1722=EDGE_CURVE('',#1905,#2012,#223,.T.);
#1723=EDGE_CURVE('',#1890,#2067,#224,.T.);
#1724=EDGE_CURVE('',#2160,#2157,#2483,.T.);
#1725=EDGE_CURVE('',#1901,#2160,#225,.T.);
#1726=EDGE_CURVE('',#2149,#2158,#226,.T.);
#1727=EDGE_CURVE('',#2160,#2161,#2484,.F.);
#1728=EDGE_CURVE('',#1902,#2161,#227,.T.);
#1729=EDGE_CURVE('',#1894,#2162,#228,.T.);
#1730=EDGE_CURVE('',#2138,#2162,#2485,.T.);
#1731=EDGE_CURVE('',#2139,#2137,#229,.T.);
#1732=EDGE_CURVE('',#1893,#2163,#230,.T.);
#1733=EDGE_CURVE('',#2162,#2163,#2486,.F.);
#1734=EDGE_CURVE('',#2146,#2065,#231,.T.);
#1735=EDGE_CURVE('',#2066,#2145,#232,.F.);
#1736=EDGE_CURVE('',#2015,#2151,#233,.T.);
#1737=EDGE_CURVE('',#2150,#2155,#234,.F.);
#1738=EDGE_CURVE('',#1898,#2164,#235,.T.);
#1739=EDGE_CURVE('',#2164,#2156,#2487,.T.);
#1740=EDGE_CURVE('',#1870,#2165,#236,.T.);
#1741=EDGE_CURVE('',#2165,#2164,#2488,.F.);
#1742=EDGE_CURVE('',#2140,#2136,#237,.T.);
#1743=EDGE_CURVE('',#2135,#2166,#2489,.T.);
#1744=EDGE_CURVE('',#1897,#2166,#238,.T.);
#1745=EDGE_CURVE('',#1970,#2166,#2490,.F.);
#1746=EDGE_CURVE('',#2059,#2167,#2491,.F.);
#1747=EDGE_CURVE('',#2168,#2167,#2492,.T.);
#1748=EDGE_CURVE('',#2168,#2060,#2493,.T.);
#1749=EDGE_CURVE('',#2169,#2170,#239,.T.);
#1750=EDGE_CURVE('',#2170,#2058,#2494,.T.);
#1751=EDGE_CURVE('',#2057,#2169,#2495,.F.);
#1752=EDGE_CURVE('',#2021,#2171,#2496,.F.);
#1753=EDGE_CURVE('',#2171,#2172,#240,.T.);
#1754=EDGE_CURVE('',#2172,#2022,#2497,.T.);
#1755=EDGE_CURVE('',#2173,#2174,#2498,.T.);
#1756=EDGE_CURVE('',#2174,#2020,#2499,.F.);
#1757=EDGE_CURVE('',#2173,#2019,#2500,.T.);
#1758=EDGE_CURVE('',#2018,#2175,#241,.T.);
#1759=EDGE_CURVE('',#2175,#2173,#2501,.T.);
#1760=EDGE_CURVE('',#2128,#1968,#242,.T.);
#1761=EDGE_CURVE('',#2176,#2024,#2502,.T.);
#1762=EDGE_CURVE('',#2176,#2125,#243,.T.);
#1763=EDGE_CURVE('',#1870,#2176,#2503,.F.);
#1764=EDGE_CURVE('',#2023,#2177,#2504,.F.);
#1765=EDGE_CURVE('',#2177,#2165,#2505,.T.);
#1766=EDGE_CURVE('',#2144,#2178,#2506,.T.);
#1767=EDGE_CURVE('',#2178,#2179,#2507,.F.);
#1768=EDGE_CURVE('',#2179,#2168,#2508,.T.);
#1769=EDGE_CURVE('',#2167,#2170,#244,.F.);
#1770=EDGE_CURVE('',#2169,#1971,#245,.F.);
#1771=EDGE_CURVE('',#2141,#2163,#2509,.T.);
#1772=EDGE_CURVE('',#2061,#2179,#246,.T.);
#1773=EDGE_CURVE('',#2177,#2172,#247,.F.);
#1774=EDGE_CURVE('',#2171,#2174,#248,.F.);
#1775=EDGE_CURVE('',#2159,#2175,#2510,.F.);
#1776=EDGE_CURVE('',#2161,#2152,#2511,.T.);
#1777=EDGE_CURVE('',#2013,#2147,#249,.T.);
#1778=EDGE_CURVE('',#2062,#2178,#250,.T.);
#1779=EDGE_CURVE('',#2143,#2063,#251,.F.);
#1780=EDGE_CURVE('',#2148,#2014,#252,.T.);
#1781=EDGE_CURVE('',#2064,#2142,#253,.T.);
#1782=EDGE_CURVE('',#2180,#2180,#254,.T.);
#1783=EDGE_CURVE('',#2181,#2181,#255,.F.);
#1784=EDGE_CURVE('',#2182,#2182,#256,.F.);
#1785=EDGE_CURVE('',#2183,#2183,#257,.T.);
#1786=EDGE_CURVE('',#1961,#2006,#258,.F.);
#1787=EDGE_CURVE('',#2007,#1960,#259,.T.);
#1788=EDGE_CURVE('',#2184,#1932,#2512,.T.);
#1789=EDGE_CURVE('',#2185,#2184,#2513,.T.);
#1790=EDGE_CURVE('',#2185,#1934,#2514,.T.);
#1791=EDGE_CURVE('',#2186,#1933,#2515,.T.);
#1792=EDGE_CURVE('',#2184,#2186,#2516,.T.);
#1793=EDGE_CURVE('',#2187,#1937,#2517,.T.);
#1794=EDGE_CURVE('',#2186,#2187,#2518,.T.);
#1795=EDGE_CURVE('',#2188,#1936,#2519,.T.);
#1796=EDGE_CURVE('',#2187,#2188,#2520,.T.);
#1797=EDGE_CURVE('',#2189,#1935,#2521,.T.);
#1798=EDGE_CURVE('',#2188,#2189,#2522,.T.);
#1799=EDGE_CURVE('',#2189,#2185,#2523,.T.);
#1800=EDGE_CURVE('',#2190,#1944,#2524,.T.);
#1801=EDGE_CURVE('',#2190,#2191,#2525,.T.);
#1802=EDGE_CURVE('',#2191,#1945,#2526,.T.);
#1803=EDGE_CURVE('',#2192,#1949,#2527,.T.);
#1804=EDGE_CURVE('',#2192,#2190,#2528,.T.);
#1805=EDGE_CURVE('',#2193,#1948,#2529,.T.);
#1806=EDGE_CURVE('',#2193,#2192,#2530,.T.);
#1807=EDGE_CURVE('',#2194,#1947,#2531,.T.);
#1808=EDGE_CURVE('',#2194,#2193,#2532,.T.);
#1809=EDGE_CURVE('',#2195,#1946,#2533,.T.);
#1810=EDGE_CURVE('',#2195,#2194,#2534,.T.);
#1811=EDGE_CURVE('',#2191,#2195,#2535,.T.);
#1812=EDGE_CURVE('',#2196,#1938,#2536,.T.);
#1813=EDGE_CURVE('',#2197,#2196,#2537,.T.);
#1814=EDGE_CURVE('',#2197,#1940,#2538,.T.);
#1815=EDGE_CURVE('',#2198,#1939,#2539,.T.);
#1816=EDGE_CURVE('',#2196,#2198,#2540,.T.);
#1817=EDGE_CURVE('',#2199,#1943,#2541,.T.);
#1818=EDGE_CURVE('',#2198,#2199,#2542,.T.);
#1819=EDGE_CURVE('',#2200,#1942,#2543,.T.);
#1820=EDGE_CURVE('',#2199,#2200,#2544,.T.);
#1821=EDGE_CURVE('',#2201,#1941,#2545,.T.);
#1822=EDGE_CURVE('',#2200,#2201,#2546,.T.);
#1823=EDGE_CURVE('',#2201,#2197,#2547,.T.);
#1824=EDGE_CURVE('',#2202,#1926,#2548,.T.);
#1825=EDGE_CURVE('',#2202,#2203,#2549,.T.);
#1826=EDGE_CURVE('',#2203,#1927,#2550,.T.);
#1827=EDGE_CURVE('',#2204,#1931,#2551,.T.);
#1828=EDGE_CURVE('',#2204,#2202,#2552,.T.);
#1829=EDGE_CURVE('',#2205,#1930,#2553,.T.);
#1830=EDGE_CURVE('',#2205,#2204,#2554,.T.);
#1831=EDGE_CURVE('',#2206,#1929,#2555,.T.);
#1832=EDGE_CURVE('',#2206,#2205,#2556,.T.);
#1833=EDGE_CURVE('',#2207,#1928,#2557,.T.);
#1834=EDGE_CURVE('',#2207,#2206,#2558,.T.);
#1835=EDGE_CURVE('',#2203,#2207,#2559,.T.);
#1836=EDGE_CURVE('',#2008,#2001,#2560,.F.);
#1837=EDGE_CURVE('',#2009,#2000,#2561,.F.);
#1838=EDGE_CURVE('',#1998,#2011,#2562,.T.);
#1839=EDGE_CURVE('',#1999,#2010,#2563,.T.);
#1840=EDGE_CURVE('',#1986,#1997,#2564,.F.);
#1841=EDGE_CURVE('',#1987,#1996,#2565,.F.);
#1842=EDGE_CURVE('',#1994,#1993,#2566,.F.);
#1843=EDGE_CURVE('',#1995,#1992,#2567,.F.);
#1844=EDGE_CURVE('',#1924,#2128,#260,.T.);
#1845=EDGE_CURVE('',#1968,#1923,#261,.T.);
#1846=EDGE_CURVE('',#2176,#1922,#262,.T.);
#1847=EDGE_CURVE('',#1925,#2127,#263,.T.);
#1848=EDGE_CURVE('',#2125,#1921,#264,.T.);
#1849=EDGE_CURVE('',#1918,#2124,#265,.T.);
#1850=EDGE_CURVE('',#2126,#1920,#266,.T.);
#1851=EDGE_CURVE('',#1919,#1973,#267,.T.);
#1852=EDGE_CURVE('',#2208,#2208,#268,.T.);
#1853=EDGE_CURVE('',#2209,#2209,#269,.F.);
#1854=EDGE_CURVE('',#2210,#2210,#270,.F.);
#1855=EDGE_CURVE('',#2211,#2211,#271,.T.);
#1856=VERTEX_POINT('',#5202);
#1857=VERTEX_POINT('',#5203);
#1858=VERTEX_POINT('',#5205);
#1859=VERTEX_POINT('',#5207);
#1860=VERTEX_POINT('',#5211);
#1861=VERTEX_POINT('',#5212);
#1862=VERTEX_POINT('',#5214);
#1863=VERTEX_POINT('',#5216);
#1864=VERTEX_POINT('',#5220);
#1865=VERTEX_POINT('',#5221);
#1866=VERTEX_POINT('',#5223);
#1867=VERTEX_POINT('',#5225);
#1868=VERTEX_POINT('',#5227);
#1869=VERTEX_POINT('',#5229);
#1870=VERTEX_POINT('',#5231);
#1871=VERTEX_POINT('',#5233);
#1872=VERTEX_POINT('',#5237);
#1873=VERTEX_POINT('',#5238);
#1874=VERTEX_POINT('',#5240);
#1875=VERTEX_POINT('',#5242);
#1876=VERTEX_POINT('',#5244);
#1877=VERTEX_POINT('',#5246);
#1878=VERTEX_POINT('',#5248);
#1879=VERTEX_POINT('',#5250);
#1880=VERTEX_POINT('',#5254);
#1881=VERTEX_POINT('',#5255);
#1882=VERTEX_POINT('',#5258);
#1883=VERTEX_POINT('',#5260);
#1884=VERTEX_POINT('',#5262);
#1885=VERTEX_POINT('',#5264);
#1886=VERTEX_POINT('',#5266);
#1887=VERTEX_POINT('',#5268);
#1888=VERTEX_POINT('',#5270);
#1889=VERTEX_POINT('',#5272);
#1890=VERTEX_POINT('',#5277);
#1891=VERTEX_POINT('',#5279);
#1892=VERTEX_POINT('',#5281);
#1893=VERTEX_POINT('',#5283);
#1894=VERTEX_POINT('',#5285);
#1895=VERTEX_POINT('',#5287);
#1896=VERTEX_POINT('',#5289);
#1897=VERTEX_POINT('',#5291);
#1898=VERTEX_POINT('',#5296);
#1899=VERTEX_POINT('',#5298);
#1900=VERTEX_POINT('',#5300);
#1901=VERTEX_POINT('',#5302);
#1902=VERTEX_POINT('',#5304);
#1903=VERTEX_POINT('',#5306);
#1904=VERTEX_POINT('',#5308);
#1905=VERTEX_POINT('',#5310);
#1906=VERTEX_POINT('',#5314);
#1907=VERTEX_POINT('',#5315);
#1908=VERTEX_POINT('',#5317);
#1909=VERTEX_POINT('',#5319);
#1910=VERTEX_POINT('',#5321);
#1911=VERTEX_POINT('',#5323);
#1912=VERTEX_POINT('',#5325);
#1913=VERTEX_POINT('',#5327);
#1914=VERTEX_POINT('',#5329);
#1915=VERTEX_POINT('',#5331);
#1916=VERTEX_POINT('',#5333);
#1917=VERTEX_POINT('',#5335);
#1918=VERTEX_POINT('',#5338);
#1919=VERTEX_POINT('',#5339);
#1920=VERTEX_POINT('',#5341);
#1921=VERTEX_POINT('',#5343);
#1922=VERTEX_POINT('',#5345);
#1923=VERTEX_POINT('',#5347);
#1924=VERTEX_POINT('',#5349);
#1925=VERTEX_POINT('',#5351);
#1926=VERTEX_POINT('',#5354);
#1927=VERTEX_POINT('',#5355);
#1928=VERTEX_POINT('',#5357);
#1929=VERTEX_POINT('',#5359);
#1930=VERTEX_POINT('',#5361);
#1931=VERTEX_POINT('',#5363);
#1932=VERTEX_POINT('',#5366);
#1933=VERTEX_POINT('',#5367);
#1934=VERTEX_POINT('',#5369);
#1935=VERTEX_POINT('',#5371);
#1936=VERTEX_POINT('',#5373);
#1937=VERTEX_POINT('',#5375);
#1938=VERTEX_POINT('',#5378);
#1939=VERTEX_POINT('',#5379);
#1940=VERTEX_POINT('',#5381);
#1941=VERTEX_POINT('',#5383);
#1942=VERTEX_POINT('',#5385);
#1943=VERTEX_POINT('',#5387);
#1944=VERTEX_POINT('',#5390);
#1945=VERTEX_POINT('',#5391);
#1946=VERTEX_POINT('',#5393);
#1947=VERTEX_POINT('',#5395);
#1948=VERTEX_POINT('',#5397);
#1949=VERTEX_POINT('',#5399);
#1950=VERTEX_POINT('',#5402);
#1951=VERTEX_POINT('',#5403);
#1952=VERTEX_POINT('',#5405);
#1953=VERTEX_POINT('',#5407);
#1954=VERTEX_POINT('',#5409);
#1955=VERTEX_POINT('',#5411);
#1956=VERTEX_POINT('',#5413);
#1957=VERTEX_POINT('',#5415);
#1958=VERTEX_POINT('',#5417);
#1959=VERTEX_POINT('',#5419);
#1960=VERTEX_POINT('',#5421);
#1961=VERTEX_POINT('',#5423);
#1962=VERTEX_POINT('',#5427);
#1963=VERTEX_POINT('',#5431);
#1964=VERTEX_POINT('',#5435);
#1965=VERTEX_POINT('',#5439);
#1966=VERTEX_POINT('',#5443);
#1967=VERTEX_POINT('',#5447);
#1968=VERTEX_POINT('',#5451);
#1969=VERTEX_POINT('',#5452);
#1970=VERTEX_POINT('',#5455);
#1971=VERTEX_POINT('',#5457);
#1972=VERTEX_POINT('',#5459);
#1973=VERTEX_POINT('',#5463);
#1974=VERTEX_POINT('',#5464);
#1975=VERTEX_POINT('',#5467);
#1976=VERTEX_POINT('',#5469);
#1977=VERTEX_POINT('',#5471);
#1978=VERTEX_POINT('',#5475);
#1979=VERTEX_POINT('',#5477);
#1980=VERTEX_POINT('',#5480);
#1981=VERTEX_POINT('',#5482);
#1982=VERTEX_POINT('',#5485);
#1983=VERTEX_POINT('',#5487);
#1984=VERTEX_POINT('',#5490);
#1985=VERTEX_POINT('',#5492);
#1986=VERTEX_POINT('',#5495);
#1987=VERTEX_POINT('',#5496);
#1988=VERTEX_POINT('',#5502);
#1989=VERTEX_POINT('',#5503);
#1990=VERTEX_POINT('',#5505);
#1991=VERTEX_POINT('',#5507);
#1992=VERTEX_POINT('',#5511);
#1993=VERTEX_POINT('',#5513);
#1994=VERTEX_POINT('',#5517);
#1995=VERTEX_POINT('',#5518);
#1996=VERTEX_POINT('',#5520);
#1997=VERTEX_POINT('',#5522);
#1998=VERTEX_POINT('',#5526);
#1999=VERTEX_POINT('',#5527);
#2000=VERTEX_POINT('',#5529);
#2001=VERTEX_POINT('',#5531);
#2002=VERTEX_POINT('',#5535);
#2003=VERTEX_POINT('',#5536);
#2004=VERTEX_POINT('',#5538);
#2005=VERTEX_POINT('',#5540);
#2006=VERTEX_POINT('',#5543);
#2007=VERTEX_POINT('',#5545);
#2008=VERTEX_POINT('',#5548);
#2009=VERTEX_POINT('',#5550);
#2010=VERTEX_POINT('',#5554);
#2011=VERTEX_POINT('',#5555);
#2012=VERTEX_POINT('',#5569);
#2013=VERTEX_POINT('',#5571);
#2014=VERTEX_POINT('',#5573);
#2015=VERTEX_POINT('',#5575);
#2016=VERTEX_POINT('',#5577);
#2017=VERTEX_POINT('',#5579);
#2018=VERTEX_POINT('',#5581);
#2019=VERTEX_POINT('',#5583);
#2020=VERTEX_POINT('',#5585);
#2021=VERTEX_POINT('',#5587);
#2022=VERTEX_POINT('',#5589);
#2023=VERTEX_POINT('',#5591);
#2024=VERTEX_POINT('',#5593);
#2025=VERTEX_POINT('',#5595);
#2026=VERTEX_POINT('',#5597);
#2027=VERTEX_POINT('',#5600);
#2028=VERTEX_POINT('',#5602);
#2029=VERTEX_POINT('',#5604);
#2030=VERTEX_POINT('',#5606);
#2031=VERTEX_POINT('',#5608);
#2032=VERTEX_POINT('',#5610);
#2033=VERTEX_POINT('',#5612);
#2034=VERTEX_POINT('',#5614);
#2035=VERTEX_POINT('',#5616);
#2036=VERTEX_POINT('',#5618);
#2037=VERTEX_POINT('',#5620);
#2038=VERTEX_POINT('',#5622);
#2039=VERTEX_POINT('',#5624);
#2040=VERTEX_POINT('',#5627);
#2041=VERTEX_POINT('',#5629);
#2042=VERTEX_POINT('',#5631);
#2043=VERTEX_POINT('',#5633);
#2044=VERTEX_POINT('',#5635);
#2045=VERTEX_POINT('',#5637);
#2046=VERTEX_POINT('',#5639);
#2047=VERTEX_POINT('',#5641);
#2048=VERTEX_POINT('',#5643);
#2049=VERTEX_POINT('',#5645);
#2050=VERTEX_POINT('',#5647);
#2051=VERTEX_POINT('',#5649);
#2052=VERTEX_POINT('',#5651);
#2053=VERTEX_POINT('',#5653);
#2054=VERTEX_POINT('',#5655);
#2055=VERTEX_POINT('',#5657);
#2056=VERTEX_POINT('',#5659);
#2057=VERTEX_POINT('',#5662);
#2058=VERTEX_POINT('',#5664);
#2059=VERTEX_POINT('',#5666);
#2060=VERTEX_POINT('',#5668);
#2061=VERTEX_POINT('',#5670);
#2062=VERTEX_POINT('',#5672);
#2063=VERTEX_POINT('',#5674);
#2064=VERTEX_POINT('',#5676);
#2065=VERTEX_POINT('',#5678);
#2066=VERTEX_POINT('',#5680);
#2067=VERTEX_POINT('',#5682);
#2068=VERTEX_POINT('',#5685);
#2069=VERTEX_POINT('',#5687);
#2070=VERTEX_POINT('',#5689);
#2071=VERTEX_POINT('',#5691);
#2072=VERTEX_POINT('',#5694);
#2073=VERTEX_POINT('',#5696);
#2074=VERTEX_POINT('',#5700);
#2075=VERTEX_POINT('',#5702);
#2076=VERTEX_POINT('',#5706);
#2077=VERTEX_POINT('',#5708);
#2078=VERTEX_POINT('',#5715);
#2079=VERTEX_POINT('',#5717);
#2080=VERTEX_POINT('',#5721);
#2081=VERTEX_POINT('',#5723);
#2082=VERTEX_POINT('',#5727);
#2083=VERTEX_POINT('',#5729);
#2084=VERTEX_POINT('',#5731);
#2085=VERTEX_POINT('',#5735);
#2086=VERTEX_POINT('',#5736);
#2087=VERTEX_POINT('',#5738);
#2088=VERTEX_POINT('',#5740);
#2089=VERTEX_POINT('',#5742);
#2090=VERTEX_POINT('',#5744);
#2091=VERTEX_POINT('',#5746);
#2092=VERTEX_POINT('',#5749);
#2093=VERTEX_POINT('',#5751);
#2094=VERTEX_POINT('',#5753);
#2095=VERTEX_POINT('',#5755);
#2096=VERTEX_POINT('',#5760);
#2097=VERTEX_POINT('',#5762);
#2098=VERTEX_POINT('',#5765);
#2099=VERTEX_POINT('',#5767);
#2100=VERTEX_POINT('',#5769);
#2101=VERTEX_POINT('',#5771);
#2102=VERTEX_POINT('',#5773);
#2103=VERTEX_POINT('',#5775);
#2104=VERTEX_POINT('',#5782);
#2105=VERTEX_POINT('',#5786);
#2106=VERTEX_POINT('',#5788);
#2107=VERTEX_POINT('',#5790);
#2108=VERTEX_POINT('',#5792);
#2109=VERTEX_POINT('',#5794);
#2110=VERTEX_POINT('',#5796);
#2111=VERTEX_POINT('',#5798);
#2112=VERTEX_POINT('',#5800);
#2113=VERTEX_POINT('',#5802);
#2114=VERTEX_POINT('',#5804);
#2115=VERTEX_POINT('',#5806);
#2116=VERTEX_POINT('',#5810);
#2117=VERTEX_POINT('',#5811);
#2118=VERTEX_POINT('',#5813);
#2119=VERTEX_POINT('',#5815);
#2120=VERTEX_POINT('',#5819);
#2121=VERTEX_POINT('',#5820);
#2122=VERTEX_POINT('',#5822);
#2123=VERTEX_POINT('',#5824);
#2124=VERTEX_POINT('',#5832);
#2125=VERTEX_POINT('',#5837);
#2126=VERTEX_POINT('',#5839);
#2127=VERTEX_POINT('',#5845);
#2128=VERTEX_POINT('',#5849);
#2129=VERTEX_POINT('',#5865);
#2130=VERTEX_POINT('',#5868);
#2131=VERTEX_POINT('',#5871);
#2132=VERTEX_POINT('',#5874);
#2133=VERTEX_POINT('',#5887);
#2134=VERTEX_POINT('',#5891);
#2135=VERTEX_POINT('',#5925);
#2136=VERTEX_POINT('',#5926);
#2137=VERTEX_POINT('',#5928);
#2138=VERTEX_POINT('',#5930);
#2139=VERTEX_POINT('',#5934);
#2140=VERTEX_POINT('',#5936);
#2141=VERTEX_POINT('',#5940);
#2142=VERTEX_POINT('',#5941);
#2143=VERTEX_POINT('',#5943);
#2144=VERTEX_POINT('',#5945);
#2145=VERTEX_POINT('',#5949);
#2146=VERTEX_POINT('',#5951);
#2147=VERTEX_POINT('',#5955);
#2148=VERTEX_POINT('',#5957);
#2149=VERTEX_POINT('',#5961);
#2150=VERTEX_POINT('',#5963);
#2151=VERTEX_POINT('',#5967);
#2152=VERTEX_POINT('',#5968);
#2153=VERTEX_POINT('',#5970);
#2154=VERTEX_POINT('',#5972);
#2155=VERTEX_POINT('',#5976);
#2156=VERTEX_POINT('',#5977);
#2157=VERTEX_POINT('',#5979);
#2158=VERTEX_POINT('',#5981);
#2159=VERTEX_POINT('',#5986);
#2160=VERTEX_POINT('',#5994);
#2161=VERTEX_POINT('',#5999);
#2162=VERTEX_POINT('',#6003);
#2163=VERTEX_POINT('',#6008);
#2164=VERTEX_POINT('',#6018);
#2165=VERTEX_POINT('',#6022);
#2166=VERTEX_POINT('',#6027);
#2167=VERTEX_POINT('',#6033);
#2168=VERTEX_POINT('',#6035);
#2169=VERTEX_POINT('',#6039);
#2170=VERTEX_POINT('',#6040);
#2171=VERTEX_POINT('',#6045);
#2172=VERTEX_POINT('',#6047);
#2173=VERTEX_POINT('',#6051);
#2174=VERTEX_POINT('',#6052);
#2175=VERTEX_POINT('',#6057);
#2176=VERTEX_POINT('',#6063);
#2177=VERTEX_POINT('',#6068);
#2178=VERTEX_POINT('',#6074);
#2179=VERTEX_POINT('',#6076);
#2180=VERTEX_POINT('',#6104);
#2181=VERTEX_POINT('',#6107);
#2182=VERTEX_POINT('',#6110);
#2183=VERTEX_POINT('',#6113);
#2184=VERTEX_POINT('',#6120);
#2185=VERTEX_POINT('',#6122);
#2186=VERTEX_POINT('',#6126);
#2187=VERTEX_POINT('',#6130);
#2188=VERTEX_POINT('',#6134);
#2189=VERTEX_POINT('',#6138);
#2190=VERTEX_POINT('',#6145);
#2191=VERTEX_POINT('',#6147);
#2192=VERTEX_POINT('',#6151);
#2193=VERTEX_POINT('',#6155);
#2194=VERTEX_POINT('',#6159);
#2195=VERTEX_POINT('',#6163);
#2196=VERTEX_POINT('',#6170);
#2197=VERTEX_POINT('',#6172);
#2198=VERTEX_POINT('',#6176);
#2199=VERTEX_POINT('',#6180);
#2200=VERTEX_POINT('',#6184);
#2201=VERTEX_POINT('',#6188);
#2202=VERTEX_POINT('',#6195);
#2203=VERTEX_POINT('',#6197);
#2204=VERTEX_POINT('',#6201);
#2205=VERTEX_POINT('',#6205);
#2206=VERTEX_POINT('',#6209);
#2207=VERTEX_POINT('',#6213);
#2208=VERTEX_POINT('',#6264);
#2209=VERTEX_POINT('',#6269);
#2210=VERTEX_POINT('',#6272);
#2211=VERTEX_POINT('',#6275);
#2212=LINE('',#5201,#2568);
#2213=LINE('',#5204,#2569);
#2214=LINE('',#5208,#2570);
#2215=LINE('',#5210,#2571);
#2216=LINE('',#5213,#2572);
#2217=LINE('',#5215,#2573);
#2218=LINE('',#5219,#2574);
#2219=LINE('',#5222,#2575);
#2220=LINE('',#5224,#2576);
#2221=LINE('',#5226,#2577);
#2222=LINE('',#5230,#2578);
#2223=LINE('',#5234,#2579);
#2224=LINE('',#5236,#2580);
#2225=LINE('',#5239,#2581);
#2226=LINE('',#5241,#2582);
#2227=LINE('',#5243,#2583);
#2228=LINE('',#5245,#2584);
#2229=LINE('',#5249,#2585);
#2230=LINE('',#5253,#2586);
#2231=LINE('',#5256,#2587);
#2232=LINE('',#5257,#2588);
#2233=LINE('',#5259,#2589);
#2234=LINE('',#5261,#2590);
#2235=LINE('',#5263,#2591);
#2236=LINE('',#5265,#2592);
#2237=LINE('',#5267,#2593);
#2238=LINE('',#5269,#2594);
#2239=LINE('',#5271,#2595);
#2240=LINE('',#5273,#2596);
#2241=LINE('',#5275,#2597);
#2242=LINE('',#5276,#2598);
#2243=LINE('',#5278,#2599);
#2244=LINE('',#5280,#2600);
#2245=LINE('',#5282,#2601);
#2246=LINE('',#5284,#2602);
#2247=LINE('',#5286,#2603);
#2248=LINE('',#5288,#2604);
#2249=LINE('',#5290,#2605);
#2250=LINE('',#5292,#2606);
#2251=LINE('',#5294,#2607);
#2252=LINE('',#5295,#2608);
#2253=LINE('',#5297,#2609);
#2254=LINE('',#5299,#2610);
#2255=LINE('',#5301,#2611);
#2256=LINE('',#5303,#2612);
#2257=LINE('',#5305,#2613);
#2258=LINE('',#5307,#2614);
#2259=LINE('',#5309,#2615);
#2260=LINE('',#5311,#2616);
#2261=LINE('',#5313,#2617);
#2262=LINE('',#5316,#2618);
#2263=LINE('',#5318,#2619);
#2264=LINE('',#5320,#2620);
#2265=LINE('',#5322,#2621);
#2266=LINE('',#5324,#2622);
#2267=LINE('',#5326,#2623);
#2268=LINE('',#5328,#2624);
#2269=LINE('',#5330,#2625);
#2270=LINE('',#5332,#2626);
#2271=LINE('',#5334,#2627);
#2272=LINE('',#5336,#2628);
#2273=LINE('',#5337,#2629);
#2274=LINE('',#5342,#2630);
#2275=LINE('',#5346,#2631);
#2276=LINE('',#5350,#2632);
#2277=LINE('',#5353,#2633);
#2278=LINE('',#5356,#2634);
#2279=LINE('',#5358,#2635);
#2280=LINE('',#5360,#2636);
#2281=LINE('',#5362,#2637);
#2282=LINE('',#5364,#2638);
#2283=LINE('',#5365,#2639);
#2284=LINE('',#5368,#2640);
#2285=LINE('',#5370,#2641);
#2286=LINE('',#5372,#2642);
#2287=LINE('',#5374,#2643);
#2288=LINE('',#5376,#2644);
#2289=LINE('',#5377,#2645);
#2290=LINE('',#5380,#2646);
#2291=LINE('',#5382,#2647);
#2292=LINE('',#5384,#2648);
#2293=LINE('',#5386,#2649);
#2294=LINE('',#5388,#2650);
#2295=LINE('',#5389,#2651);
#2296=LINE('',#5392,#2652);
#2297=LINE('',#5394,#2653);
#2298=LINE('',#5396,#2654);
#2299=LINE('',#5398,#2655);
#2300=LINE('',#5400,#2656);
#2301=LINE('',#5401,#2657);
#2302=LINE('',#5404,#2658);
#2303=LINE('',#5406,#2659);
#2304=LINE('',#5408,#2660);
#2305=LINE('',#5410,#2661);
#2306=LINE('',#5412,#2662);
#2307=LINE('',#5414,#2663);
#2308=LINE('',#5416,#2664);
#2309=LINE('',#5418,#2665);
#2310=LINE('',#5420,#2666);
#2311=LINE('',#5422,#2667);
#2312=LINE('',#5424,#2668);
#2313=LINE('',#5428,#2669);
#2314=LINE('',#5430,#2670);
#2315=LINE('',#5434,#2671);
#2316=LINE('',#5438,#2672);
#2317=LINE('',#5442,#2673);
#2318=LINE('',#5446,#2674);
#2319=LINE('',#5450,#2675);
#2320=LINE('',#5453,#2676);
#2321=LINE('',#5456,#2677);
#2322=LINE('',#5458,#2678);
#2323=LINE('',#5460,#2679);
#2324=LINE('',#5462,#2680);
#2325=LINE('',#5465,#2681);
#2326=LINE('',#5468,#2682);
#2327=LINE('',#5470,#2683);
#2328=LINE('',#5472,#2684);
#2329=LINE('',#5494,#2685);
#2330=LINE('',#5497,#2686);
#2331=LINE('',#5498,#2687);
#2332=LINE('',#5499,#2688);
#2333=LINE('',#5501,#2689);
#2334=LINE('',#5504,#2690);
#2335=LINE('',#5506,#2691);
#2336=LINE('',#5508,#2692);
#2337=LINE('',#5509,#2693);
#2338=LINE('',#5510,#2694);
#2339=LINE('',#5512,#2695);
#2340=LINE('',#5514,#2696);
#2341=LINE('',#5516,#2697);
#2342=LINE('',#5519,#2698);
#2343=LINE('',#5521,#2699);
#2344=LINE('',#5523,#2700);
#2345=LINE('',#5525,#2701);
#2346=LINE('',#5528,#2702);
#2347=LINE('',#5530,#2703);
#2348=LINE('',#5532,#2704);
#2349=LINE('',#5534,#2705);
#2350=LINE('',#5537,#2706);
#2351=LINE('',#5539,#2707);
#2352=LINE('',#5541,#2708);
#2353=LINE('',#5542,#2709);
#2354=LINE('',#5544,#2710);
#2355=LINE('',#5546,#2711);
#2356=LINE('',#5547,#2712);
#2357=LINE('',#5549,#2713);
#2358=LINE('',#5551,#2714);
#2359=LINE('',#5553,#2715);
#2360=LINE('',#5556,#2716);
#2361=LINE('',#5557,#2717);
#2362=LINE('',#5558,#2718);
#2363=LINE('',#5566,#2719);
#2364=LINE('',#5567,#2720);
#2365=LINE('',#5568,#2721);
#2366=LINE('',#5570,#2722);
#2367=LINE('',#5572,#2723);
#2368=LINE('',#5574,#2724);
#2369=LINE('',#5576,#2725);
#2370=LINE('',#5578,#2726);
#2371=LINE('',#5580,#2727);
#2372=LINE('',#5582,#2728);
#2373=LINE('',#5584,#2729);
#2374=LINE('',#5592,#2730);
#2375=LINE('',#5596,#2731);
#2376=LINE('',#5605,#2732);
#2377=LINE('',#5607,#2733);
#2378=LINE('',#5609,#2734);
#2379=LINE('',#5611,#2735);
#2380=LINE('',#5613,#2736);
#2381=LINE('',#5615,#2737);
#2382=LINE('',#5617,#2738);
#2383=LINE('',#5619,#2739);
#2384=LINE('',#5621,#2740);
#2385=LINE('',#5623,#2741);
#2386=LINE('',#5625,#2742);
#2387=LINE('',#5626,#2743);
#2388=LINE('',#5628,#2744);
#2389=LINE('',#5630,#2745);
#2390=LINE('',#5632,#2746);
#2391=LINE('',#5634,#2747);
#2392=LINE('',#5636,#2748);
#2393=LINE('',#5638,#2749);
#2394=LINE('',#5640,#2750);
#2395=LINE('',#5642,#2751);
#2396=LINE('',#5644,#2752);
#2397=LINE('',#5646,#2753);
#2398=LINE('',#5654,#2754);
#2399=LINE('',#5658,#2755);
#2400=LINE('',#5667,#2756);
#2401=LINE('',#5669,#2757);
#2402=LINE('',#5671,#2758);
#2403=LINE('',#5673,#2759);
#2404=LINE('',#5675,#2760);
#2405=LINE('',#5677,#2761);
#2406=LINE('',#5679,#2762);
#2407=LINE('',#5681,#2763);
#2408=LINE('',#5683,#2764);
#2409=LINE('',#5695,#2765);
#2410=LINE('',#5703,#2766);
#2411=LINE('',#5707,#2767);
#2412=LINE('',#5718,#2768);
#2413=LINE('',#5724,#2769);
#2414=LINE('',#5732,#2770);
#2415=LINE('',#5734,#2771);
#2416=LINE('',#5737,#2772);
#2417=LINE('',#5739,#2773);
#2418=LINE('',#5741,#2774);
#2419=LINE('',#5743,#2775);
#2420=LINE('',#5745,#2776);
#2421=LINE('',#5747,#2777);
#2422=LINE('',#5748,#2778);
#2423=LINE('',#5750,#2779);
#2424=LINE('',#5757,#2780);
#2425=LINE('',#5759,#2781);
#2426=LINE('',#5761,#2782);
#2427=LINE('',#5763,#2783);
#2428=LINE('',#5764,#2784);
#2429=LINE('',#5766,#2785);
#2430=LINE('',#5768,#2786);
#2431=LINE('',#5770,#2787);
#2432=LINE('',#5772,#2788);
#2433=LINE('',#5774,#2789);
#2434=LINE('',#5776,#2790);
#2435=LINE('',#5778,#2791);
#2436=LINE('',#5781,#2792);
#2437=LINE('',#5783,#2793);
#2438=LINE('',#5785,#2794);
#2439=LINE('',#5787,#2795);
#2440=LINE('',#5789,#2796);
#2441=LINE('',#5791,#2797);
#2442=LINE('',#5793,#2798);
#2443=LINE('',#5795,#2799);
#2444=LINE('',#5797,#2800);
#2445=LINE('',#5799,#2801);
#2446=LINE('',#5807,#2802);
#2447=LINE('',#5812,#2803);
#2448=LINE('',#5816,#2804);
#2449=LINE('',#5821,#2805);
#2450=LINE('',#5825,#2806);
#2451=LINE('',#5827,#2807);
#2452=LINE('',#5831,#2808);
#2453=LINE('',#5833,#2809);
#2454=LINE('',#5834,#2810);
#2455=LINE('',#5836,#2811);
#2456=LINE('',#5838,#2812);
#2457=LINE('',#5840,#2813);
#2458=LINE('',#5846,#2814);
#2459=LINE('',#5848,#2815);
#2460=LINE('',#5850,#2816);
#2461=LINE('',#5852,#2817);
#2462=LINE('',#5854,#2818);
#2463=LINE('',#5856,#2819);
#2464=LINE('',#5857,#2820);
#2465=LINE('',#5859,#2821);
#2466=LINE('',#5860,#2822);
#2467=LINE('',#5862,#2823);
#2468=LINE('',#5888,#2824);
#2469=LINE('',#5892,#2825);
#2470=LINE('',#5927,#2826);
#2471=LINE('',#5931,#2827);
#2472=LINE('',#5935,#2828);
#2473=LINE('',#5942,#2829);
#2474=LINE('',#5946,#2830);
#2475=LINE('',#5950,#2831);
#2476=LINE('',#5958,#2832);
#2477=LINE('',#5964,#2833);
#2478=LINE('',#5969,#2834);
#2479=LINE('',#5973,#2835);
#2480=LINE('',#5978,#2836);
#2481=LINE('',#5982,#2837);
#2482=LINE('',#5985,#2838);
#2483=LINE('',#5993,#2839);
#2484=LINE('',#5998,#2840);
#2485=LINE('',#6004,#2841);
#2486=LINE('',#6009,#2842);
#2487=LINE('',#6019,#2843);
#2488=LINE('',#6023,#2844);
#2489=LINE('',#6026,#2845);
#2490=LINE('',#6030,#2846);
#2491=LINE('',#6032,#2847);
#2492=LINE('',#6034,#2848);
#2493=LINE('',#6036,#2849);
#2494=LINE('',#6041,#2850);
#2495=LINE('',#6042,#2851);
#2496=LINE('',#6044,#2852);
#2497=LINE('',#6048,#2853);
#2498=LINE('',#6050,#2854);
#2499=LINE('',#6053,#2855);
#2500=LINE('',#6054,#2856);
#2501=LINE('',#6058,#2857);
#2502=LINE('',#6062,#2858);
#2503=LINE('',#6066,#2859);
#2504=LINE('',#6067,#2860);
#2505=LINE('',#6069,#2861);
#2506=LINE('',#6073,#2862);
#2507=LINE('',#6075,#2863);
#2508=LINE('',#6077,#2864);
#2509=LINE('',#6080,#2865);
#2510=LINE('',#6086,#2866);
#2511=LINE('',#6087,#2867);
#2512=LINE('',#6119,#2868);
#2513=LINE('',#6121,#2869);
#2514=LINE('',#6123,#2870);
#2515=LINE('',#6125,#2871);
#2516=LINE('',#6127,#2872);
#2517=LINE('',#6129,#2873);
#2518=LINE('',#6131,#2874);
#2519=LINE('',#6133,#2875);
#2520=LINE('',#6135,#2876);
#2521=LINE('',#6137,#2877);
#2522=LINE('',#6139,#2878);
#2523=LINE('',#6141,#2879);
#2524=LINE('',#6144,#2880);
#2525=LINE('',#6146,#2881);
#2526=LINE('',#6148,#2882);
#2527=LINE('',#6150,#2883);
#2528=LINE('',#6152,#2884);
#2529=LINE('',#6154,#2885);
#2530=LINE('',#6156,#2886);
#2531=LINE('',#6158,#2887);
#2532=LINE('',#6160,#2888);
#2533=LINE('',#6162,#2889);
#2534=LINE('',#6164,#2890);
#2535=LINE('',#6166,#2891);
#2536=LINE('',#6169,#2892);
#2537=LINE('',#6171,#2893);
#2538=LINE('',#6173,#2894);
#2539=LINE('',#6175,#2895);
#2540=LINE('',#6177,#2896);
#2541=LINE('',#6179,#2897);
#2542=LINE('',#6181,#2898);
#2543=LINE('',#6183,#2899);
#2544=LINE('',#6185,#2900);
#2545=LINE('',#6187,#2901);
#2546=LINE('',#6189,#2902);
#2547=LINE('',#6191,#2903);
#2548=LINE('',#6194,#2904);
#2549=LINE('',#6196,#2905);
#2550=LINE('',#6198,#2906);
#2551=LINE('',#6200,#2907);
#2552=LINE('',#6202,#2908);
#2553=LINE('',#6204,#2909);
#2554=LINE('',#6206,#2910);
#2555=LINE('',#6208,#2911);
#2556=LINE('',#6210,#2912);
#2557=LINE('',#6212,#2913);
#2558=LINE('',#6214,#2914);
#2559=LINE('',#6216,#2915);
#2560=LINE('',#6223,#2916);
#2561=LINE('',#6224,#2917);
#2562=LINE('',#6226,#2918);
#2563=LINE('',#6227,#2919);
#2564=LINE('',#6229,#2920);
#2565=LINE('',#6230,#2921);
#2566=LINE('',#6232,#2922);
#2567=LINE('',#6233,#2923);
#2568=VECTOR('',#4101,1.);
#2569=VECTOR('',#4102,1.);
#2570=VECTOR('',#4105,1.);
#2571=VECTOR('',#4108,1.);
#2572=VECTOR('',#4109,1.);
#2573=VECTOR('',#4110,1.);
#2574=VECTOR('',#4115,1.);
#2575=VECTOR('',#4116,1.);
#2576=VECTOR('',#4117,1.);
#2577=VECTOR('',#4118,1.);
#2578=VECTOR('',#4121,1.);
#2579=VECTOR('',#4124,1.);
#2580=VECTOR('',#4127,1.);
#2581=VECTOR('',#4128,1.);
#2582=VECTOR('',#4129,1.);
#2583=VECTOR('',#4130,1.);
#2584=VECTOR('',#4131,1.);
#2585=VECTOR('',#4134,1.);
#2586=VECTOR('',#4139,1.);
#2587=VECTOR('',#4140,1.);
#2588=VECTOR('',#4141,1.);
#2589=VECTOR('',#4142,1.);
#2590=VECTOR('',#4143,1.);
#2591=VECTOR('',#4144,1.);
#2592=VECTOR('',#4145,1.);
#2593=VECTOR('',#4146,1.);
#2594=VECTOR('',#4147,1.);
#2595=VECTOR('',#4148,1.);
#2596=VECTOR('',#4149,1.);
#2597=VECTOR('',#4152,1.);
#2598=VECTOR('',#4153,1.);
#2599=VECTOR('',#4154,1.);
#2600=VECTOR('',#4155,1.);
#2601=VECTOR('',#4156,1.);
#2602=VECTOR('',#4157,1.);
#2603=VECTOR('',#4158,1.);
#2604=VECTOR('',#4159,1.);
#2605=VECTOR('',#4160,1.);
#2606=VECTOR('',#4161,1.);
#2607=VECTOR('',#4164,1.);
#2608=VECTOR('',#4165,1.);
#2609=VECTOR('',#4166,1.);
#2610=VECTOR('',#4167,1.);
#2611=VECTOR('',#4168,1.);
#2612=VECTOR('',#4169,1.);
#2613=VECTOR('',#4170,1.);
#2614=VECTOR('',#4171,1.);
#2615=VECTOR('',#4172,1.);
#2616=VECTOR('',#4173,1.);
#2617=VECTOR('',#4176,1.);
#2618=VECTOR('',#4177,1.);
#2619=VECTOR('',#4178,1.);
#2620=VECTOR('',#4179,1.);
#2621=VECTOR('',#4180,1.);
#2622=VECTOR('',#4181,1.);
#2623=VECTOR('',#4182,1.);
#2624=VECTOR('',#4183,1.);
#2625=VECTOR('',#4184,1.);
#2626=VECTOR('',#4185,1.);
#2627=VECTOR('',#4186,1.);
#2628=VECTOR('',#4187,1.);
#2629=VECTOR('',#4188,1.);
#2630=VECTOR('',#4191,1.);
#2631=VECTOR('',#4194,1.);
#2632=VECTOR('',#4197,1.);
#2633=VECTOR('',#4200,1.);
#2634=VECTOR('',#4201,1.);
#2635=VECTOR('',#4202,1.);
#2636=VECTOR('',#4203,1.);
#2637=VECTOR('',#4204,1.);
#2638=VECTOR('',#4205,1.);
#2639=VECTOR('',#4206,1.);
#2640=VECTOR('',#4207,1.);
#2641=VECTOR('',#4208,1.);
#2642=VECTOR('',#4209,1.);
#2643=VECTOR('',#4210,1.);
#2644=VECTOR('',#4211,1.);
#2645=VECTOR('',#4212,1.);
#2646=VECTOR('',#4213,1.);
#2647=VECTOR('',#4214,1.);
#2648=VECTOR('',#4215,1.);
#2649=VECTOR('',#4216,1.);
#2650=VECTOR('',#4217,1.);
#2651=VECTOR('',#4218,1.);
#2652=VECTOR('',#4219,1.);
#2653=VECTOR('',#4220,1.);
#2654=VECTOR('',#4221,1.);
#2655=VECTOR('',#4222,1.);
#2656=VECTOR('',#4223,1.);
#2657=VECTOR('',#4224,1.);
#2658=VECTOR('',#4225,1.);
#2659=VECTOR('',#4226,1.);
#2660=VECTOR('',#4227,1.);
#2661=VECTOR('',#4228,1.);
#2662=VECTOR('',#4229,1.);
#2663=VECTOR('',#4230,1.);
#2664=VECTOR('',#4231,1.);
#2665=VECTOR('',#4232,1.);
#2666=VECTOR('',#4233,1.);
#2667=VECTOR('',#4234,1.);
#2668=VECTOR('',#4235,1.);
#2669=VECTOR('',#4240,1.);
#2670=VECTOR('',#4243,1.);
#2671=VECTOR('',#4248,1.);
#2672=VECTOR('',#4253,1.);
#2673=VECTOR('',#4258,1.);
#2674=VECTOR('',#4263,1.);
#2675=VECTOR('',#4268,1.);
#2676=VECTOR('',#4269,1.);
#2677=VECTOR('',#4272,1.);
#2678=VECTOR('',#4273,1.);
#2679=VECTOR('',#4274,1.);
#2680=VECTOR('',#4277,1.);
#2681=VECTOR('',#4278,1.);
#2682=VECTOR('',#4281,1.);
#2683=VECTOR('',#4282,1.);
#2684=VECTOR('',#4283,1.);
#2685=VECTOR('',#4310,1.);
#2686=VECTOR('',#4311,1.);
#2687=VECTOR('',#4312,1.);
#2688=VECTOR('',#4313,1.);
#2689=VECTOR('',#4316,1.);
#2690=VECTOR('',#4317,1.);
#2691=VECTOR('',#4318,1.);
#2692=VECTOR('',#4319,1.);
#2693=VECTOR('',#4320,1.);
#2694=VECTOR('',#4321,1.);
#2695=VECTOR('',#4322,1.);
#2696=VECTOR('',#4323,1.);
#2697=VECTOR('',#4326,1.);
#2698=VECTOR('',#4327,1.);
#2699=VECTOR('',#4328,1.);
#2700=VECTOR('',#4329,1.);
#2701=VECTOR('',#4332,1.);
#2702=VECTOR('',#4333,1.);
#2703=VECTOR('',#4334,1.);
#2704=VECTOR('',#4335,1.);
#2705=VECTOR('',#4338,1.);
#2706=VECTOR('',#4339,1.);
#2707=VECTOR('',#4340,1.);
#2708=VECTOR('',#4341,1.);
#2709=VECTOR('',#4342,1.);
#2710=VECTOR('',#4343,1.);
#2711=VECTOR('',#4344,1.);
#2712=VECTOR('',#4345,1.);
#2713=VECTOR('',#4346,1.);
#2714=VECTOR('',#4347,1.);
#2715=VECTOR('',#4350,1.);
#2716=VECTOR('',#4351,1.);
#2717=VECTOR('',#4352,1.);
#2718=VECTOR('',#4353,1.);
#2719=VECTOR('',#4368,1.);
#2720=VECTOR('',#4369,1.);
#2721=VECTOR('',#4370,1.);
#2722=VECTOR('',#4371,1.);
#2723=VECTOR('',#4372,1.);
#2724=VECTOR('',#4373,1.);
#2725=VECTOR('',#4374,1.);
#2726=VECTOR('',#4375,1.);
#2727=VECTOR('',#4376,1.);
#2728=VECTOR('',#4377,1.);
#2729=VECTOR('',#4378,1.);
#2730=VECTOR('',#4385,1.);
#2731=VECTOR('',#4388,1.);
#2732=VECTOR('',#4397,1.);
#2733=VECTOR('',#4398,1.);
#2734=VECTOR('',#4399,1.);
#2735=VECTOR('',#4400,1.);
#2736=VECTOR('',#4401,1.);
#2737=VECTOR('',#4402,1.);
#2738=VECTOR('',#4403,1.);
#2739=VECTOR('',#4404,1.);
#2740=VECTOR('',#4405,1.);
#2741=VECTOR('',#4406,1.);
#2742=VECTOR('',#4407,1.);
#2743=VECTOR('',#4408,1.);
#2744=VECTOR('',#4409,1.);
#2745=VECTOR('',#4410,1.);
#2746=VECTOR('',#4411,1.);
#2747=VECTOR('',#4412,1.);
#2748=VECTOR('',#4413,1.);
#2749=VECTOR('',#4414,1.);
#2750=VECTOR('',#4415,1.);
#2751=VECTOR('',#4416,1.);
#2752=VECTOR('',#4417,1.);
#2753=VECTOR('',#4418,1.);
#2754=VECTOR('',#4425,1.);
#2755=VECTOR('',#4428,1.);
#2756=VECTOR('',#4437,1.);
#2757=VECTOR('',#4438,1.);
#2758=VECTOR('',#4439,1.);
#2759=VECTOR('',#4440,1.);
#2760=VECTOR('',#4441,1.);
#2761=VECTOR('',#4442,1.);
#2762=VECTOR('',#4443,1.);
#2763=VECTOR('',#4444,1.);
#2764=VECTOR('',#4445,1.);
#2765=VECTOR('',#4458,1.);
#2766=VECTOR('',#4467,1.);
#2767=VECTOR('',#4472,1.);
#2768=VECTOR('',#4487,1.);
#2769=VECTOR('',#4494,1.);
#2770=VECTOR('',#4503,1.);
#2771=VECTOR('',#4506,1.);
#2772=VECTOR('',#4507,1.);
#2773=VECTOR('',#4508,1.);
#2774=VECTOR('',#4509,1.);
#2775=VECTOR('',#4510,1.);
#2776=VECTOR('',#4511,1.);
#2777=VECTOR('',#4512,1.);
#2778=VECTOR('',#4513,1.);
#2779=VECTOR('',#4514,1.);
#2780=VECTOR('',#4521,1.);
#2781=VECTOR('',#4524,1.);
#2782=VECTOR('',#4525,1.);
#2783=VECTOR('',#4526,1.);
#2784=VECTOR('',#4527,1.);
#2785=VECTOR('',#4528,1.);
#2786=VECTOR('',#4529,1.);
#2787=VECTOR('',#4530,1.);
#2788=VECTOR('',#4531,1.);
#2789=VECTOR('',#4532,1.);
#2790=VECTOR('',#4533,1.);
#2791=VECTOR('',#4536,1.);
#2792=VECTOR('',#4541,1.);
#2793=VECTOR('',#4542,1.);
#2794=VECTOR('',#4545,1.);
#2795=VECTOR('',#4546,1.);
#2796=VECTOR('',#4547,1.);
#2797=VECTOR('',#4548,1.);
#2798=VECTOR('',#4549,1.);
#2799=VECTOR('',#4550,1.);
#2800=VECTOR('',#4551,1.);
#2801=VECTOR('',#4552,1.);
#2802=VECTOR('',#4559,1.);
#2803=VECTOR('',#4564,1.);
#2804=VECTOR('',#4567,1.);
#2805=VECTOR('',#4572,1.);
#2806=VECTOR('',#4575,1.);
#2807=VECTOR('',#4578,1.);
#2808=VECTOR('',#4585,1.);
#2809=VECTOR('',#4586,1.);
#2810=VECTOR('',#4587,1.);
#2811=VECTOR('',#4590,1.);
#2812=VECTOR('',#4591,1.);
#2813=VECTOR('',#4592,1.);
#2814=VECTOR('',#4601,1.);
#2815=VECTOR('',#4604,1.);
#2816=VECTOR('',#4605,1.);
#2817=VECTOR('',#4608,1.);
#2818=VECTOR('',#4611,1.);
#2819=VECTOR('',#4614,1.);
#2820=VECTOR('',#4615,1.);
#2821=VECTOR('',#4618,1.);
#2822=VECTOR('',#4619,1.);
#2823=VECTOR('',#4622,1.);
#2824=VECTOR('',#4663,1.);
#2825=VECTOR('',#4668,1.);
#2826=VECTOR('',#4733,1.);
#2827=VECTOR('',#4736,1.);
#2828=VECTOR('',#4741,1.);
#2829=VECTOR('',#4748,1.);
#2830=VECTOR('',#4751,1.);
#2831=VECTOR('',#4756,1.);
#2832=VECTOR('',#4765,1.);
#2833=VECTOR('',#4772,1.);
#2834=VECTOR('',#4777,1.);
#2835=VECTOR('',#4780,1.);
#2836=VECTOR('',#4785,1.);
#2837=VECTOR('',#4788,1.);
#2838=VECTOR('',#4793,1.);
#2839=VECTOR('',#4806,1.);
#2840=VECTOR('',#4813,1.);
#2841=VECTOR('',#4820,1.);
#2842=VECTOR('',#4827,1.);
#2843=VECTOR('',#4844,1.);
#2844=VECTOR('',#4849,1.);
#2845=VECTOR('',#4854,1.);
#2846=VECTOR('',#4859,1.);
#2847=VECTOR('',#4862,1.);
#2848=VECTOR('',#4863,1.);
#2849=VECTOR('',#4864,1.);
#2850=VECTOR('',#4869,1.);
#2851=VECTOR('',#4870,1.);
#2852=VECTOR('',#4873,1.);
#2853=VECTOR('',#4876,1.);
#2854=VECTOR('',#4879,1.);
#2855=VECTOR('',#4880,1.);
#2856=VECTOR('',#4881,1.);
#2857=VECTOR('',#4886,1.);
#2858=VECTOR('',#4893,1.);
#2859=VECTOR('',#4898,1.);
#2860=VECTOR('',#4899,1.);
#2861=VECTOR('',#4900,1.);
#2862=VECTOR('',#4907,1.);
#2863=VECTOR('',#4908,1.);
#2864=VECTOR('',#4909,1.);
#2865=VECTOR('',#4914,1.);
#2866=VECTOR('',#4925,1.);
#2867=VECTOR('',#4926,1.);
#2868=VECTOR('',#4981,1.);
#2869=VECTOR('',#4982,1.);
#2870=VECTOR('',#4983,1.);
#2871=VECTOR('',#4986,1.);
#2872=VECTOR('',#4987,1.);
#2873=VECTOR('',#4990,1.);
#2874=VECTOR('',#4991,1.);
#2875=VECTOR('',#4994,1.);
#2876=VECTOR('',#4995,1.);
#2877=VECTOR('',#4998,1.);
#2878=VECTOR('',#4999,1.);
#2879=VECTOR('',#5002,1.);
#2880=VECTOR('',#5007,1.);
#2881=VECTOR('',#5008,1.);
#2882=VECTOR('',#5009,1.);
#2883=VECTOR('',#5012,1.);
#2884=VECTOR('',#5013,1.);
#2885=VECTOR('',#5016,1.);
#2886=VECTOR('',#5017,1.);
#2887=VECTOR('',#5020,1.);
#2888=VECTOR('',#5021,1.);
#2889=VECTOR('',#5024,1.);
#2890=VECTOR('',#5025,1.);
#2891=VECTOR('',#5028,1.);
#2892=VECTOR('',#5033,1.);
#2893=VECTOR('',#5034,1.);
#2894=VECTOR('',#5035,1.);
#2895=VECTOR('',#5038,1.);
#2896=VECTOR('',#5039,1.);
#2897=VECTOR('',#5042,1.);
#2898=VECTOR('',#5043,1.);
#2899=VECTOR('',#5046,1.);
#2900=VECTOR('',#5047,1.);
#2901=VECTOR('',#5050,1.);
#2902=VECTOR('',#5051,1.);
#2903=VECTOR('',#5054,1.);
#2904=VECTOR('',#5059,1.);
#2905=VECTOR('',#5060,1.);
#2906=VECTOR('',#5061,1.);
#2907=VECTOR('',#5064,1.);
#2908=VECTOR('',#5065,1.);
#2909=VECTOR('',#5068,1.);
#2910=VECTOR('',#5069,1.);
#2911=VECTOR('',#5072,1.);
#2912=VECTOR('',#5073,1.);
#2913=VECTOR('',#5076,1.);
#2914=VECTOR('',#5077,1.);
#2915=VECTOR('',#5080,1.);
#2916=VECTOR('',#5093,1.);
#2917=VECTOR('',#5094,1.);
#2918=VECTOR('',#5097,1.);
#2919=VECTOR('',#5098,1.);
#2920=VECTOR('',#5101,1.);
#2921=VECTOR('',#5102,1.);
#2922=VECTOR('',#5105,1.);
#2923=VECTOR('',#5106,1.);
#2924=EDGE_LOOP('',(#272,#273,#274,#275));
#2925=EDGE_LOOP('',(#276,#277,#278,#279));
#2926=EDGE_LOOP('',(#280,#281,#282,#283,#284,#285,#286,#287));
#2927=EDGE_LOOP('',(#288,#289,#290,#291,#292,#293,#294,#295));
#2928=EDGE_LOOP('',(#296,#297,#298,#299,#300,#301,#302,#303,#304,#305,#306,
#307));
#2929=EDGE_LOOP('',(#308,#309,#310,#311,#312,#313,#314,#315,#316,#317,#318,
#319));
#2930=EDGE_LOOP('',(#320,#321,#322,#323,#324,#325,#326,#327,#328,#329,#330,
#331));
#2931=EDGE_LOOP('',(#332,#333,#334,#335,#336,#337,#338,#339,#340,#341,#342,
#343));
#2932=EDGE_LOOP('',(#344,#345,#346,#347,#348,#349,#350,#351));
#2933=EDGE_LOOP('',(#352,#353,#354,#355,#356,#357));
#2934=EDGE_LOOP('',(#358,#359,#360,#361,#362,#363));
#2935=EDGE_LOOP('',(#364,#365,#366,#367,#368,#369));
#2936=EDGE_LOOP('',(#370,#371,#372,#373,#374,#375));
#2937=EDGE_LOOP('',(#376,#377,#378,#379,#380,#381,#382,#383,#384,#385,#386,
#387));
#2938=EDGE_LOOP('',(#388,#389,#390));
#2939=EDGE_LOOP('',(#391,#392,#393));
#2940=EDGE_LOOP('',(#394,#395,#396));
#2941=EDGE_LOOP('',(#397,#398,#399));
#2942=EDGE_LOOP('',(#400,#401,#402));
#2943=EDGE_LOOP('',(#403,#404,#405));
#2944=EDGE_LOOP('',(#406,#407,#408,#409,#410,#411));
#2945=EDGE_LOOP('',(#412,#413,#414,#415,#416,#417));
#2946=EDGE_LOOP('',(#418));
#2947=EDGE_LOOP('',(#419));
#2948=EDGE_LOOP('',(#420));
#2949=EDGE_LOOP('',(#421));
#2950=EDGE_LOOP('',(#422));
#2951=EDGE_LOOP('',(#423));
#2952=EDGE_LOOP('',(#424));
#2953=EDGE_LOOP('',(#425));
#2954=EDGE_LOOP('',(#426,#427,#428,#429,#430,#431,#432,#433));
#2955=EDGE_LOOP('',(#434,#435,#436,#437));
#2956=EDGE_LOOP('',(#438,#439,#440,#441,#442,#443,#444,#445));
#2957=EDGE_LOOP('',(#446,#447,#448,#449));
#2958=EDGE_LOOP('',(#450,#451,#452,#453));
#2959=EDGE_LOOP('',(#454,#455,#456,#457));
#2960=EDGE_LOOP('',(#458,#459,#460,#461,#462,#463,#464,#465));
#2961=EDGE_LOOP('',(#466,#467,#468,#469,#470,#471,#472,#473));
#2962=EDGE_LOOP('',(#474,#475,#476,#477));
#2963=EDGE_LOOP('',(#478,#479,#480,#481));
#2964=EDGE_LOOP('',(#482,#483,#484,#485,#486,#487,#488,#489,#490,#491,#492,
#493,#494,#495,#496,#497,#498,#499,#500,#501,#502,#503,#504,#505,#506,#507,
#508,#509,#510,#511,#512,#513,#514,#515,#516,#517,#518,#519,#520,#521,#522,
#523,#524,#525,#526,#527,#528,#529,#530,#531,#532,#533,#534,#535,#536,#537,
#538,#539,#540,#541,#542,#543,#544,#545,#546,#547,#548,#549));
#2965=EDGE_LOOP('',(#550));
#2966=EDGE_LOOP('',(#551));
#2967=EDGE_LOOP('',(#552));
#2968=EDGE_LOOP('',(#553));
#2969=EDGE_LOOP('',(#554,#555,#556,#557));
#2970=EDGE_LOOP('',(#558,#559,#560,#561));
#2971=EDGE_LOOP('',(#562,#563,#564,#565));
#2972=EDGE_LOOP('',(#566,#567,#568,#569,#570));
#2973=EDGE_LOOP('',(#571,#572,#573,#574,#575));
#2974=EDGE_LOOP('',(#576,#577,#578,#579));
#2975=EDGE_LOOP('',(#580,#581,#582,#583,#584));
#2976=EDGE_LOOP('',(#585));
#2977=EDGE_LOOP('',(#586,#587,#588,#589,#590,#591,#592,#593,#594,#595,#596,
#597,#598,#599,#600));
#2978=EDGE_LOOP('',(#601,#602,#603,#604,#605,#606,#607,#608,#609,#610,#611,
#612));
#2979=EDGE_LOOP('',(#613,#614,#615,#616));
#2980=EDGE_LOOP('',(#617,#618,#619,#620));
#2981=EDGE_LOOP('',(#621,#622,#623,#624,#625,#626,#627,#628,#629,#630,#631,
#632,#633,#634,#635));
#2982=EDGE_LOOP('',(#636));
#2983=EDGE_LOOP('',(#637,#638,#639,#640));
#2984=EDGE_LOOP('',(#641,#642,#643,#644));
#2985=EDGE_LOOP('',(#645,#646,#647,#648));
#2986=EDGE_LOOP('',(#649,#650,#651,#652,#653,#654));
#2987=EDGE_LOOP('',(#655,#656,#657,#658));
#2988=EDGE_LOOP('',(#659,#660,#661,#662));
#2989=EDGE_LOOP('',(#663,#664,#665,#666));
#2990=EDGE_LOOP('',(#667,#668,#669,#670));
#2991=EDGE_LOOP('',(#671,#672,#673,#674));
#2992=EDGE_LOOP('',(#675,#676,#677,#678));
#2993=EDGE_LOOP('',(#679,#680,#681,#682));
#2994=EDGE_LOOP('',(#683,#684,#685,#686));
#2995=EDGE_LOOP('',(#687,#688,#689,#690));
#2996=EDGE_LOOP('',(#691));
#2997=EDGE_LOOP('',(#692));
#2998=EDGE_LOOP('',(#693));
#2999=EDGE_LOOP('',(#694));
#3000=EDGE_LOOP('',(#695));
#3001=EDGE_LOOP('',(#696));
#3002=EDGE_LOOP('',(#697,#698,#699,#700,#701));
#3003=EDGE_LOOP('',(#702,#703,#704,#705,#706,#707));
#3004=EDGE_LOOP('',(#708,#709,#710,#711,#712));
#3005=EDGE_LOOP('',(#713,#714,#715,#716,#717,#718));
#3006=EDGE_LOOP('',(#719,#720,#721,#722));
#3007=EDGE_LOOP('',(#723,#724,#725,#726));
#3008=EDGE_LOOP('',(#727,#728,#729,#730));
#3009=EDGE_LOOP('',(#731,#732,#733,#734,#735,#736,#737,#738));
#3010=EDGE_LOOP('',(#739,#740,#741,#742,#743,#744));
#3011=EDGE_LOOP('',(#745,#746,#747,#748));
#3012=EDGE_LOOP('',(#749,#750,#751,#752,#753,#754,#755,#756));
#3013=EDGE_LOOP('',(#757,#758,#759,#760,#761,#762));
#3014=EDGE_LOOP('',(#763,#764,#765,#766));
#3015=EDGE_LOOP('',(#767,#768,#769,#770));
#3016=EDGE_LOOP('',(#771,#772,#773,#774,#775));
#3017=EDGE_LOOP('',(#776,#777,#778,#779));
#3018=EDGE_LOOP('',(#780,#781,#782,#783));
#3019=EDGE_LOOP('',(#784,#785,#786,#787));
#3020=EDGE_LOOP('',(#788,#789,#790,#791));
#3021=EDGE_LOOP('',(#792,#793,#794,#795));
#3022=EDGE_LOOP('',(#796,#797,#798,#799));
#3023=EDGE_LOOP('',(#800,#801,#802,#803));
#3024=EDGE_LOOP('',(#804,#805,#806,#807));
#3025=EDGE_LOOP('',(#808,#809,#810,#811));
#3026=EDGE_LOOP('',(#812,#813,#814,#815));
#3027=EDGE_LOOP('',(#816,#817,#818,#819));
#3028=EDGE_LOOP('',(#820,#821,#822,#823));
#3029=EDGE_LOOP('',(#824,#825,#826,#827));
#3030=EDGE_LOOP('',(#828,#829,#830,#831));
#3031=EDGE_LOOP('',(#832,#833,#834,#835));
#3032=EDGE_LOOP('',(#836,#837,#838,#839));
#3033=EDGE_LOOP('',(#840,#841,#842,#843,#844));
#3034=EDGE_LOOP('',(#845,#846,#847,#848));
#3035=EDGE_LOOP('',(#849,#850,#851,#852));
#3036=EDGE_LOOP('',(#853,#854,#855,#856,#857,#858));
#3037=EDGE_LOOP('',(#859,#860,#861,#862));
#3038=EDGE_LOOP('',(#863,#864,#865,#866,#867,#868));
#3039=EDGE_LOOP('',(#869,#870,#871,#872));
#3040=EDGE_LOOP('',(#873,#874,#875,#876));
#3041=EDGE_LOOP('',(#877,#878,#879,#880));
#3042=EDGE_LOOP('',(#881,#882,#883,#884,#885,#886));
#3043=EDGE_LOOP('',(#887,#888,#889,#890,#891));
#3044=EDGE_LOOP('',(#892,#893,#894,#895,#896,#897));
#3045=EDGE_LOOP('',(#898,#899,#900,#901,#902));
#3046=EDGE_LOOP('',(#903,#904,#905,#906));
#3047=EDGE_LOOP('',(#907,#908,#909,#910));
#3048=EDGE_LOOP('',(#911,#912,#913,#914));
#3049=EDGE_LOOP('',(#915,#916,#917,#918));
#3050=EDGE_LOOP('',(#919,#920,#921,#922));
#3051=EDGE_LOOP('',(#923,#924,#925,#926));
#3052=EDGE_LOOP('',(#927,#928,#929,#930));
#3053=EDGE_LOOP('',(#931,#932,#933,#934,#935,#936));
#3054=EDGE_LOOP('',(#937,#938,#939,#940));
#3055=EDGE_LOOP('',(#941,#942,#943,#944));
#3056=EDGE_LOOP('',(#945,#946,#947,#948,#949,#950,#951,#952,#953,#954,#955,
#956,#957,#958,#959));
#3057=EDGE_LOOP('',(#960));
#3058=EDGE_LOOP('',(#961,#962,#963,#964));
#3059=EDGE_LOOP('',(#965));
#3060=EDGE_LOOP('',(#966,#967,#968,#969,#970,#971,#972,#973,#974,#975,#976,
#977,#978,#979,#980));
#3061=EDGE_LOOP('',(#981,#982,#983,#984,#985));
#3062=EDGE_LOOP('',(#986,#987,#988,#989));
#3063=EDGE_LOOP('',(#990,#991,#992,#993,#994));
#3064=EDGE_LOOP('',(#995,#996,#997,#998,#999));
#3065=EDGE_LOOP('',(#1000,#1001,#1002,#1003));
#3066=EDGE_LOOP('',(#1004,#1005,#1006,#1007,#1008,#1009,#1010,#1011));
#3067=EDGE_LOOP('',(#1012,#1013,#1014,#1015,#1016,#1017,#1018,#1019));
#3068=EDGE_LOOP('',(#1020,#1021,#1022,#1023));
#3069=EDGE_LOOP('',(#1024,#1025,#1026,#1027));
#3070=EDGE_LOOP('',(#1028));
#3071=EDGE_LOOP('',(#1029));
#3072=EDGE_LOOP('',(#1030));
#3073=EDGE_LOOP('',(#1031));
#3074=EDGE_LOOP('',(#1032));
#3075=EDGE_LOOP('',(#1033));
#3076=EDGE_LOOP('',(#1034,#1035,#1036));
#3077=EDGE_LOOP('',(#1037,#1038,#1039));
#3078=EDGE_LOOP('',(#1040,#1041,#1042,#1043));
#3079=EDGE_LOOP('',(#1044,#1045,#1046,#1047));
#3080=EDGE_LOOP('',(#1048,#1049,#1050,#1051));
#3081=EDGE_LOOP('',(#1052,#1053,#1054,#1055));
#3082=EDGE_LOOP('',(#1056,#1057,#1058,#1059));
#3083=EDGE_LOOP('',(#1060,#1061,#1062,#1063));
#3084=EDGE_LOOP('',(#1064));
#3085=EDGE_LOOP('',(#1065,#1066,#1067,#1068,#1069,#1070));
#3086=EDGE_LOOP('',(#1071,#1072,#1073,#1074));
#3087=EDGE_LOOP('',(#1075,#1076,#1077,#1078));
#3088=EDGE_LOOP('',(#1079,#1080,#1081,#1082));
#3089=EDGE_LOOP('',(#1083,#1084,#1085,#1086));
#3090=EDGE_LOOP('',(#1087,#1088,#1089,#1090));
#3091=EDGE_LOOP('',(#1091,#1092,#1093,#1094));
#3092=EDGE_LOOP('',(#1095,#1096,#1097,#1098,#1099,#1100));
#3093=EDGE_LOOP('',(#1101));
#3094=EDGE_LOOP('',(#1102,#1103,#1104,#1105));
#3095=EDGE_LOOP('',(#1106,#1107,#1108,#1109));
#3096=EDGE_LOOP('',(#1110,#1111,#1112,#1113));
#3097=EDGE_LOOP('',(#1114,#1115,#1116,#1117));
#3098=EDGE_LOOP('',(#1118,#1119,#1120,#1121));
#3099=EDGE_LOOP('',(#1122,#1123,#1124,#1125));
#3100=EDGE_LOOP('',(#1126));
#3101=EDGE_LOOP('',(#1127,#1128,#1129,#1130,#1131,#1132));
#3102=EDGE_LOOP('',(#1133,#1134,#1135,#1136));
#3103=EDGE_LOOP('',(#1137,#1138,#1139,#1140));
#3104=EDGE_LOOP('',(#1141,#1142,#1143,#1144));
#3105=EDGE_LOOP('',(#1145,#1146,#1147,#1148));
#3106=EDGE_LOOP('',(#1149,#1150,#1151,#1152));
#3107=EDGE_LOOP('',(#1153,#1154,#1155,#1156));
#3108=EDGE_LOOP('',(#1157,#1158,#1159,#1160,#1161,#1162));
#3109=EDGE_LOOP('',(#1163));
#3110=EDGE_LOOP('',(#1164));
#3111=EDGE_LOOP('',(#1165));
#3112=EDGE_LOOP('',(#1166));
#3113=EDGE_LOOP('',(#1167));
#3114=EDGE_LOOP('',(#1168));
#3115=EDGE_LOOP('',(#1169));
#3116=EDGE_LOOP('',(#1170));
#3117=EDGE_LOOP('',(#1171));
#3118=EDGE_LOOP('',(#1172,#1173,#1174,#1175));
#3119=EDGE_LOOP('',(#1176,#1177,#1178,#1179));
#3120=EDGE_LOOP('',(#1180,#1181,#1182,#1183));
#3121=EDGE_LOOP('',(#1184,#1185,#1186,#1187));
#3122=EDGE_LOOP('',(#1188,#1189,#1190,#1191));
#3123=EDGE_LOOP('',(#1192,#1193,#1194,#1195,#1196,#1197));
#3124=EDGE_LOOP('',(#1198,#1199,#1200,#1201));
#3125=EDGE_LOOP('',(#1202,#1203,#1204,#1205));
#3126=EDGE_LOOP('',(#1206,#1207,#1208,#1209));
#3127=EDGE_LOOP('',(#1210,#1211,#1212,#1213));
#3128=EDGE_LOOP('',(#1214,#1215,#1216,#1217,#1218,#1219));
#3129=EDGE_LOOP('',(#1220,#1221,#1222,#1223));
#3130=EDGE_LOOP('',(#1224,#1225,#1226,#1227));
#3131=EDGE_LOOP('',(#1228,#1229,#1230,#1231));
#3132=EDGE_LOOP('',(#1232,#1233,#1234,#1235));
#3133=EDGE_LOOP('',(#1236,#1237,#1238,#1239));
#3134=EDGE_LOOP('',(#1240,#1241,#1242,#1243));
#3135=EDGE_LOOP('',(#1244,#1245,#1246,#1247));
#3136=EDGE_LOOP('',(#1248,#1249,#1250,#1251));
#3137=EDGE_LOOP('',(#1252,#1253,#1254,#1255));
#3138=EDGE_LOOP('',(#1256,#1257,#1258,#1259));
#3139=EDGE_LOOP('',(#1260,#1261,#1262,#1263));
#3140=EDGE_LOOP('',(#1264,#1265,#1266,#1267));
#3141=EDGE_LOOP('',(#1268,#1269,#1270,#1271));
#3142=EDGE_LOOP('',(#1272));
#3143=EDGE_LOOP('',(#1273,#1274,#1275,#1276,#1277,#1278));
#3144=EDGE_LOOP('',(#1279,#1280));
#3145=EDGE_LOOP('',(#1281,#1282));
#3146=EDGE_LOOP('',(#1283,#1284,#1285,#1286,#1287,#1288));
#3147=EDGE_LOOP('',(#1289));
#3148=EDGE_LOOP('',(#1290));
#3149=EDGE_LOOP('',(#1291));
#3150=EDGE_LOOP('',(#1292));
#3151=EDGE_LOOP('',(#1293,#1294,#1295,#1296,#1297,#1298));
#3152=EDGE_LOOP('',(#1299,#1300));
#3153=EDGE_LOOP('',(#1301,#1302));
#3154=EDGE_LOOP('',(#1303,#1304,#1305,#1306,#1307,#1308));
#3155=EDGE_LOOP('',(#1309));
#3156=EDGE_LOOP('',(#1310));
#3157=EDGE_LOOP('',(#1311));
#3158=EDGE_LOOP('',(#1312,#1313,#1314,#1315));
#3159=EDGE_LOOP('',(#1316,#1317,#1318,#1319));
#3160=EDGE_LOOP('',(#1320,#1321,#1322,#1323));
#3161=EDGE_LOOP('',(#1324,#1325,#1326,#1327));
#3162=FACE_BOUND('',#2924,.T.);
#3163=FACE_BOUND('',#2925,.T.);
#3164=FACE_BOUND('',#2926,.T.);
#3165=FACE_BOUND('',#2927,.T.);
#3166=FACE_BOUND('',#2928,.T.);
#3167=FACE_BOUND('',#2929,.T.);
#3168=FACE_BOUND('',#2930,.T.);
#3169=FACE_BOUND('',#2931,.T.);
#3170=FACE_BOUND('',#2932,.T.);
#3171=FACE_BOUND('',#2933,.T.);
#3172=FACE_BOUND('',#2934,.T.);
#3173=FACE_BOUND('',#2935,.T.);
#3174=FACE_BOUND('',#2936,.T.);
#3175=FACE_BOUND('',#2937,.T.);
#3176=FACE_BOUND('',#2938,.T.);
#3177=FACE_BOUND('',#2939,.T.);
#3178=FACE_BOUND('',#2940,.T.);
#3179=FACE_BOUND('',#2941,.T.);
#3180=FACE_BOUND('',#2942,.T.);
#3181=FACE_BOUND('',#2943,.T.);
#3182=FACE_BOUND('',#2944,.T.);
#3183=FACE_BOUND('',#2945,.T.);
#3184=FACE_BOUND('',#2946,.T.);
#3185=FACE_BOUND('',#2947,.T.);
#3186=FACE_BOUND('',#2948,.T.);
#3187=FACE_BOUND('',#2949,.T.);
#3188=FACE_BOUND('',#2950,.T.);
#3189=FACE_BOUND('',#2951,.T.);
#3190=FACE_BOUND('',#2952,.T.);
#3191=FACE_BOUND('',#2953,.T.);
#3192=FACE_BOUND('',#2954,.T.);
#3193=FACE_BOUND('',#2955,.T.);
#3194=FACE_BOUND('',#2956,.T.);
#3195=FACE_BOUND('',#2957,.T.);
#3196=FACE_BOUND('',#2958,.T.);
#3197=FACE_BOUND('',#2959,.T.);
#3198=FACE_BOUND('',#2960,.T.);
#3199=FACE_BOUND('',#2961,.T.);
#3200=FACE_BOUND('',#2962,.T.);
#3201=FACE_BOUND('',#2963,.T.);
#3202=FACE_BOUND('',#2964,.T.);
#3203=FACE_BOUND('',#2965,.T.);
#3204=FACE_BOUND('',#2966,.T.);
#3205=FACE_BOUND('',#2967,.T.);
#3206=FACE_BOUND('',#2968,.T.);
#3207=FACE_BOUND('',#2969,.T.);
#3208=FACE_BOUND('',#2970,.T.);
#3209=FACE_BOUND('',#2971,.T.);
#3210=FACE_BOUND('',#2972,.T.);
#3211=FACE_BOUND('',#2973,.T.);
#3212=FACE_BOUND('',#2974,.T.);
#3213=FACE_BOUND('',#2975,.T.);
#3214=FACE_BOUND('',#2976,.T.);
#3215=FACE_BOUND('',#2977,.T.);
#3216=FACE_BOUND('',#2978,.T.);
#3217=FACE_BOUND('',#2979,.T.);
#3218=FACE_BOUND('',#2980,.T.);
#3219=FACE_BOUND('',#2981,.T.);
#3220=FACE_BOUND('',#2982,.T.);
#3221=FACE_BOUND('',#2983,.T.);
#3222=FACE_BOUND('',#2984,.T.);
#3223=FACE_BOUND('',#2985,.T.);
#3224=FACE_BOUND('',#2986,.T.);
#3225=FACE_BOUND('',#2987,.T.);
#3226=FACE_BOUND('',#2988,.T.);
#3227=FACE_BOUND('',#2989,.T.);
#3228=FACE_BOUND('',#2990,.T.);
#3229=FACE_BOUND('',#2991,.T.);
#3230=FACE_BOUND('',#2992,.T.);
#3231=FACE_BOUND('',#2993,.T.);
#3232=FACE_BOUND('',#2994,.T.);
#3233=FACE_BOUND('',#2995,.T.);
#3234=FACE_BOUND('',#2996,.T.);
#3235=FACE_BOUND('',#2997,.T.);
#3236=FACE_BOUND('',#2998,.T.);
#3237=FACE_BOUND('',#2999,.T.);
#3238=FACE_BOUND('',#3000,.T.);
#3239=FACE_BOUND('',#3001,.T.);
#3240=FACE_BOUND('',#3002,.T.);
#3241=FACE_BOUND('',#3003,.T.);
#3242=FACE_BOUND('',#3004,.T.);
#3243=FACE_BOUND('',#3005,.T.);
#3244=FACE_BOUND('',#3006,.T.);
#3245=FACE_BOUND('',#3007,.T.);
#3246=FACE_BOUND('',#3008,.T.);
#3247=FACE_BOUND('',#3009,.T.);
#3248=FACE_BOUND('',#3010,.T.);
#3249=FACE_BOUND('',#3011,.T.);
#3250=FACE_BOUND('',#3012,.T.);
#3251=FACE_BOUND('',#3013,.T.);
#3252=FACE_BOUND('',#3014,.T.);
#3253=FACE_BOUND('',#3015,.T.);
#3254=FACE_BOUND('',#3016,.T.);
#3255=FACE_BOUND('',#3017,.T.);
#3256=FACE_BOUND('',#3018,.T.);
#3257=FACE_BOUND('',#3019,.T.);
#3258=FACE_BOUND('',#3020,.T.);
#3259=FACE_BOUND('',#3021,.T.);
#3260=FACE_BOUND('',#3022,.T.);
#3261=FACE_BOUND('',#3023,.T.);
#3262=FACE_BOUND('',#3024,.T.);
#3263=FACE_BOUND('',#3025,.T.);
#3264=FACE_BOUND('',#3026,.T.);
#3265=FACE_BOUND('',#3027,.T.);
#3266=FACE_BOUND('',#3028,.T.);
#3267=FACE_BOUND('',#3029,.T.);
#3268=FACE_BOUND('',#3030,.T.);
#3269=FACE_BOUND('',#3031,.T.);
#3270=FACE_BOUND('',#3032,.T.);
#3271=FACE_BOUND('',#3033,.T.);
#3272=FACE_BOUND('',#3034,.T.);
#3273=FACE_BOUND('',#3035,.T.);
#3274=FACE_BOUND('',#3036,.T.);
#3275=FACE_BOUND('',#3037,.T.);
#3276=FACE_BOUND('',#3038,.T.);
#3277=FACE_BOUND('',#3039,.T.);
#3278=FACE_BOUND('',#3040,.T.);
#3279=FACE_BOUND('',#3041,.T.);
#3280=FACE_BOUND('',#3042,.T.);
#3281=FACE_BOUND('',#3043,.T.);
#3282=FACE_BOUND('',#3044,.T.);
#3283=FACE_BOUND('',#3045,.T.);
#3284=FACE_BOUND('',#3046,.T.);
#3285=FACE_BOUND('',#3047,.T.);
#3286=FACE_BOUND('',#3048,.T.);
#3287=FACE_BOUND('',#3049,.T.);
#3288=FACE_BOUND('',#3050,.T.);
#3289=FACE_BOUND('',#3051,.T.);
#3290=FACE_BOUND('',#3052,.T.);
#3291=FACE_BOUND('',#3053,.T.);
#3292=FACE_BOUND('',#3054,.T.);
#3293=FACE_BOUND('',#3055,.T.);
#3294=FACE_BOUND('',#3056,.T.);
#3295=FACE_BOUND('',#3057,.T.);
#3296=FACE_BOUND('',#3058,.T.);
#3297=FACE_BOUND('',#3059,.T.);
#3298=FACE_BOUND('',#3060,.T.);
#3299=FACE_BOUND('',#3061,.T.);
#3300=FACE_BOUND('',#3062,.T.);
#3301=FACE_BOUND('',#3063,.T.);
#3302=FACE_BOUND('',#3064,.T.);
#3303=FACE_BOUND('',#3065,.T.);
#3304=FACE_BOUND('',#3066,.T.);
#3305=FACE_BOUND('',#3067,.T.);
#3306=FACE_BOUND('',#3068,.T.);
#3307=FACE_BOUND('',#3069,.T.);
#3308=FACE_BOUND('',#3070,.T.);
#3309=FACE_BOUND('',#3071,.T.);
#3310=FACE_BOUND('',#3072,.T.);
#3311=FACE_BOUND('',#3073,.T.);
#3312=FACE_BOUND('',#3074,.T.);
#3313=FACE_BOUND('',#3075,.T.);
#3314=FACE_BOUND('',#3076,.T.);
#3315=FACE_BOUND('',#3077,.T.);
#3316=FACE_BOUND('',#3078,.T.);
#3317=FACE_BOUND('',#3079,.T.);
#3318=FACE_BOUND('',#3080,.T.);
#3319=FACE_BOUND('',#3081,.T.);
#3320=FACE_BOUND('',#3082,.T.);
#3321=FACE_BOUND('',#3083,.T.);
#3322=FACE_BOUND('',#3084,.T.);
#3323=FACE_BOUND('',#3085,.T.);
#3324=FACE_BOUND('',#3086,.T.);
#3325=FACE_BOUND('',#3087,.T.);
#3326=FACE_BOUND('',#3088,.T.);
#3327=FACE_BOUND('',#3089,.T.);
#3328=FACE_BOUND('',#3090,.T.);
#3329=FACE_BOUND('',#3091,.T.);
#3330=FACE_BOUND('',#3092,.T.);
#3331=FACE_BOUND('',#3093,.T.);
#3332=FACE_BOUND('',#3094,.T.);
#3333=FACE_BOUND('',#3095,.T.);
#3334=FACE_BOUND('',#3096,.T.);
#3335=FACE_BOUND('',#3097,.T.);
#3336=FACE_BOUND('',#3098,.T.);
#3337=FACE_BOUND('',#3099,.T.);
#3338=FACE_BOUND('',#3100,.T.);
#3339=FACE_BOUND('',#3101,.T.);
#3340=FACE_BOUND('',#3102,.T.);
#3341=FACE_BOUND('',#3103,.T.);
#3342=FACE_BOUND('',#3104,.T.);
#3343=FACE_BOUND('',#3105,.T.);
#3344=FACE_BOUND('',#3106,.T.);
#3345=FACE_BOUND('',#3107,.T.);
#3346=FACE_BOUND('',#3108,.T.);
#3347=FACE_BOUND('',#3109,.T.);
#3348=FACE_BOUND('',#3110,.T.);
#3349=FACE_BOUND('',#3111,.T.);
#3350=FACE_BOUND('',#3112,.T.);
#3351=FACE_BOUND('',#3113,.T.);
#3352=FACE_BOUND('',#3114,.T.);
#3353=FACE_BOUND('',#3115,.T.);
#3354=FACE_BOUND('',#3116,.T.);
#3355=FACE_BOUND('',#3117,.T.);
#3356=FACE_BOUND('',#3118,.T.);
#3357=FACE_BOUND('',#3119,.T.);
#3358=FACE_BOUND('',#3120,.T.);
#3359=FACE_BOUND('',#3121,.T.);
#3360=FACE_BOUND('',#3122,.T.);
#3361=FACE_BOUND('',#3123,.T.);
#3362=FACE_BOUND('',#3124,.T.);
#3363=FACE_BOUND('',#3125,.T.);
#3364=FACE_BOUND('',#3126,.T.);
#3365=FACE_BOUND('',#3127,.T.);
#3366=FACE_BOUND('',#3128,.T.);
#3367=FACE_BOUND('',#3129,.T.);
#3368=FACE_BOUND('',#3130,.T.);
#3369=FACE_BOUND('',#3131,.T.);
#3370=FACE_BOUND('',#3132,.T.);
#3371=FACE_BOUND('',#3133,.T.);
#3372=FACE_BOUND('',#3134,.T.);
#3373=FACE_BOUND('',#3135,.T.);
#3374=FACE_BOUND('',#3136,.T.);
#3375=FACE_BOUND('',#3137,.T.);
#3376=FACE_BOUND('',#3138,.T.);
#3377=FACE_BOUND('',#3139,.T.);
#3378=FACE_BOUND('',#3140,.T.);
#3379=FACE_BOUND('',#3141,.T.);
#3380=FACE_BOUND('',#3142,.T.);
#3381=FACE_BOUND('',#3143,.T.);
#3382=FACE_BOUND('',#3144,.T.);
#3383=FACE_BOUND('',#3145,.T.);
#3384=FACE_BOUND('',#3146,.T.);
#3385=FACE_BOUND('',#3147,.T.);
#3386=FACE_BOUND('',#3148,.T.);
#3387=FACE_BOUND('',#3149,.T.);
#3388=FACE_BOUND('',#3150,.T.);
#3389=FACE_BOUND('',#3151,.T.);
#3390=FACE_BOUND('',#3152,.T.);
#3391=FACE_BOUND('',#3153,.T.);
#3392=FACE_BOUND('',#3154,.T.);
#3393=FACE_BOUND('',#3155,.T.);
#3394=FACE_BOUND('',#3156,.T.);
#3395=FACE_BOUND('',#3157,.T.);
#3396=FACE_BOUND('',#3158,.T.);
#3397=FACE_BOUND('',#3159,.T.);
#3398=FACE_BOUND('',#3160,.T.);
#3399=FACE_BOUND('',#3161,.T.);
#3400=PLANE('',#3725);
#3401=PLANE('',#3727);
#3402=PLANE('',#3729);
#3403=PLANE('',#3732);
#3404=PLANE('',#3735);
#3405=PLANE('',#3736);
#3406=PLANE('',#3737);
#3407=PLANE('',#3738);
#3408=PLANE('',#3743);
#3409=PLANE('',#3745);
#3410=PLANE('',#3747);
#3411=PLANE('',#3749);
#3412=PLANE('',#3751);
#3413=PLANE('',#3753);
#3414=PLANE('',#3755);
#3415=PLANE('',#3757);
#3416=PLANE('',#3771);
#3417=PLANE('',#3772);
#3418=PLANE('',#3773);
#3419=PLANE('',#3774);
#3420=PLANE('',#3775);
#3421=PLANE('',#3776);
#3422=PLANE('',#3783);
#3423=PLANE('',#3813);
#3424=PLANE('',#3816);
#3425=PLANE('',#3822);
#3426=PLANE('',#3826);
#3427=PLANE('',#3830);
#3428=PLANE('',#3831);
#3429=PLANE('',#3833);
#3430=PLANE('',#3834);
#3431=PLANE('',#3844);
#3432=PLANE('',#3846);
#3433=PLANE('',#3848);
#3434=PLANE('',#3853);
#3435=PLANE('',#3854);
#3436=PLANE('',#3855);
#3437=PLANE('',#3858);
#3438=PLANE('',#3861);
#3439=PLANE('',#3865);
#3440=PLANE('',#3869);
#3441=PLANE('',#3874);
#3442=PLANE('',#3884);
#3443=PLANE('',#3887);
#3444=PLANE('',#3893);
#3445=PLANE('',#3896);
#3446=PLANE('',#3901);
#3447=PLANE('',#3935);
#3448=PLANE('',#3942);
#3449=PLANE('',#3947);
#3450=PLANE('',#3957);
#3451=PLANE('',#3962);
#3452=PLANE('',#3966);
#3453=PLANE('',#3971);
#3454=PLANE('',#3972);
#3455=PLANE('',#3978);
#3456=PLANE('',#3981);
#3457=PLANE('',#3984);
#3458=PLANE('',#3986);
#3459=PLANE('',#3989);
#3460=PLANE('',#3992);
#3461=PLANE('',#3995);
#3462=PLANE('',#3997);
#3463=PLANE('',#3999);
#3464=PLANE('',#4003);
#3465=PLANE('',#4009);
#3466=PLANE('',#4011);
#3467=PLANE('',#4013);
#3468=PLANE('',#4015);
#3469=PLANE('',#4016);
#3470=PLANE('',#4017);
#3471=PLANE('',#4018);
#3472=PLANE('',#4019);
#3473=PLANE('',#4020);
#3474=PLANE('',#4021);
#3475=PLANE('',#4022);
#3476=PLANE('',#4023);
#3477=PLANE('',#4024);
#3478=PLANE('',#4025);
#3479=PLANE('',#4026);
#3480=PLANE('',#4027);
#3481=PLANE('',#4028);
#3482=PLANE('',#4029);
#3483=PLANE('',#4030);
#3484=PLANE('',#4031);
#3485=PLANE('',#4032);
#3486=PLANE('',#4033);
#3487=PLANE('',#4034);
#3488=PLANE('',#4035);
#3489=PLANE('',#4036);
#3490=PLANE('',#4037);
#3491=PLANE('',#4038);
#3492=PLANE('',#4039);
#3493=PLANE('',#4040);
#3494=PLANE('',#4041);
#3495=PLANE('',#4042);
#3496=PLANE('',#4047);
#3497=PLANE('',#4048);
#3498=PLANE('',#4049);
#3499=PLANE('',#4050);
#3500=PLANE('',#4079);
#3501=PLANE('',#4081);
#3502=PLANE('',#4082);
#3503=PLANE('',#4083);
#3504=PLANE('',#4087);
#3505=PLANE('',#4089);
#3506=PLANE('',#4090);
#3507=PLANE('',#4091);
#3508=PLANE('',#4093);
#3509=PLANE('',#4094);
#3510=PLANE('',#4095);
#3511=PLANE('',#4096);
#3512=ADVANCED_FACE('',(#3162),#3400,.F.);
#3513=ADVANCED_FACE('',(#3163),#3401,.T.);
#3514=ADVANCED_FACE('',(#3164),#3402,.T.);
#3515=ADVANCED_FACE('',(#3165),#3403,.T.);
#3516=ADVANCED_FACE('',(#3166),#3404,.T.);
#3517=ADVANCED_FACE('',(#3167),#3405,.T.);
#3518=ADVANCED_FACE('',(#3168),#3406,.T.);
#3519=ADVANCED_FACE('',(#3169,#3170,#3171,#3172,#3173,#3174,#3175),#3407,
 .F.);
#3520=ADVANCED_FACE('',(#3176),#3408,.T.);
#3521=ADVANCED_FACE('',(#3177),#3409,.T.);
#3522=ADVANCED_FACE('',(#3178),#3410,.T.);
#3523=ADVANCED_FACE('',(#3179),#3411,.F.);
#3524=ADVANCED_FACE('',(#3180),#3412,.F.);
#3525=ADVANCED_FACE('',(#3181),#3413,.F.);
#3526=ADVANCED_FACE('',(#3182),#3414,.T.);
#3527=ADVANCED_FACE('',(#3183),#3415,.T.);
#3528=ADVANCED_FACE('',(#3184,#3185),#20,.F.);
#3529=ADVANCED_FACE('',(#3186,#3187),#21,.F.);
#3530=ADVANCED_FACE('',(#3188,#3189),#22,.F.);
#3531=ADVANCED_FACE('',(#3190,#3191),#23,.F.);
#3532=ADVANCED_FACE('',(#3192),#3416,.F.);
#3533=ADVANCED_FACE('',(#3193,#3194),#3417,.F.);
#3534=ADVANCED_FACE('',(#3195),#3418,.F.);
#3535=ADVANCED_FACE('',(#3196),#3419,.T.);
#3536=ADVANCED_FACE('',(#3197,#3198),#3420,.T.);
#3537=ADVANCED_FACE('',(#3199),#3421,.T.);
#3538=ADVANCED_FACE('',(#3200),#24,.F.);
#3539=ADVANCED_FACE('',(#3201),#25,.F.);
#3540=ADVANCED_FACE('',(#3202,#3203,#3204,#3205,#3206),#3422,.T.);
#3541=ADVANCED_FACE('',(#3207),#26,.F.);
#3542=ADVANCED_FACE('',(#3208),#27,.F.);
#3543=ADVANCED_FACE('',(#3209),#28,.F.);
#3544=ADVANCED_FACE('',(#3210),#3423,.F.);
#3545=ADVANCED_FACE('',(#3211),#3424,.F.);
#3546=ADVANCED_FACE('',(#3212),#29,.F.);
#3547=ADVANCED_FACE('',(#3213),#3425,.F.);
#3548=ADVANCED_FACE('',(#3214,#3215),#3426,.T.);
#3549=ADVANCED_FACE('',(#3216),#3427,.T.);
#3550=ADVANCED_FACE('',(#3217),#3428,.T.);
#3551=ADVANCED_FACE('',(#3218),#3429,.T.);
#3552=ADVANCED_FACE('',(#3219,#3220),#3430,.T.);
#3553=ADVANCED_FACE('',(#3221),#30,.F.);
#3554=ADVANCED_FACE('',(#3222),#31,.F.);
#3555=ADVANCED_FACE('',(#3223),#3431,.F.);
#3556=ADVANCED_FACE('',(#3224),#3432,.T.);
#3557=ADVANCED_FACE('',(#3225),#3433,.F.);
#3558=ADVANCED_FACE('',(#3226),#32,.T.);
#3559=ADVANCED_FACE('',(#3227),#33,.T.);
#3560=ADVANCED_FACE('',(#3228),#3434,.T.);
#3561=ADVANCED_FACE('',(#3229),#3435,.F.);
#3562=ADVANCED_FACE('',(#3230),#3436,.F.);
#3563=ADVANCED_FACE('',(#3231),#34,.T.);
#3564=ADVANCED_FACE('',(#3232),#35,.T.);
#3565=ADVANCED_FACE('',(#3233),#3437,.T.);
#3566=ADVANCED_FACE('',(#3234,#3235),#36,.T.);
#3567=ADVANCED_FACE('',(#3236),#3438,.T.);
#3568=ADVANCED_FACE('',(#3237,#3238),#37,.T.);
#3569=ADVANCED_FACE('',(#3239),#3439,.T.);
#3570=ADVANCED_FACE('',(#3240),#38,.F.);
#3571=ADVANCED_FACE('',(#3241),#3440,.T.);
#3572=ADVANCED_FACE('',(#3242),#39,.F.);
#3573=ADVANCED_FACE('',(#3243),#3441,.T.);
#3574=ADVANCED_FACE('',(#3244),#40,.F.);
#3575=ADVANCED_FACE('',(#3245),#41,.F.);
#3576=ADVANCED_FACE('',(#3246),#42,.F.);
#3577=ADVANCED_FACE('',(#3247),#3442,.T.);
#3578=ADVANCED_FACE('',(#3248),#3443,.F.);
#3579=ADVANCED_FACE('',(#3249),#43,.F.);
#3580=ADVANCED_FACE('',(#3250),#3444,.T.);
#3581=ADVANCED_FACE('',(#3251),#3445,.F.);
#3582=ADVANCED_FACE('',(#3252),#44,.F.);
#3583=ADVANCED_FACE('',(#3253),#45,.F.);
#3584=ADVANCED_FACE('',(#3254),#3446,.F.);
#3585=ADVANCED_FACE('',(#3255),#46,.T.);
#3586=ADVANCED_FACE('',(#3256),#47,.T.);
#3587=ADVANCED_FACE('',(#3257),#48,.T.);
#3588=ADVANCED_FACE('',(#3258),#49,.T.);
#3589=ADVANCED_FACE('',(#3259),#50,.T.);
#3590=ADVANCED_FACE('',(#3260),#51,.T.);
#3591=ADVANCED_FACE('',(#3261),#52,.T.);
#3592=ADVANCED_FACE('',(#3262),#53,.T.);
#3593=ADVANCED_FACE('',(#3263),#54,.T.);
#3594=ADVANCED_FACE('',(#3264),#55,.T.);
#3595=ADVANCED_FACE('',(#3265),#56,.T.);
#3596=ADVANCED_FACE('',(#3266),#57,.T.);
#3597=ADVANCED_FACE('',(#3267),#58,.T.);
#3598=ADVANCED_FACE('',(#3268),#59,.T.);
#3599=ADVANCED_FACE('',(#3269),#60,.T.);
#3600=ADVANCED_FACE('',(#3270),#61,.T.);
#3601=ADVANCED_FACE('',(#3271),#3447,.F.);
#3602=ADVANCED_FACE('',(#3272),#62,.F.);
#3603=ADVANCED_FACE('',(#3273),#63,.F.);
#3604=ADVANCED_FACE('',(#3274),#3448,.F.);
#3605=ADVANCED_FACE('',(#3275),#64,.F.);
#3606=ADVANCED_FACE('',(#3276),#3449,.F.);
#3607=ADVANCED_FACE('',(#3277),#65,.F.);
#3608=ADVANCED_FACE('',(#3278),#66,.F.);
#3609=ADVANCED_FACE('',(#3279),#67,.F.);
#3610=ADVANCED_FACE('',(#3280),#3450,.T.);
#3611=ADVANCED_FACE('',(#3281),#68,.F.);
#3612=ADVANCED_FACE('',(#3282),#3451,.T.);
#3613=ADVANCED_FACE('',(#3283),#69,.F.);
#3614=ADVANCED_FACE('',(#3284),#3452,.T.);
#3615=ADVANCED_FACE('',(#3285),#70,.T.);
#3616=ADVANCED_FACE('',(#3286),#71,.T.);
#3617=ADVANCED_FACE('',(#3287),#3453,.F.);
#3618=ADVANCED_FACE('',(#3288),#3454,.F.);
#3619=ADVANCED_FACE('',(#3289),#72,.T.);
#3620=ADVANCED_FACE('',(#3290),#73,.T.);
#3621=ADVANCED_FACE('',(#3291),#3455,.T.);
#3622=ADVANCED_FACE('',(#3292),#74,.F.);
#3623=ADVANCED_FACE('',(#3293),#75,.F.);
#3624=ADVANCED_FACE('',(#3294,#3295),#3456,.T.);
#3625=ADVANCED_FACE('',(#3296),#3457,.T.);
#3626=ADVANCED_FACE('',(#3297,#3298),#3458,.T.);
#3627=ADVANCED_FACE('',(#3299),#3459,.F.);
#3628=ADVANCED_FACE('',(#3300),#76,.F.);
#3629=ADVANCED_FACE('',(#3301),#3460,.F.);
#3630=ADVANCED_FACE('',(#3302),#3461,.F.);
#3631=ADVANCED_FACE('',(#3303),#77,.F.);
#3632=ADVANCED_FACE('',(#3304),#3462,.T.);
#3633=ADVANCED_FACE('',(#3305),#3463,.T.);
#3634=ADVANCED_FACE('',(#3306),#78,.F.);
#3635=ADVANCED_FACE('',(#3307),#79,.F.);
#3636=ADVANCED_FACE('',(#3308),#3464,.T.);
#3637=ADVANCED_FACE('',(#3309,#3310),#80,.T.);
#3638=ADVANCED_FACE('',(#3311,#3312),#81,.T.);
#3639=ADVANCED_FACE('',(#3313),#3465,.T.);
#3640=ADVANCED_FACE('',(#3314),#3466,.T.);
#3641=ADVANCED_FACE('',(#3315),#3467,.F.);
#3642=ADVANCED_FACE('',(#3316),#3468,.F.);
#3643=ADVANCED_FACE('',(#3317),#3469,.F.);
#3644=ADVANCED_FACE('',(#3318),#3470,.F.);
#3645=ADVANCED_FACE('',(#3319),#3471,.F.);
#3646=ADVANCED_FACE('',(#3320),#3472,.F.);
#3647=ADVANCED_FACE('',(#3321),#3473,.F.);
#3648=ADVANCED_FACE('',(#3322,#3323),#3474,.T.);
#3649=ADVANCED_FACE('',(#3324),#3475,.T.);
#3650=ADVANCED_FACE('',(#3325),#3476,.T.);
#3651=ADVANCED_FACE('',(#3326),#3477,.T.);
#3652=ADVANCED_FACE('',(#3327),#3478,.T.);
#3653=ADVANCED_FACE('',(#3328),#3479,.T.);
#3654=ADVANCED_FACE('',(#3329),#3480,.T.);
#3655=ADVANCED_FACE('',(#3330,#3331),#3481,.T.);
#3656=ADVANCED_FACE('',(#3332),#3482,.F.);
#3657=ADVANCED_FACE('',(#3333),#3483,.F.);
#3658=ADVANCED_FACE('',(#3334),#3484,.F.);
#3659=ADVANCED_FACE('',(#3335),#3485,.F.);
#3660=ADVANCED_FACE('',(#3336),#3486,.F.);
#3661=ADVANCED_FACE('',(#3337),#3487,.F.);
#3662=ADVANCED_FACE('',(#3338,#3339),#3488,.T.);
#3663=ADVANCED_FACE('',(#3340),#3489,.T.);
#3664=ADVANCED_FACE('',(#3341),#3490,.T.);
#3665=ADVANCED_FACE('',(#3342),#3491,.T.);
#3666=ADVANCED_FACE('',(#3343),#3492,.T.);
#3667=ADVANCED_FACE('',(#3344),#3493,.T.);
#3668=ADVANCED_FACE('',(#3345),#3494,.T.);
#3669=ADVANCED_FACE('',(#3346,#3347),#3495,.T.);
#3670=ADVANCED_FACE('',(#3348,#3349),#16,.T.);
#3671=ADVANCED_FACE('',(#3350,#3351),#17,.T.);
#3672=ADVANCED_FACE('',(#3352,#3353),#18,.T.);
#3673=ADVANCED_FACE('',(#3354,#3355),#19,.T.);
#3674=ADVANCED_FACE('',(#3356),#3496,.F.);
#3675=ADVANCED_FACE('',(#3357),#3497,.F.);
#3676=ADVANCED_FACE('',(#3358),#3498,.F.);
#3677=ADVANCED_FACE('',(#3359),#3499,.F.);
#3678=ADVANCED_FACE('',(#3360),#12,.T.);
#3679=ADVANCED_FACE('',(#3361),#82,.T.);
#3680=ADVANCED_FACE('',(#3362),#83,.T.);
#3681=ADVANCED_FACE('',(#3363),#13,.T.);
#3682=ADVANCED_FACE('',(#3364),#14,.T.);
#3683=ADVANCED_FACE('',(#3365),#84,.T.);
#3684=ADVANCED_FACE('',(#3366),#85,.T.);
#3685=ADVANCED_FACE('',(#3367),#15,.T.);
#3686=ADVANCED_FACE('',(#3368),#86,.F.);
#3687=ADVANCED_FACE('',(#3369),#87,.F.);
#3688=ADVANCED_FACE('',(#3370),#88,.F.);
#3689=ADVANCED_FACE('',(#3371),#89,.F.);
#3690=ADVANCED_FACE('',(#3372),#90,.F.);
#3691=ADVANCED_FACE('',(#3373),#91,.F.);
#3692=ADVANCED_FACE('',(#3374),#92,.F.);
#3693=ADVANCED_FACE('',(#3375),#93,.F.);
#3694=ADVANCED_FACE('',(#3376),#94,.F.);
#3695=ADVANCED_FACE('',(#3377),#95,.F.);
#3696=ADVANCED_FACE('',(#3378),#96,.F.);
#3697=ADVANCED_FACE('',(#3379),#97,.F.);
#3698=ADVANCED_FACE('',(#3380,#3381),#3500,.T.);
#3699=ADVANCED_FACE('',(#3382),#3501,.F.);
#3700=ADVANCED_FACE('',(#3383),#3502,.F.);
#3701=ADVANCED_FACE('',(#3384,#3385),#3503,.T.);
#3702=ADVANCED_FACE('',(#3386,#3387),#98,.F.);
#3703=ADVANCED_FACE('',(#3388,#3389),#3504,.T.);
#3704=ADVANCED_FACE('',(#3390),#3505,.F.);
#3705=ADVANCED_FACE('',(#3391),#3506,.F.);
#3706=ADVANCED_FACE('',(#3392,#3393),#3507,.T.);
#3707=ADVANCED_FACE('',(#3394,#3395),#99,.F.);
#3708=ADVANCED_FACE('',(#3396),#3508,.T.);
#3709=ADVANCED_FACE('',(#3397),#3509,.T.);
#3710=ADVANCED_FACE('',(#3398),#3510,.T.);
#3711=ADVANCED_FACE('',(#3399),#3511,.F.);
#3712=CLOSED_SHELL('',(#3512,#3513,#3514,#3515,#3516,#3517,#3518,#3519,
#3520,#3521,#3522,#3523,#3524,#3525,#3526,#3527,#3528,#3529,#3530,#3531,
#3532,#3533,#3534,#3535,#3536,#3537,#3538,#3539,#3540,#3541,#3542,#3543,
#3544,#3545,#3546,#3547,#3548,#3549,#3550,#3551,#3552,#3553,#3554,#3555,
#3556,#3557,#3558,#3559,#3560,#3561,#3562,#3563,#3564,#3565,#3566,#3567,
#3568,#3569,#3570,#3571,#3572,#3573,#3574,#3575,#3576,#3577,#3578,#3579,
#3580,#3581,#3582,#3583,#3584,#3585,#3586,#3587,#3588,#3589,#3590,#3591,
#3592,#3593,#3594,#3595,#3596,#3597,#3598,#3599,#3600,#3601,#3602,#3603,
#3604,#3605,#3606,#3607,#3608,#3609,#3610,#3611,#3612,#3613,#3614,#3615,
#3616,#3617,#3618,#3619,#3620,#3621,#3622,#3623,#3624,#3625,#3626,#3627,
#3628,#3629,#3630,#3631,#3632,#3633,#3634,#3635,#3636,#3637,#3638,#3639,
#3640,#3641,#3642,#3643,#3644,#3645,#3646,#3647,#3648,#3649,#3650,#3651,
#3652,#3653,#3654,#3655,#3656,#3657,#3658,#3659,#3660,#3661,#3662,#3663,
#3664,#3665,#3666,#3667,#3668,#3669,#3670,#3671,#3672,#3673,#3674,#3675,
#3676,#3677,#3678,#3679,#3680,#3681,#3682,#3683,#3684,#3685,#3686,#3687,
#3688,#3689,#3690,#3691,#3692,#3693,#3694,#3695,#3696,#3697,#3698,#3699,
#3700,#3701,#3702,#3703,#3704,#3705,#3706,#3707,#3708,#3709,#3710,#3711));
#3713=STYLED_ITEM('',(#3714),#3721);
#3714=PRESENTATION_STYLE_ASSIGNMENT((#3715));
#3715=SURFACE_STYLE_USAGE(.BOTH.,#3716);
#3716=SURFACE_SIDE_STYLE('',(#3717));
#3717=SURFACE_STYLE_FILL_AREA(#3718);
#3718=FILL_AREA_STYLE('',(#3719));
#3719=FILL_AREA_STYLE_COLOUR('',#3720);
#3720=COLOUR_RGB('',0.917647058823529,0.917647058823529,0.917647058823529);
#3721=MANIFOLD_SOLID_BREP('XY Bottom Clam',#3712);
#3722=SHAPE_DEFINITION_REPRESENTATION(#6290,#3723);
#3723=SHAPE_REPRESENTATION('XY Bottom Clam',(#3724),#6285);
#3724=AXIS2_PLACEMENT_3D('',#5199,#4097,#4098);
#3725=AXIS2_PLACEMENT_3D('',#5200,#4099,#4100);
#3726=AXIS2_PLACEMENT_3D('',#5206,#4103,#4104);
#3727=AXIS2_PLACEMENT_3D('',#5209,#4106,#4107);
#3728=AXIS2_PLACEMENT_3D('',#5217,#4111,#4112);
#3729=AXIS2_PLACEMENT_3D('',#5218,#4113,#4114);
#3730=AXIS2_PLACEMENT_3D('',#5228,#4119,#4120);
#3731=AXIS2_PLACEMENT_3D('',#5232,#4122,#4123);
#3732=AXIS2_PLACEMENT_3D('',#5235,#4125,#4126);
#3733=AXIS2_PLACEMENT_3D('',#5247,#4132,#4133);
#3734=AXIS2_PLACEMENT_3D('',#5251,#4135,#4136);
#3735=AXIS2_PLACEMENT_3D('',#5252,#4137,#4138);
#3736=AXIS2_PLACEMENT_3D('',#5274,#4150,#4151);
#3737=AXIS2_PLACEMENT_3D('',#5293,#4162,#4163);
#3738=AXIS2_PLACEMENT_3D('',#5312,#4174,#4175);
#3739=AXIS2_PLACEMENT_3D('',#5340,#4189,#4190);
#3740=AXIS2_PLACEMENT_3D('',#5344,#4192,#4193);
#3741=AXIS2_PLACEMENT_3D('',#5348,#4195,#4196);
#3742=AXIS2_PLACEMENT_3D('',#5352,#4198,#4199);
#3743=AXIS2_PLACEMENT_3D('',#5425,#4236,#4237);
#3744=AXIS2_PLACEMENT_3D('',#5426,#4238,#4239);
#3745=AXIS2_PLACEMENT_3D('',#5429,#4241,#4242);
#3746=AXIS2_PLACEMENT_3D('',#5432,#4244,#4245);
#3747=AXIS2_PLACEMENT_3D('',#5433,#4246,#4247);
#3748=AXIS2_PLACEMENT_3D('',#5436,#4249,#4250);
#3749=AXIS2_PLACEMENT_3D('',#5437,#4251,#4252);
#3750=AXIS2_PLACEMENT_3D('',#5440,#4254,#4255);
#3751=AXIS2_PLACEMENT_3D('',#5441,#4256,#4257);
#3752=AXIS2_PLACEMENT_3D('',#5444,#4259,#4260);
#3753=AXIS2_PLACEMENT_3D('',#5445,#4261,#4262);
#3754=AXIS2_PLACEMENT_3D('',#5448,#4264,#4265);
#3755=AXIS2_PLACEMENT_3D('',#5449,#4266,#4267);
#3756=AXIS2_PLACEMENT_3D('',#5454,#4270,#4271);
#3757=AXIS2_PLACEMENT_3D('',#5461,#4275,#4276);
#3758=AXIS2_PLACEMENT_3D('',#5466,#4279,#4280);
#3759=AXIS2_PLACEMENT_3D('',#5473,#4284,#4285);
#3760=AXIS2_PLACEMENT_3D('',#5474,#4286,#4287);
#3761=AXIS2_PLACEMENT_3D('',#5476,#4288,#4289);
#3762=AXIS2_PLACEMENT_3D('',#5478,#4290,#4291);
#3763=AXIS2_PLACEMENT_3D('',#5479,#4292,#4293);
#3764=AXIS2_PLACEMENT_3D('',#5481,#4294,#4295);
#3765=AXIS2_PLACEMENT_3D('',#5483,#4296,#4297);
#3766=AXIS2_PLACEMENT_3D('',#5484,#4298,#4299);
#3767=AXIS2_PLACEMENT_3D('',#5486,#4300,#4301);
#3768=AXIS2_PLACEMENT_3D('',#5488,#4302,#4303);
#3769=AXIS2_PLACEMENT_3D('',#5489,#4304,#4305);
#3770=AXIS2_PLACEMENT_3D('',#5491,#4306,#4307);
#3771=AXIS2_PLACEMENT_3D('',#5493,#4308,#4309);
#3772=AXIS2_PLACEMENT_3D('',#5500,#4314,#4315);
#3773=AXIS2_PLACEMENT_3D('',#5515,#4324,#4325);
#3774=AXIS2_PLACEMENT_3D('',#5524,#4330,#4331);
#3775=AXIS2_PLACEMENT_3D('',#5533,#4336,#4337);
#3776=AXIS2_PLACEMENT_3D('',#5552,#4348,#4349);
#3777=AXIS2_PLACEMENT_3D('',#5559,#4354,#4355);
#3778=AXIS2_PLACEMENT_3D('',#5560,#4356,#4357);
#3779=AXIS2_PLACEMENT_3D('',#5561,#4358,#4359);
#3780=AXIS2_PLACEMENT_3D('',#5562,#4360,#4361);
#3781=AXIS2_PLACEMENT_3D('',#5563,#4362,#4363);
#3782=AXIS2_PLACEMENT_3D('',#5564,#4364,#4365);
#3783=AXIS2_PLACEMENT_3D('',#5565,#4366,#4367);
#3784=AXIS2_PLACEMENT_3D('',#5586,#4379,#4380);
#3785=AXIS2_PLACEMENT_3D('',#5588,#4381,#4382);
#3786=AXIS2_PLACEMENT_3D('',#5590,#4383,#4384);
#3787=AXIS2_PLACEMENT_3D('',#5594,#4386,#4387);
#3788=AXIS2_PLACEMENT_3D('',#5598,#4389,#4390);
#3789=AXIS2_PLACEMENT_3D('',#5599,#4391,#4392);
#3790=AXIS2_PLACEMENT_3D('',#5601,#4393,#4394);
#3791=AXIS2_PLACEMENT_3D('',#5603,#4395,#4396);
#3792=AXIS2_PLACEMENT_3D('',#5648,#4419,#4420);
#3793=AXIS2_PLACEMENT_3D('',#5650,#4421,#4422);
#3794=AXIS2_PLACEMENT_3D('',#5652,#4423,#4424);
#3795=AXIS2_PLACEMENT_3D('',#5656,#4426,#4427);
#3796=AXIS2_PLACEMENT_3D('',#5660,#4429,#4430);
#3797=AXIS2_PLACEMENT_3D('',#5661,#4431,#4432);
#3798=AXIS2_PLACEMENT_3D('',#5663,#4433,#4434);
#3799=AXIS2_PLACEMENT_3D('',#5665,#4435,#4436);
#3800=AXIS2_PLACEMENT_3D('',#5684,#4446,#4447);
#3801=AXIS2_PLACEMENT_3D('',#5686,#4448,#4449);
#3802=AXIS2_PLACEMENT_3D('',#5688,#4450,#4451);
#3803=AXIS2_PLACEMENT_3D('',#5690,#4452,#4453);
#3804=AXIS2_PLACEMENT_3D('',#5692,#4454,#4455);
#3805=AXIS2_PLACEMENT_3D('',#5693,#4456,#4457);
#3806=AXIS2_PLACEMENT_3D('',#5697,#4459,#4460);
#3807=AXIS2_PLACEMENT_3D('',#5698,#4461,#4462);
#3808=AXIS2_PLACEMENT_3D('',#5699,#4463,#4464);
#3809=AXIS2_PLACEMENT_3D('',#5701,#4465,#4466);
#3810=AXIS2_PLACEMENT_3D('',#5704,#4468,#4469);
#3811=AXIS2_PLACEMENT_3D('',#5705,#4470,#4471);
#3812=AXIS2_PLACEMENT_3D('',#5709,#4473,#4474);
#3813=AXIS2_PLACEMENT_3D('',#5710,#4475,#4476);
#3814=AXIS2_PLACEMENT_3D('',#5711,#4477,#4478);
#3815=AXIS2_PLACEMENT_3D('',#5712,#4479,#4480);
#3816=AXIS2_PLACEMENT_3D('',#5713,#4481,#4482);
#3817=AXIS2_PLACEMENT_3D('',#5714,#4483,#4484);
#3818=AXIS2_PLACEMENT_3D('',#5716,#4485,#4486);
#3819=AXIS2_PLACEMENT_3D('',#5719,#4488,#4489);
#3820=AXIS2_PLACEMENT_3D('',#5720,#4490,#4491);
#3821=AXIS2_PLACEMENT_3D('',#5722,#4492,#4493);
#3822=AXIS2_PLACEMENT_3D('',#5725,#4495,#4496);
#3823=AXIS2_PLACEMENT_3D('',#5726,#4497,#4498);
#3824=AXIS2_PLACEMENT_3D('',#5728,#4499,#4500);
#3825=AXIS2_PLACEMENT_3D('',#5730,#4501,#4502);
#3826=AXIS2_PLACEMENT_3D('',#5733,#4504,#4505);
#3827=AXIS2_PLACEMENT_3D('',#5752,#4515,#4516);
#3828=AXIS2_PLACEMENT_3D('',#5754,#4517,#4518);
#3829=AXIS2_PLACEMENT_3D('',#5756,#4519,#4520);
#3830=AXIS2_PLACEMENT_3D('',#5758,#4522,#4523);
#3831=AXIS2_PLACEMENT_3D('',#5777,#4534,#4535);
#3832=AXIS2_PLACEMENT_3D('',#5779,#4537,#4538);
#3833=AXIS2_PLACEMENT_3D('',#5780,#4539,#4540);
#3834=AXIS2_PLACEMENT_3D('',#5784,#4543,#4544);
#3835=AXIS2_PLACEMENT_3D('',#5801,#4553,#4554);
#3836=AXIS2_PLACEMENT_3D('',#5803,#4555,#4556);
#3837=AXIS2_PLACEMENT_3D('',#5805,#4557,#4558);
#3838=AXIS2_PLACEMENT_3D('',#5808,#4560,#4561);
#3839=AXIS2_PLACEMENT_3D('',#5809,#4562,#4563);
#3840=AXIS2_PLACEMENT_3D('',#5814,#4565,#4566);
#3841=AXIS2_PLACEMENT_3D('',#5817,#4568,#4569);
#3842=AXIS2_PLACEMENT_3D('',#5818,#4570,#4571);
#3843=AXIS2_PLACEMENT_3D('',#5823,#4573,#4574);
#3844=AXIS2_PLACEMENT_3D('',#5826,#4576,#4577);
#3845=AXIS2_PLACEMENT_3D('',#5828,#4579,#4580);
#3846=AXIS2_PLACEMENT_3D('',#5829,#4581,#4582);
#3847=AXIS2_PLACEMENT_3D('',#5830,#4583,#4584);
#3848=AXIS2_PLACEMENT_3D('',#5835,#4588,#4589);
#3849=AXIS2_PLACEMENT_3D('',#5841,#4593,#4594);
#3850=AXIS2_PLACEMENT_3D('',#5842,#4595,#4596);
#3851=AXIS2_PLACEMENT_3D('',#5843,#4597,#4598);
#3852=AXIS2_PLACEMENT_3D('',#5844,#4599,#4600);
#3853=AXIS2_PLACEMENT_3D('',#5847,#4602,#4603);
#3854=AXIS2_PLACEMENT_3D('',#5851,#4606,#4607);
#3855=AXIS2_PLACEMENT_3D('',#5853,#4609,#4610);
#3856=AXIS2_PLACEMENT_3D('',#5855,#4612,#4613);
#3857=AXIS2_PLACEMENT_3D('',#5858,#4616,#4617);
#3858=AXIS2_PLACEMENT_3D('',#5861,#4620,#4621);
#3859=AXIS2_PLACEMENT_3D('',#5863,#4623,#4624);
#3860=AXIS2_PLACEMENT_3D('',#5864,#4625,#4626);
#3861=AXIS2_PLACEMENT_3D('',#5866,#4627,#4628);
#3862=AXIS2_PLACEMENT_3D('',#5867,#4629,#4630);
#3863=AXIS2_PLACEMENT_3D('',#5869,#4631,#4632);
#3864=AXIS2_PLACEMENT_3D('',#5870,#4633,#4634);
#3865=AXIS2_PLACEMENT_3D('',#5872,#4635,#4636);
#3866=AXIS2_PLACEMENT_3D('',#5873,#4637,#4638);
#3867=AXIS2_PLACEMENT_3D('',#5875,#4639,#4640);
#3868=AXIS2_PLACEMENT_3D('',#5876,#4641,#4642);
#3869=AXIS2_PLACEMENT_3D('',#5877,#4643,#4644);
#3870=AXIS2_PLACEMENT_3D('',#5878,#4645,#4646);
#3871=AXIS2_PLACEMENT_3D('',#5879,#4647,#4648);
#3872=AXIS2_PLACEMENT_3D('',#5880,#4649,#4650);
#3873=AXIS2_PLACEMENT_3D('',#5881,#4651,#4652);
#3874=AXIS2_PLACEMENT_3D('',#5882,#4653,#4654);
#3875=AXIS2_PLACEMENT_3D('',#5883,#4655,#4656);
#3876=AXIS2_PLACEMENT_3D('',#5884,#4657,#4658);
#3877=AXIS2_PLACEMENT_3D('',#5885,#4659,#4660);
#3878=AXIS2_PLACEMENT_3D('',#5886,#4661,#4662);
#3879=AXIS2_PLACEMENT_3D('',#5889,#4664,#4665);
#3880=AXIS2_PLACEMENT_3D('',#5890,#4666,#4667);
#3881=AXIS2_PLACEMENT_3D('',#5893,#4669,#4670);
#3882=AXIS2_PLACEMENT_3D('',#5894,#4671,#4672);
#3883=AXIS2_PLACEMENT_3D('',#5895,#4673,#4674);
#3884=AXIS2_PLACEMENT_3D('',#5896,#4675,#4676);
#3885=AXIS2_PLACEMENT_3D('',#5897,#4677,#4678);
#3886=AXIS2_PLACEMENT_3D('',#5898,#4679,#4680);
#3887=AXIS2_PLACEMENT_3D('',#5899,#4681,#4682);
#3888=AXIS2_PLACEMENT_3D('',#5900,#4683,#4684);
#3889=AXIS2_PLACEMENT_3D('',#5901,#4685,#4686);
#3890=AXIS2_PLACEMENT_3D('',#5902,#4687,#4688);
#3891=AXIS2_PLACEMENT_3D('',#5903,#4689,#4690);
#3892=AXIS2_PLACEMENT_3D('',#5904,#4691,#4692);
#3893=AXIS2_PLACEMENT_3D('',#5905,#4693,#4694);
#3894=AXIS2_PLACEMENT_3D('',#5906,#4695,#4696);
#3895=AXIS2_PLACEMENT_3D('',#5907,#4697,#4698);
#3896=AXIS2_PLACEMENT_3D('',#5908,#4699,#4700);
#3897=AXIS2_PLACEMENT_3D('',#5909,#4701,#4702);
#3898=AXIS2_PLACEMENT_3D('',#5910,#4703,#4704);
#3899=AXIS2_PLACEMENT_3D('',#5911,#4705,#4706);
#3900=AXIS2_PLACEMENT_3D('',#5912,#4707,#4708);
#3901=AXIS2_PLACEMENT_3D('',#5913,#4709,#4710);
#3902=AXIS2_PLACEMENT_3D('',#5914,#4711,#4712);
#3903=AXIS2_PLACEMENT_3D('',#5915,#4713,#4714);
#3904=AXIS2_PLACEMENT_3D('',#5916,#4715,#4716);
#3905=AXIS2_PLACEMENT_3D('',#5917,#4717,#4718);
#3906=AXIS2_PLACEMENT_3D('',#5918,#4719,#4720);
#3907=AXIS2_PLACEMENT_3D('',#5919,#4721,#4722);
#3908=AXIS2_PLACEMENT_3D('',#5920,#4723,#4724);
#3909=AXIS2_PLACEMENT_3D('',#5921,#4725,#4726);
#3910=AXIS2_PLACEMENT_3D('',#5922,#4727,#4728);
#3911=AXIS2_PLACEMENT_3D('',#5923,#4729,#4730);
#3912=AXIS2_PLACEMENT_3D('',#5924,#4731,#4732);
#3913=AXIS2_PLACEMENT_3D('',#5929,#4734,#4735);
#3914=AXIS2_PLACEMENT_3D('',#5932,#4737,#4738);
#3915=AXIS2_PLACEMENT_3D('',#5933,#4739,#4740);
#3916=AXIS2_PLACEMENT_3D('',#5937,#4742,#4743);
#3917=AXIS2_PLACEMENT_3D('',#5938,#4744,#4745);
#3918=AXIS2_PLACEMENT_3D('',#5939,#4746,#4747);
#3919=AXIS2_PLACEMENT_3D('',#5944,#4749,#4750);
#3920=AXIS2_PLACEMENT_3D('',#5947,#4752,#4753);
#3921=AXIS2_PLACEMENT_3D('',#5948,#4754,#4755);
#3922=AXIS2_PLACEMENT_3D('',#5952,#4757,#4758);
#3923=AXIS2_PLACEMENT_3D('',#5953,#4759,#4760);
#3924=AXIS2_PLACEMENT_3D('',#5954,#4761,#4762);
#3925=AXIS2_PLACEMENT_3D('',#5956,#4763,#4764);
#3926=AXIS2_PLACEMENT_3D('',#5959,#4766,#4767);
#3927=AXIS2_PLACEMENT_3D('',#5960,#4768,#4769);
#3928=AXIS2_PLACEMENT_3D('',#5962,#4770,#4771);
#3929=AXIS2_PLACEMENT_3D('',#5965,#4773,#4774);
#3930=AXIS2_PLACEMENT_3D('',#5966,#4775,#4776);
#3931=AXIS2_PLACEMENT_3D('',#5971,#4778,#4779);
#3932=AXIS2_PLACEMENT_3D('',#5974,#4781,#4782);
#3933=AXIS2_PLACEMENT_3D('',#5975,#4783,#4784);
#3934=AXIS2_PLACEMENT_3D('',#5980,#4786,#4787);
#3935=AXIS2_PLACEMENT_3D('',#5983,#4789,#4790);
#3936=AXIS2_PLACEMENT_3D('',#5984,#4791,#4792);
#3937=AXIS2_PLACEMENT_3D('',#5987,#4794,#4795);
#3938=AXIS2_PLACEMENT_3D('',#5988,#4796,#4797);
#3939=AXIS2_PLACEMENT_3D('',#5989,#4798,#4799);
#3940=AXIS2_PLACEMENT_3D('',#5990,#4800,#4801);
#3941=AXIS2_PLACEMENT_3D('',#5991,#4802,#4803);
#3942=AXIS2_PLACEMENT_3D('',#5992,#4804,#4805);
#3943=AXIS2_PLACEMENT_3D('',#5995,#4807,#4808);
#3944=AXIS2_PLACEMENT_3D('',#5996,#4809,#4810);
#3945=AXIS2_PLACEMENT_3D('',#5997,#4811,#4812);
#3946=AXIS2_PLACEMENT_3D('',#6000,#4814,#4815);
#3947=AXIS2_PLACEMENT_3D('',#6001,#4816,#4817);
#3948=AXIS2_PLACEMENT_3D('',#6002,#4818,#4819);
#3949=AXIS2_PLACEMENT_3D('',#6005,#4821,#4822);
#3950=AXIS2_PLACEMENT_3D('',#6006,#4823,#4824);
#3951=AXIS2_PLACEMENT_3D('',#6007,#4825,#4826);
#3952=AXIS2_PLACEMENT_3D('',#6010,#4828,#4829);
#3953=AXIS2_PLACEMENT_3D('',#6011,#4830,#4831);
#3954=AXIS2_PLACEMENT_3D('',#6012,#4832,#4833);
#3955=AXIS2_PLACEMENT_3D('',#6013,#4834,#4835);
#3956=AXIS2_PLACEMENT_3D('',#6014,#4836,#4837);
#3957=AXIS2_PLACEMENT_3D('',#6015,#4838,#4839);
#3958=AXIS2_PLACEMENT_3D('',#6016,#4840,#4841);
#3959=AXIS2_PLACEMENT_3D('',#6017,#4842,#4843);
#3960=AXIS2_PLACEMENT_3D('',#6020,#4845,#4846);
#3961=AXIS2_PLACEMENT_3D('',#6021,#4847,#4848);
#3962=AXIS2_PLACEMENT_3D('',#6024,#4850,#4851);
#3963=AXIS2_PLACEMENT_3D('',#6025,#4852,#4853);
#3964=AXIS2_PLACEMENT_3D('',#6028,#4855,#4856);
#3965=AXIS2_PLACEMENT_3D('',#6029,#4857,#4858);
#3966=AXIS2_PLACEMENT_3D('',#6031,#4860,#4861);
#3967=AXIS2_PLACEMENT_3D('',#6037,#4865,#4866);
#3968=AXIS2_PLACEMENT_3D('',#6038,#4867,#4868);
#3969=AXIS2_PLACEMENT_3D('',#6043,#4871,#4872);
#3970=AXIS2_PLACEMENT_3D('',#6046,#4874,#4875);
#3971=AXIS2_PLACEMENT_3D('',#6049,#4877,#4878);
#3972=AXIS2_PLACEMENT_3D('',#6055,#4882,#4883);
#3973=AXIS2_PLACEMENT_3D('',#6056,#4884,#4885);
#3974=AXIS2_PLACEMENT_3D('',#6059,#4887,#4888);
#3975=AXIS2_PLACEMENT_3D('',#6060,#4889,#4890);
#3976=AXIS2_PLACEMENT_3D('',#6061,#4891,#4892);
#3977=AXIS2_PLACEMENT_3D('',#6064,#4894,#4895);
#3978=AXIS2_PLACEMENT_3D('',#6065,#4896,#4897);
#3979=AXIS2_PLACEMENT_3D('',#6070,#4901,#4902);
#3980=AXIS2_PLACEMENT_3D('',#6071,#4903,#4904);
#3981=AXIS2_PLACEMENT_3D('',#6072,#4905,#4906);
#3982=AXIS2_PLACEMENT_3D('',#6078,#4910,#4911);
#3983=AXIS2_PLACEMENT_3D('',#6079,#4912,#4913);
#3984=AXIS2_PLACEMENT_3D('',#6081,#4915,#4916);
#3985=AXIS2_PLACEMENT_3D('',#6082,#4917,#4918);
#3986=AXIS2_PLACEMENT_3D('',#6083,#4919,#4920);
#3987=AXIS2_PLACEMENT_3D('',#6084,#4921,#4922);
#3988=AXIS2_PLACEMENT_3D('',#6085,#4923,#4924);
#3989=AXIS2_PLACEMENT_3D('',#6088,#4927,#4928);
#3990=AXIS2_PLACEMENT_3D('',#6089,#4929,#4930);
#3991=AXIS2_PLACEMENT_3D('',#6090,#4931,#4932);
#3992=AXIS2_PLACEMENT_3D('',#6091,#4933,#4934);
#3993=AXIS2_PLACEMENT_3D('',#6092,#4935,#4936);
#3994=AXIS2_PLACEMENT_3D('',#6093,#4937,#4938);
#3995=AXIS2_PLACEMENT_3D('',#6094,#4939,#4940);
#3996=AXIS2_PLACEMENT_3D('',#6095,#4941,#4942);
#3997=AXIS2_PLACEMENT_3D('',#6096,#4943,#4944);
#3998=AXIS2_PLACEMENT_3D('',#6097,#4945,#4946);
#3999=AXIS2_PLACEMENT_3D('',#6098,#4947,#4948);
#4000=AXIS2_PLACEMENT_3D('',#6099,#4949,#4950);
#4001=AXIS2_PLACEMENT_3D('',#6100,#4951,#4952);
#4002=AXIS2_PLACEMENT_3D('',#6101,#4953,#4954);
#4003=AXIS2_PLACEMENT_3D('',#6102,#4955,#4956);
#4004=AXIS2_PLACEMENT_3D('',#6103,#4957,#4958);
#4005=AXIS2_PLACEMENT_3D('',#6105,#4959,#4960);
#4006=AXIS2_PLACEMENT_3D('',#6106,#4961,#4962);
#4007=AXIS2_PLACEMENT_3D('',#6108,#4963,#4964);
#4008=AXIS2_PLACEMENT_3D('',#6109,#4965,#4966);
#4009=AXIS2_PLACEMENT_3D('',#6111,#4967,#4968);
#4010=AXIS2_PLACEMENT_3D('',#6112,#4969,#4970);
#4011=AXIS2_PLACEMENT_3D('',#6114,#4971,#4972);
#4012=AXIS2_PLACEMENT_3D('',#6115,#4973,#4974);
#4013=AXIS2_PLACEMENT_3D('',#6116,#4975,#4976);
#4014=AXIS2_PLACEMENT_3D('',#6117,#4977,#4978);
#4015=AXIS2_PLACEMENT_3D('',#6118,#4979,#4980);
#4016=AXIS2_PLACEMENT_3D('',#6124,#4984,#4985);
#4017=AXIS2_PLACEMENT_3D('',#6128,#4988,#4989);
#4018=AXIS2_PLACEMENT_3D('',#6132,#4992,#4993);
#4019=AXIS2_PLACEMENT_3D('',#6136,#4996,#4997);
#4020=AXIS2_PLACEMENT_3D('',#6140,#5000,#5001);
#4021=AXIS2_PLACEMENT_3D('',#6142,#5003,#5004);
#4022=AXIS2_PLACEMENT_3D('',#6143,#5005,#5006);
#4023=AXIS2_PLACEMENT_3D('',#6149,#5010,#5011);
#4024=AXIS2_PLACEMENT_3D('',#6153,#5014,#5015);
#4025=AXIS2_PLACEMENT_3D('',#6157,#5018,#5019);
#4026=AXIS2_PLACEMENT_3D('',#6161,#5022,#5023);
#4027=AXIS2_PLACEMENT_3D('',#6165,#5026,#5027);
#4028=AXIS2_PLACEMENT_3D('',#6167,#5029,#5030);
#4029=AXIS2_PLACEMENT_3D('',#6168,#5031,#5032);
#4030=AXIS2_PLACEMENT_3D('',#6174,#5036,#5037);
#4031=AXIS2_PLACEMENT_3D('',#6178,#5040,#5041);
#4032=AXIS2_PLACEMENT_3D('',#6182,#5044,#5045);
#4033=AXIS2_PLACEMENT_3D('',#6186,#5048,#5049);
#4034=AXIS2_PLACEMENT_3D('',#6190,#5052,#5053);
#4035=AXIS2_PLACEMENT_3D('',#6192,#5055,#5056);
#4036=AXIS2_PLACEMENT_3D('',#6193,#5057,#5058);
#4037=AXIS2_PLACEMENT_3D('',#6199,#5062,#5063);
#4038=AXIS2_PLACEMENT_3D('',#6203,#5066,#5067);
#4039=AXIS2_PLACEMENT_3D('',#6207,#5070,#5071);
#4040=AXIS2_PLACEMENT_3D('',#6211,#5074,#5075);
#4041=AXIS2_PLACEMENT_3D('',#6215,#5078,#5079);
#4042=AXIS2_PLACEMENT_3D('',#6217,#5081,#5082);
#4043=AXIS2_PLACEMENT_3D('',#6218,#5083,#5084);
#4044=AXIS2_PLACEMENT_3D('',#6219,#5085,#5086);
#4045=AXIS2_PLACEMENT_3D('',#6220,#5087,#5088);
#4046=AXIS2_PLACEMENT_3D('',#6221,#5089,#5090);
#4047=AXIS2_PLACEMENT_3D('',#6222,#5091,#5092);
#4048=AXIS2_PLACEMENT_3D('',#6225,#5095,#5096);
#4049=AXIS2_PLACEMENT_3D('',#6228,#5099,#5100);
#4050=AXIS2_PLACEMENT_3D('',#6231,#5103,#5104);
#4051=AXIS2_PLACEMENT_3D('',#6234,#5107,#5108);
#4052=AXIS2_PLACEMENT_3D('',#6235,#5109,#5110);
#4053=AXIS2_PLACEMENT_3D('',#6236,#5111,#5112);
#4054=AXIS2_PLACEMENT_3D('',#6237,#5113,#5114);
#4055=AXIS2_PLACEMENT_3D('',#6238,#5115,#5116);
#4056=AXIS2_PLACEMENT_3D('',#6239,#5117,#5118);
#4057=AXIS2_PLACEMENT_3D('',#6240,#5119,#5120);
#4058=AXIS2_PLACEMENT_3D('',#6241,#5121,#5122);
#4059=AXIS2_PLACEMENT_3D('',#6242,#5123,#5124);
#4060=AXIS2_PLACEMENT_3D('',#6243,#5125,#5126);
#4061=AXIS2_PLACEMENT_3D('',#6244,#5127,#5128);
#4062=AXIS2_PLACEMENT_3D('',#6245,#5129,#5130);
#4063=AXIS2_PLACEMENT_3D('',#6246,#5131,#5132);
#4064=AXIS2_PLACEMENT_3D('',#6247,#5133,#5134);
#4065=AXIS2_PLACEMENT_3D('',#6248,#5135,#5136);
#4066=AXIS2_PLACEMENT_3D('',#6249,#5137,#5138);
#4067=AXIS2_PLACEMENT_3D('',#6250,#5139,#5140);
#4068=AXIS2_PLACEMENT_3D('',#6251,#5141,#5142);
#4069=AXIS2_PLACEMENT_3D('',#6252,#5143,#5144);
#4070=AXIS2_PLACEMENT_3D('',#6253,#5145,#5146);
#4071=AXIS2_PLACEMENT_3D('',#6254,#5147,#5148);
#4072=AXIS2_PLACEMENT_3D('',#6255,#5149,#5150);
#4073=AXIS2_PLACEMENT_3D('',#6256,#5151,#5152);
#4074=AXIS2_PLACEMENT_3D('',#6257,#5153,#5154);
#4075=AXIS2_PLACEMENT_3D('',#6258,#5155,#5156);
#4076=AXIS2_PLACEMENT_3D('',#6259,#5157,#5158);
#4077=AXIS2_PLACEMENT_3D('',#6260,#5159,#5160);
#4078=AXIS2_PLACEMENT_3D('',#6261,#5161,#5162);
#4079=AXIS2_PLACEMENT_3D('',#6262,#5163,#5164);
#4080=AXIS2_PLACEMENT_3D('',#6263,#5165,#5166);
#4081=AXIS2_PLACEMENT_3D('',#6265,#5167,#5168);
#4082=AXIS2_PLACEMENT_3D('',#6266,#5169,#5170);
#4083=AXIS2_PLACEMENT_3D('',#6267,#5171,#5172);
#4084=AXIS2_PLACEMENT_3D('',#6268,#5173,#5174);
#4085=AXIS2_PLACEMENT_3D('',#6270,#5175,#5176);
#4086=AXIS2_PLACEMENT_3D('',#6271,#5177,#5178);
#4087=AXIS2_PLACEMENT_3D('',#6273,#5179,#5180);
#4088=AXIS2_PLACEMENT_3D('',#6274,#5181,#5182);
#4089=AXIS2_PLACEMENT_3D('',#6276,#5183,#5184);
#4090=AXIS2_PLACEMENT_3D('',#6277,#5185,#5186);
#4091=AXIS2_PLACEMENT_3D('',#6278,#5187,#5188);
#4092=AXIS2_PLACEMENT_3D('',#6279,#5189,#5190);
#4093=AXIS2_PLACEMENT_3D('',#6280,#5191,#5192);
#4094=AXIS2_PLACEMENT_3D('',#6281,#5193,#5194);
#4095=AXIS2_PLACEMENT_3D('',#6282,#5195,#5196);
#4096=AXIS2_PLACEMENT_3D('',#6283,#5197,#5198);
#4097=DIRECTION('',(0.,0.,1.));
#4098=DIRECTION('',(1.,0.,0.));
#4099=DIRECTION('',(-1.,0.,0.));
#4100=DIRECTION('',(0.,-1.,0.));
#4101=DIRECTION('',(0.,-1.,0.));
#4102=DIRECTION('',(0.,0.,1.));
#4103=DIRECTION('',(-1.,0.,0.));
#4104=DIRECTION('',(0.,-1.,0.));
#4105=DIRECTION('',(0.,0.,1.));
#4106=DIRECTION('',(1.,0.,0.));
#4107=DIRECTION('',(0.,1.,0.));
#4108=DIRECTION('',(0.,0.,-1.));
#4109=DIRECTION('',(0.,-1.,0.));
#4110=DIRECTION('',(0.,0.,-1.));
#4111=DIRECTION('',(1.,0.,0.));
#4112=DIRECTION('',(0.,-1.,0.));
#4113=DIRECTION('',(-1.,0.,0.));
#4114=DIRECTION('',(0.,-1.,0.));
#4115=DIRECTION('',(0.,-1.,0.));
#4116=DIRECTION('',(0.,0.,-1.));
#4117=DIRECTION('',(0.,-1.,0.));
#4118=DIRECTION('',(0.,0.,-1.));
#4119=DIRECTION('',(1.,0.,0.));
#4120=DIRECTION('',(0.,-1.,0.));
#4121=DIRECTION('',(0.,0.,-1.));
#4122=DIRECTION('',(-1.,0.,0.));
#4123=DIRECTION('',(0.,-1.,0.));
#4124=DIRECTION('',(0.,0.,-1.));
#4125=DIRECTION('',(1.,0.,0.));
#4126=DIRECTION('',(0.,-1.,0.));
#4127=DIRECTION('',(0.,0.,-1.));
#4128=DIRECTION('',(0.,-1.,0.));
#4129=DIRECTION('',(0.,0.,-1.));
#4130=DIRECTION('',(0.,-1.,0.));
#4131=DIRECTION('',(0.,0.,-1.));
#4132=DIRECTION('',(-1.,0.,0.));
#4133=DIRECTION('',(0.,-1.,0.));
#4134=DIRECTION('',(0.,0.,-1.));
#4135=DIRECTION('',(1.,0.,0.));
#4136=DIRECTION('',(0.,-1.,0.));
#4137=DIRECTION('',(0.,1.,0.));
#4138=DIRECTION('',(1.,0.,0.));
#4139=DIRECTION('',(0.,0.,-1.));
#4140=DIRECTION('',(1.,0.,0.));
#4141=DIRECTION('',(1.,0.,0.));
#4142=DIRECTION('',(0.,0.,-1.));
#4143=DIRECTION('',(-1.,0.,0.));
#4144=DIRECTION('',(0.,0.,-1.));
#4145=DIRECTION('',(1.,0.,0.));
#4146=DIRECTION('',(0.,0.,-1.));
#4147=DIRECTION('',(-1.,0.,0.));
#4148=DIRECTION('',(0.,0.,-1.));
#4149=DIRECTION('',(1.,0.,0.));
#4150=DIRECTION('',(0.,1.,0.));
#4151=DIRECTION('',(-1.,0.,0.));
#4152=DIRECTION('',(1.,0.,0.));
#4153=DIRECTION('',(-1.,0.,0.));
#4154=DIRECTION('',(0.,0.,-1.));
#4155=DIRECTION('',(1.,0.,0.));
#4156=DIRECTION('',(0.,0.,-1.));
#4157=DIRECTION('',(-1.,0.,0.));
#4158=DIRECTION('',(0.,0.,-1.));
#4159=DIRECTION('',(1.,0.,0.));
#4160=DIRECTION('',(0.,0.,-1.));
#4161=DIRECTION('',(-1.,0.,0.));
#4162=DIRECTION('',(0.,1.,0.));
#4163=DIRECTION('',(-1.,0.,0.));
#4164=DIRECTION('',(-1.,0.,0.));
#4165=DIRECTION('',(-1.,0.,0.));
#4166=DIRECTION('',(0.,0.,-1.));
#4167=DIRECTION('',(-1.,0.,0.));
#4168=DIRECTION('',(0.,0.,-1.));
#4169=DIRECTION('',(-1.,0.,0.));
#4170=DIRECTION('',(0.,0.,-1.));
#4171=DIRECTION('',(-1.,0.,0.));
#4172=DIRECTION('',(0.,0.,-1.));
#4173=DIRECTION('',(-1.,0.,0.));
#4174=DIRECTION('',(0.,1.,0.));
#4175=DIRECTION('',(1.,0.,0.));
#4176=DIRECTION('',(0.,1.22464679914735E-16,1.));
#4177=DIRECTION('',(1.,0.,0.));
#4178=DIRECTION('',(0.,1.22464679914735E-16,1.));
#4179=DIRECTION('',(1.,0.,0.));
#4180=DIRECTION('',(0.,0.,1.));
#4181=DIRECTION('',(1.,0.,0.));
#4182=DIRECTION('',(0.,0.,-1.));
#4183=DIRECTION('',(1.,0.,0.));
#4184=DIRECTION('',(0.,0.,-1.));
#4185=DIRECTION('',(1.,0.,0.));
#4186=DIRECTION('',(0.,0.,-1.));
#4187=DIRECTION('',(1.,0.,0.));
#4188=DIRECTION('',(0.,0.,-1.));
#4189=DIRECTION('',(0.,1.,0.));
#4190=DIRECTION('',(1.,0.,0.));
#4191=DIRECTION('',(-1.,0.,0.));
#4192=DIRECTION('',(0.,1.,0.));
#4193=DIRECTION('',(1.,0.,0.));
#4194=DIRECTION('',(0.,0.,-1.));
#4195=DIRECTION('',(0.,1.,0.));
#4196=DIRECTION('',(1.,0.,0.));
#4197=DIRECTION('',(-1.,0.,0.));
#4198=DIRECTION('',(0.,1.,0.));
#4199=DIRECTION('',(1.,0.,0.));
#4200=DIRECTION('',(0.5,0.,0.866025403784439));
#4201=DIRECTION('',(1.,0.,0.));
#4202=DIRECTION('',(0.5,0.,-0.866025403784439));
#4203=DIRECTION('',(-0.5,0.,-0.866025403784439));
#4204=DIRECTION('',(-1.,0.,0.));
#4205=DIRECTION('',(-0.5,0.,0.866025403784438));
#4206=DIRECTION('',(0.5,0.,0.866025403784438));
#4207=DIRECTION('',(1.,0.,0.));
#4208=DIRECTION('',(0.5,0.,-0.866025403784439));
#4209=DIRECTION('',(-0.5,0.,-0.866025403784438));
#4210=DIRECTION('',(-1.,0.,0.));
#4211=DIRECTION('',(-0.5,0.,0.866025403784439));
#4212=DIRECTION('',(0.5,0.,-0.866025403784439));
#4213=DIRECTION('',(-0.5,0.,-0.866025403784438));
#4214=DIRECTION('',(-1.,0.,0.));
#4215=DIRECTION('',(-0.5,0.,0.866025403784439));
#4216=DIRECTION('',(0.5,0.,0.866025403784439));
#4217=DIRECTION('',(1.,0.,0.));
#4218=DIRECTION('',(-0.5,0.,-0.866025403784439));
#4219=DIRECTION('',(-1.,0.,0.));
#4220=DIRECTION('',(-0.5,0.,0.866025403784439));
#4221=DIRECTION('',(0.5,0.,0.866025403784439));
#4222=DIRECTION('',(1.,0.,0.));
#4223=DIRECTION('',(0.5,0.,-0.866025403784438));
#4224=DIRECTION('',(0.,0.,-1.));
#4225=DIRECTION('',(1.,0.,0.));
#4226=DIRECTION('',(0.,0.,-1.));
#4227=DIRECTION('',(1.,0.,0.));
#4228=DIRECTION('',(0.,0.,1.));
#4229=DIRECTION('',(1.,0.,0.));
#4230=DIRECTION('',(0.,1.22464679914735E-16,1.));
#4231=DIRECTION('',(1.,0.,0.));
#4232=DIRECTION('',(0.,1.22464679914735E-16,1.));
#4233=DIRECTION('',(1.,0.,0.));
#4234=DIRECTION('',(0.,0.,-1.));
#4235=DIRECTION('',(1.,0.,0.));
#4236=DIRECTION('',(0.,0.,1.));
#4237=DIRECTION('',(1.,0.,0.));
#4238=DIRECTION('',(0.,0.,1.));
#4239=DIRECTION('',(0.,-1.,0.));
#4240=DIRECTION('',(0.,1.,0.));
#4241=DIRECTION('',(0.,0.,1.));
#4242=DIRECTION('',(1.,0.,0.));
#4243=DIRECTION('',(0.,-1.,0.));
#4244=DIRECTION('',(0.,0.,1.));
#4245=DIRECTION('',(0.,-1.,0.));
#4246=DIRECTION('',(0.,0.,1.));
#4247=DIRECTION('',(1.,0.,0.));
#4248=DIRECTION('',(0.,-1.,0.));
#4249=DIRECTION('',(0.,0.,1.));
#4250=DIRECTION('',(0.,-1.,0.));
#4251=DIRECTION('',(0.,0.,1.));
#4252=DIRECTION('',(1.,0.,0.));
#4253=DIRECTION('',(0.,-1.,1.22464679914735E-16));
#4254=DIRECTION('',(0.,0.,1.));
#4255=DIRECTION('',(0.,-1.,0.));
#4256=DIRECTION('',(0.,0.,1.));
#4257=DIRECTION('',(1.,0.,0.));
#4258=DIRECTION('',(0.,1.,-1.22464679914735E-16));
#4259=DIRECTION('',(0.,0.,1.));
#4260=DIRECTION('',(0.,-1.,0.));
#4261=DIRECTION('',(0.,0.,1.));
#4262=DIRECTION('',(1.,0.,0.));
#4263=DIRECTION('',(0.,-1.,1.22464679914735E-16));
#4264=DIRECTION('',(0.,0.,1.));
#4265=DIRECTION('',(0.,-1.,0.));
#4266=DIRECTION('',(-1.,0.,0.));
#4267=DIRECTION('',(0.,-1.,0.));
#4268=DIRECTION('',(0.,1.,0.));
#4269=DIRECTION('',(0.,0.,-1.));
#4270=DIRECTION('',(1.,0.,0.));
#4271=DIRECTION('',(0.,-1.,0.));
#4272=DIRECTION('',(0.,0.,-1.));
#4273=DIRECTION('',(0.,-1.,0.));
#4274=DIRECTION('',(0.,0.,-1.));
#4275=DIRECTION('',(1.,0.,0.));
#4276=DIRECTION('',(0.,-1.,0.));
#4277=DIRECTION('',(0.,1.,0.));
#4278=DIRECTION('',(0.,0.,-1.));
#4279=DIRECTION('',(-1.,0.,0.));
#4280=DIRECTION('',(0.,-1.,0.));
#4281=DIRECTION('',(0.,0.,-1.));
#4282=DIRECTION('',(0.,-1.,0.));
#4283=DIRECTION('',(0.,0.,-1.));
#4284=DIRECTION('',(0.,-1.,0.));
#4285=DIRECTION('',(-1.,0.,0.));
#4286=DIRECTION('',(0.,1.,0.));
#4287=DIRECTION('',(1.,0.,0.));
#4288=DIRECTION('',(0.,1.,0.));
#4289=DIRECTION('',(1.,0.,0.));
#4290=DIRECTION('',(0.,-1.,0.));
#4291=DIRECTION('',(-1.,0.,0.));
#4292=DIRECTION('',(0.,1.,0.));
#4293=DIRECTION('',(1.,0.,0.));
#4294=DIRECTION('',(0.,1.,0.));
#4295=DIRECTION('',(1.,0.,0.));
#4296=DIRECTION('',(0.,-1.,0.));
#4297=DIRECTION('',(1.,0.,0.));
#4298=DIRECTION('',(0.,-1.,0.));
#4299=DIRECTION('',(-1.,0.,0.));
#4300=DIRECTION('',(0.,1.,0.));
#4301=DIRECTION('',(1.,0.,0.));
#4302=DIRECTION('',(0.,-1.,0.));
#4303=DIRECTION('',(1.,0.,0.));
#4304=DIRECTION('',(0.,-1.,0.));
#4305=DIRECTION('',(-1.,0.,0.));
#4306=DIRECTION('',(0.,1.,0.));
#4307=DIRECTION('',(1.,0.,0.));
#4308=DIRECTION('',(1.,0.,0.));
#4309=DIRECTION('',(0.,-1.,0.));
#4310=DIRECTION('',(0.,0.,1.));
#4311=DIRECTION('',(0.,1.,0.));
#4312=DIRECTION('',(0.,0.,1.));
#4313=DIRECTION('',(0.,1.,-1.22464679914735E-16));
#4314=DIRECTION('',(-1.,-3.60756813221232E-16,0.));
#4315=DIRECTION('',(-3.60756813221232E-16,1.,0.));
#4316=DIRECTION('',(0.,-1.,0.));
#4317=DIRECTION('',(0.,0.,1.));
#4318=DIRECTION('',(0.,-1.,1.22464679914735E-16));
#4319=DIRECTION('',(0.,0.,1.));
#4320=DIRECTION('',(0.,0.,-1.));
#4321=DIRECTION('',(0.,-1.,0.));
#4322=DIRECTION('',(0.,0.,-1.));
#4323=DIRECTION('',(0.,-1.,1.22464679914735E-16));
#4324=DIRECTION('',(0.,1.,0.));
#4325=DIRECTION('',(1.,0.,0.));
#4326=DIRECTION('',(0.,0.,1.));
#4327=DIRECTION('',(-1.,0.,0.));
#4328=DIRECTION('',(0.,0.,-1.));
#4329=DIRECTION('',(-1.,0.,0.));
#4330=DIRECTION('',(0.,-1.,0.));
#4331=DIRECTION('',(-1.,0.,0.));
#4332=DIRECTION('',(0.,0.,1.));
#4333=DIRECTION('',(1.,0.,0.));
#4334=DIRECTION('',(0.,0.,-1.));
#4335=DIRECTION('',(1.,0.,0.));
#4336=DIRECTION('',(-1.,0.,0.));
#4337=DIRECTION('',(0.,1.,0.));
#4338=DIRECTION('',(0.,0.,1.));
#4339=DIRECTION('',(0.,-1.,0.));
#4340=DIRECTION('',(0.,0.,1.));
#4341=DIRECTION('',(0.,-1.,1.22464679914735E-16));
#4342=DIRECTION('',(0.,-1.,0.));
#4343=DIRECTION('',(0.,0.,-1.));
#4344=DIRECTION('',(0.,-1.,1.22464679914735E-16));
#4345=DIRECTION('',(0.,-1.,1.22464679914735E-16));
#4346=DIRECTION('',(0.,0.,1.));
#4347=DIRECTION('',(0.,-1.,0.));
#4348=DIRECTION('',(1.,0.,0.));
#4349=DIRECTION('',(0.,-1.,0.));
#4350=DIRECTION('',(0.,0.,-1.));
#4351=DIRECTION('',(0.,-1.,1.22464679914735E-16));
#4352=DIRECTION('',(0.,0.,1.));
#4353=DIRECTION('',(0.,-1.,0.));
#4354=DIRECTION('',(0.,0.,1.));
#4355=DIRECTION('',(0.,-1.,0.));
#4356=DIRECTION('',(0.,0.,-1.));
#4357=DIRECTION('',(0.,1.,0.));
#4358=DIRECTION('',(0.,0.,-1.));
#4359=DIRECTION('',(0.,1.,0.));
#4360=DIRECTION('',(0.,0.,1.));
#4361=DIRECTION('',(0.,-1.,0.));
#4362=DIRECTION('',(0.,0.,-1.));
#4363=DIRECTION('',(0.,1.,0.));
#4364=DIRECTION('',(0.,0.,-1.));
#4365=DIRECTION('',(0.,1.,0.));
#4366=DIRECTION('',(0.,1.,0.));
#4367=DIRECTION('',(1.,0.,0.));
#4368=DIRECTION('',(1.,0.,0.));
#4369=DIRECTION('',(1.,0.,0.));
#4370=DIRECTION('',(1.,0.,0.));
#4371=DIRECTION('',(0.,0.,1.));
#4372=DIRECTION('',(-1.,0.,0.));
#4373=DIRECTION('',(0.,0.,-1.));
#4374=DIRECTION('',(-1.,0.,0.));
#4375=DIRECTION('',(0.,0.,1.));
#4376=DIRECTION('',(1.,0.,0.));
#4377=DIRECTION('',(0.,0.,1.));
#4378=DIRECTION('',(-1.,0.,0.));
#4379=DIRECTION('',(0.,1.,0.));
#4380=DIRECTION('',(1.,0.,0.));
#4381=DIRECTION('',(0.,-1.,0.));
#4382=DIRECTION('',(-1.,0.,0.));
#4383=DIRECTION('',(0.,1.,0.));
#4384=DIRECTION('',(1.,0.,0.));
#4385=DIRECTION('',(0.,0.,-1.));
#4386=DIRECTION('',(0.,-1.,0.));
#4387=DIRECTION('',(-1.,0.,0.));
#4388=DIRECTION('',(-1.,0.,0.));
#4389=DIRECTION('',(0.,1.,0.));
#4390=DIRECTION('',(1.,0.,0.));
#4391=DIRECTION('',(0.,1.,0.));
#4392=DIRECTION('',(1.,0.,0.));
#4393=DIRECTION('',(0.,1.,0.));
#4394=DIRECTION('',(1.,0.,0.));
#4395=DIRECTION('',(0.,1.,0.));
#4396=DIRECTION('',(1.,0.,0.));
#4397=DIRECTION('',(1.,0.,0.));
#4398=DIRECTION('',(0.,0.,1.));
#4399=DIRECTION('',(-1.,0.,0.));
#4400=DIRECTION('',(0.,0.,1.));
#4401=DIRECTION('',(1.,0.,0.));
#4402=DIRECTION('',(0.,0.,-1.));
#4403=DIRECTION('',(1.,0.,0.));
#4404=DIRECTION('',(0.,0.,1.));
#4405=DIRECTION('',(-1.,0.,0.));
#4406=DIRECTION('',(0.,0.,1.));
#4407=DIRECTION('',(-1.,0.,0.));
#4408=DIRECTION('',(-1.,0.,0.));
#4409=DIRECTION('',(0.,0.,-1.));
#4410=DIRECTION('',(-1.,0.,0.));
#4411=DIRECTION('',(0.,0.,-1.));
#4412=DIRECTION('',(1.,0.,0.));
#4413=DIRECTION('',(0.,0.,-1.));
#4414=DIRECTION('',(1.,0.,0.));
#4415=DIRECTION('',(0.,0.,-1.));
#4416=DIRECTION('',(-1.,0.,0.));
#4417=DIRECTION('',(0.,0.,-1.));
#4418=DIRECTION('',(1.,0.,0.));
#4419=DIRECTION('',(0.,1.,0.));
#4420=DIRECTION('',(1.,0.,0.));
#4421=DIRECTION('',(0.,1.,0.));
#4422=DIRECTION('',(1.,0.,0.));
#4423=DIRECTION('',(0.,1.,0.));
#4424=DIRECTION('',(1.,0.,0.));
#4425=DIRECTION('',(0.,0.,-1.));
#4426=DIRECTION('',(0.,1.,0.));
#4427=DIRECTION('',(1.,0.,0.));
#4428=DIRECTION('',(-1.,0.,0.));
#4429=DIRECTION('',(0.,-1.,0.));
#4430=DIRECTION('',(-1.,0.,0.));
#4431=DIRECTION('',(0.,1.,0.));
#4432=DIRECTION('',(1.,0.,0.));
#4433=DIRECTION('',(0.,-1.,0.));
#4434=DIRECTION('',(-1.,0.,0.));
#4435=DIRECTION('',(0.,1.,0.));
#4436=DIRECTION('',(1.,0.,0.));
#4437=DIRECTION('',(-1.,0.,0.));
#4438=DIRECTION('',(0.,0.,-1.));
#4439=DIRECTION('',(1.,0.,0.));
#4440=DIRECTION('',(0.,0.,-1.));
#4441=DIRECTION('',(-1.,0.,0.));
#4442=DIRECTION('',(0.,0.,-1.));
#4443=DIRECTION('',(-1.,0.,0.));
#4444=DIRECTION('',(0.,0.,-1.));
#4445=DIRECTION('',(1.,0.,0.));
#4446=DIRECTION('',(0.,-1.,0.));
#4447=DIRECTION('',(-1.,0.,0.));
#4448=DIRECTION('',(0.,1.,0.));
#4449=DIRECTION('',(1.,0.,0.));
#4450=DIRECTION('',(0.,1.,0.));
#4451=DIRECTION('',(1.,0.,0.));
#4452=DIRECTION('',(0.,-1.,0.));
#4453=DIRECTION('',(-1.,0.,0.));
#4454=DIRECTION('',(1.,0.,0.));
#4455=DIRECTION('',(0.,-1.,0.));
#4456=DIRECTION('',(1.,0.,0.));
#4457=DIRECTION('',(0.,-1.,0.));
#4458=DIRECTION('',(1.,0.,0.));
#4459=DIRECTION('',(-1.,0.,0.));
#4460=DIRECTION('',(0.,-1.,0.));
#4461=DIRECTION('',(1.,0.,0.));
#4462=DIRECTION('',(0.,-1.,0.));
#4463=DIRECTION('',(1.,0.,0.));
#4464=DIRECTION('',(0.,-1.,0.));
#4465=DIRECTION('',(1.,0.,0.));
#4466=DIRECTION('',(0.,-1.,0.));
#4467=DIRECTION('',(1.,0.,0.));
#4468=DIRECTION('',(1.,0.,0.));
#4469=DIRECTION('',(0.,-1.,0.));
#4470=DIRECTION('',(1.,0.,0.));
#4471=DIRECTION('',(0.,-1.,0.));
#4472=DIRECTION('',(1.,0.,0.));
#4473=DIRECTION('',(1.,0.,0.));
#4474=DIRECTION('',(0.,-1.,0.));
#4475=DIRECTION('',(1.,0.,0.));
#4476=DIRECTION('',(0.,0.,-1.));
#4477=DIRECTION('',(1.,0.,0.));
#4478=DIRECTION('',(0.,-1.,0.));
#4479=DIRECTION('',(1.,0.,0.));
#4480=DIRECTION('',(0.,-1.,0.));
#4481=DIRECTION('',(1.,0.,0.));
#4482=DIRECTION('',(0.,0.,-1.));
#4483=DIRECTION('',(1.,0.,0.));
#4484=DIRECTION('',(0.,-1.,0.));
#4485=DIRECTION('',(1.,0.,0.));
#4486=DIRECTION('',(0.,-1.,0.));
#4487=DIRECTION('',(0.,0.,-1.));
#4488=DIRECTION('',(1.,0.,0.));
#4489=DIRECTION('',(0.,-1.,0.));
#4490=DIRECTION('',(-1.,0.,0.));
#4491=DIRECTION('',(0.,-1.,0.));
#4492=DIRECTION('',(-1.,0.,0.));
#4493=DIRECTION('',(0.,-1.,0.));
#4494=DIRECTION('',(1.,0.,0.));
#4495=DIRECTION('',(1.,0.,0.));
#4496=DIRECTION('',(0.,0.,-1.));
#4497=DIRECTION('',(-1.,0.,0.));
#4498=DIRECTION('',(0.,-1.,0.));
#4499=DIRECTION('',(1.,0.,0.));
#4500=DIRECTION('',(0.,-1.,0.));
#4501=DIRECTION('',(1.,0.,0.));
#4502=DIRECTION('',(0.,-1.,0.));
#4503=DIRECTION('',(0.,0.,-1.));
#4504=DIRECTION('',(0.,1.,0.));
#4505=DIRECTION('',(1.,0.,0.));
#4506=DIRECTION('',(0.,0.,-1.));
#4507=DIRECTION('',(1.,0.,0.));
#4508=DIRECTION('',(0.,0.,-1.));
#4509=DIRECTION('',(1.,0.,0.));
#4510=DIRECTION('',(0.,0.,-1.));
#4511=DIRECTION('',(1.,0.,0.));
#4512=DIRECTION('',(0.,0.,-1.));
#4513=DIRECTION('',(0.,0.,1.));
#4514=DIRECTION('',(1.,0.,0.));
#4515=DIRECTION('',(0.,1.,0.));
#4516=DIRECTION('',(1.,0.,0.));
#4517=DIRECTION('',(0.,1.,0.));
#4518=DIRECTION('',(1.,0.,0.));
#4519=DIRECTION('',(0.,1.,0.));
#4520=DIRECTION('',(1.,0.,0.));
#4521=DIRECTION('',(1.,0.,0.));
#4522=DIRECTION('',(0.,1.,0.));
#4523=DIRECTION('',(1.,0.,0.));
#4524=DIRECTION('',(1.,0.,0.));
#4525=DIRECTION('',(0.,0.,1.));
#4526=DIRECTION('',(1.,0.,0.));
#4527=DIRECTION('',(1.,0.,0.));
#4528=DIRECTION('',(0.,0.,-1.));
#4529=DIRECTION('',(1.,0.,0.));
#4530=DIRECTION('',(0.,0.,-1.));
#4531=DIRECTION('',(1.,0.,0.));
#4532=DIRECTION('',(0.,0.,-1.));
#4533=DIRECTION('',(1.,0.,0.));
#4534=DIRECTION('',(-1.,0.,0.));
#4535=DIRECTION('',(0.,1.,0.));
#4536=DIRECTION('',(0.,-1.,0.));
#4537=DIRECTION('',(1.,0.,0.));
#4538=DIRECTION('',(0.,-1.,0.));
#4539=DIRECTION('',(-1.,0.,0.));
#4540=DIRECTION('',(0.,1.,0.));
#4541=DIRECTION('',(0.,0.,-1.));
#4542=DIRECTION('',(0.,-1.,0.));
#4543=DIRECTION('',(0.,1.,0.));
#4544=DIRECTION('',(1.,0.,0.));
#4545=DIRECTION('',(-1.,0.,0.));
#4546=DIRECTION('',(0.,0.,-1.));
#4547=DIRECTION('',(1.,0.,0.));
#4548=DIRECTION('',(0.,0.,-1.));
#4549=DIRECTION('',(-1.,0.,0.));
#4550=DIRECTION('',(0.,0.,-1.));
#4551=DIRECTION('',(1.,0.,0.));
#4552=DIRECTION('',(0.,0.,-1.));
#4553=DIRECTION('',(0.,1.,0.));
#4554=DIRECTION('',(1.,0.,0.));
#4555=DIRECTION('',(0.,1.,0.));
#4556=DIRECTION('',(1.,0.,0.));
#4557=DIRECTION('',(0.,1.,0.));
#4558=DIRECTION('',(1.,0.,0.));
#4559=DIRECTION('',(1.,0.,0.));
#4560=DIRECTION('',(1.,0.,0.));
#4561=DIRECTION('',(0.,-1.,0.));
#4562=DIRECTION('',(-1.,0.,0.));
#4563=DIRECTION('',(0.,-1.,0.));
#4564=DIRECTION('',(1.,0.,0.));
#4565=DIRECTION('',(1.,0.,0.));
#4566=DIRECTION('',(0.,-1.,0.));
#4567=DIRECTION('',(1.,0.,0.));
#4568=DIRECTION('',(1.,0.,0.));
#4569=DIRECTION('',(0.,-1.,0.));
#4570=DIRECTION('',(1.,0.,0.));
#4571=DIRECTION('',(0.,-1.,0.));
#4572=DIRECTION('',(1.,0.,0.));
#4573=DIRECTION('',(1.,0.,0.));
#4574=DIRECTION('',(0.,-1.,0.));
#4575=DIRECTION('',(1.,0.,0.));
#4576=DIRECTION('',(1.,0.,0.));
#4577=DIRECTION('',(0.,-1.,0.));
#4578=DIRECTION('',(0.,-1.,0.));
#4579=DIRECTION('',(-1.,0.,0.));
#4580=DIRECTION('',(0.,-1.,0.));
#4581=DIRECTION('',(1.,0.,0.));
#4582=DIRECTION('',(0.,-1.,0.));
#4583=DIRECTION('',(1.,0.,0.));
#4584=DIRECTION('',(0.,-1.,0.));
#4585=DIRECTION('',(0.,0.,-1.));
#4586=DIRECTION('',(0.,1.,0.));
#4587=DIRECTION('',(0.,-1.,0.));
#4588=DIRECTION('',(0.,0.,-1.));
#4589=DIRECTION('',(0.,1.,0.));
#4590=DIRECTION('',(0.,1.,0.));
#4591=DIRECTION('',(-1.,0.,0.));
#4592=DIRECTION('',(0.,1.,0.));
#4593=DIRECTION('',(0.,1.,0.));
#4594=DIRECTION('',(1.,0.,0.));
#4595=DIRECTION('',(0.,1.,0.));
#4596=DIRECTION('',(1.,0.,0.));
#4597=DIRECTION('',(0.,1.,0.));
#4598=DIRECTION('',(1.,0.,0.));
#4599=DIRECTION('',(0.,1.,0.));
#4600=DIRECTION('',(1.,0.,0.));
#4601=DIRECTION('',(0.,1.,0.));
#4602=DIRECTION('',(0.,0.,-1.));
#4603=DIRECTION('',(0.,1.,0.));
#4604=DIRECTION('',(-1.,0.,0.));
#4605=DIRECTION('',(0.,1.,0.));
#4606=DIRECTION('',(1.,0.,0.));
#4607=DIRECTION('',(0.,-1.,0.));
#4608=DIRECTION('',(0.,-1.,0.));
#4609=DIRECTION('',(0.,0.,-1.));
#4610=DIRECTION('',(0.,1.,0.));
#4611=DIRECTION('',(0.,1.,0.));
#4612=DIRECTION('',(0.,-1.,0.));
#4613=DIRECTION('',(-1.,0.,0.));
#4614=DIRECTION('',(0.,-1.,0.));
#4615=DIRECTION('',(0.,-1.,0.));
#4616=DIRECTION('',(0.,-1.,0.));
#4617=DIRECTION('',(-1.,0.,0.));
#4618=DIRECTION('',(0.,-1.,0.));
#4619=DIRECTION('',(0.,-1.,0.));
#4620=DIRECTION('',(0.,0.,-1.));
#4621=DIRECTION('',(0.,1.,0.));
#4622=DIRECTION('',(0.,-1.,0.));
#4623=DIRECTION('',(0.,-1.,0.));
#4624=DIRECTION('',(-1.,0.,0.));
#4625=DIRECTION('',(0.,1.,0.));
#4626=DIRECTION('',(1.,0.,0.));
#4627=DIRECTION('',(0.,1.,0.));
#4628=DIRECTION('',(1.,0.,0.));
#4629=DIRECTION('',(0.,1.,0.));
#4630=DIRECTION('',(1.,0.,0.));
#4631=DIRECTION('',(0.,-1.,0.));
#4632=DIRECTION('',(-1.,0.,0.));
#4633=DIRECTION('',(0.,1.,0.));
#4634=DIRECTION('',(1.,0.,0.));
#4635=DIRECTION('',(0.,1.,0.));
#4636=DIRECTION('',(1.,0.,0.));
#4637=DIRECTION('',(0.,1.,0.));
#4638=DIRECTION('',(1.,0.,0.));
#4639=DIRECTION('',(1.,0.,0.));
#4640=DIRECTION('',(0.,-1.,0.));
#4641=DIRECTION('',(1.,0.,0.));
#4642=DIRECTION('',(0.,-1.,0.));
#4643=DIRECTION('',(1.,0.,0.));
#4644=DIRECTION('',(0.,0.,-1.));
#4645=DIRECTION('',(1.,0.,0.));
#4646=DIRECTION('',(0.,-1.,0.));
#4647=DIRECTION('',(1.,0.,0.));
#4648=DIRECTION('',(0.,-1.,0.));
#4649=DIRECTION('',(1.,0.,0.));
#4650=DIRECTION('',(0.,-1.,0.));
#4651=DIRECTION('',(-1.,0.,0.));
#4652=DIRECTION('',(0.,-1.,0.));
#4653=DIRECTION('',(1.,0.,0.));
#4654=DIRECTION('',(0.,0.,-1.));
#4655=DIRECTION('',(1.,0.,0.));
#4656=DIRECTION('',(0.,-1.,0.));
#4657=DIRECTION('',(1.,0.,0.));
#4658=DIRECTION('',(0.,-1.,0.));
#4659=DIRECTION('',(1.,0.,0.));
#4660=DIRECTION('',(0.,-1.,0.));
#4661=DIRECTION('',(-1.,0.,0.));
#4662=DIRECTION('',(0.,-1.,0.));
#4663=DIRECTION('',(1.,0.,0.));
#4664=DIRECTION('',(1.,0.,0.));
#4665=DIRECTION('',(0.,-1.,0.));
#4666=DIRECTION('',(1.,0.,0.));
#4667=DIRECTION('',(0.,-1.,0.));
#4668=DIRECTION('',(1.,0.,0.));
#4669=DIRECTION('',(1.,0.,0.));
#4670=DIRECTION('',(0.,-1.,0.));
#4671=DIRECTION('',(1.,0.,0.));
#4672=DIRECTION('',(0.,-1.,0.));
#4673=DIRECTION('',(1.,0.,0.));
#4674=DIRECTION('',(0.,-1.,0.));
#4675=DIRECTION('',(1.,0.,0.));
#4676=DIRECTION('',(0.,0.,-1.));
#4677=DIRECTION('',(1.,0.,0.));
#4678=DIRECTION('',(0.,-1.,0.));
#4679=DIRECTION('',(1.,0.,0.));
#4680=DIRECTION('',(0.,-1.,0.));
#4681=DIRECTION('',(1.,0.,0.));
#4682=DIRECTION('',(0.,0.,-1.));
#4683=DIRECTION('',(1.,0.,0.));
#4684=DIRECTION('',(0.,-1.,0.));
#4685=DIRECTION('',(1.,0.,0.));
#4686=DIRECTION('',(0.,-1.,0.));
#4687=DIRECTION('',(1.,0.,0.));
#4688=DIRECTION('',(0.,-1.,0.));
#4689=DIRECTION('',(-1.,0.,0.));
#4690=DIRECTION('',(0.,-1.,0.));
#4691=DIRECTION('',(-1.,0.,0.));
#4692=DIRECTION('',(0.,-1.,0.));
#4693=DIRECTION('',(1.,0.,0.));
#4694=DIRECTION('',(0.,0.,-1.));
#4695=DIRECTION('',(1.,0.,0.));
#4696=DIRECTION('',(0.,-1.,0.));
#4697=DIRECTION('',(1.,0.,0.));
#4698=DIRECTION('',(0.,-1.,0.));
#4699=DIRECTION('',(1.,0.,0.));
#4700=DIRECTION('',(0.,0.,-1.));
#4701=DIRECTION('',(1.,0.,0.));
#4702=DIRECTION('',(0.,-1.,0.));
#4703=DIRECTION('',(1.,0.,0.));
#4704=DIRECTION('',(0.,-1.,0.));
#4705=DIRECTION('',(1.,0.,0.));
#4706=DIRECTION('',(0.,-1.,0.));
#4707=DIRECTION('',(1.,0.,0.));
#4708=DIRECTION('',(0.,-1.,0.));
#4709=DIRECTION('',(1.,0.,0.));
#4710=DIRECTION('',(0.,0.,-1.));
#4711=DIRECTION('',(1.,0.,0.));
#4712=DIRECTION('',(0.,-1.,0.));
#4713=DIRECTION('',(1.,0.,0.));
#4714=DIRECTION('',(0.,-1.,0.));
#4715=DIRECTION('',(1.,0.,0.));
#4716=DIRECTION('',(0.,-1.,0.));
#4717=DIRECTION('',(1.,0.,0.));
#4718=DIRECTION('',(0.,-1.,0.));
#4719=DIRECTION('',(1.,0.,0.));
#4720=DIRECTION('',(0.,-1.,0.));
#4721=DIRECTION('',(1.,0.,0.));
#4722=DIRECTION('',(0.,-1.,0.));
#4723=DIRECTION('',(1.,0.,0.));
#4724=DIRECTION('',(0.,-1.,0.));
#4725=DIRECTION('',(1.,0.,0.));
#4726=DIRECTION('',(0.,-1.,0.));
#4727=DIRECTION('',(1.,0.,0.));
#4728=DIRECTION('',(0.,-1.,0.));
#4729=DIRECTION('',(-1.,0.,0.));
#4730=DIRECTION('',(0.,-1.,0.));
#4731=DIRECTION('',(1.,0.,0.));
#4732=DIRECTION('',(0.,-1.,0.));
#4733=DIRECTION('',(-1.,0.,0.));
#4734=DIRECTION('',(1.,0.,0.));
#4735=DIRECTION('',(0.,-1.,0.));
#4736=DIRECTION('',(1.,0.,0.));
#4737=DIRECTION('',(-1.,0.,0.));
#4738=DIRECTION('',(0.,-1.,0.));
#4739=DIRECTION('',(1.,0.,0.));
#4740=DIRECTION('',(0.,-1.,0.));
#4741=DIRECTION('',(-1.,0.,0.));
#4742=DIRECTION('',(1.,0.,0.));
#4743=DIRECTION('',(0.,-1.,0.));
#4744=DIRECTION('',(-1.,0.,0.));
#4745=DIRECTION('',(0.,-1.,0.));
#4746=DIRECTION('',(1.,0.,0.));
#4747=DIRECTION('',(0.,-1.,0.));
#4748=DIRECTION('',(-1.,0.,0.));
#4749=DIRECTION('',(1.,0.,0.));
#4750=DIRECTION('',(0.,-1.,0.));
#4751=DIRECTION('',(1.,0.,0.));
#4752=DIRECTION('',(-1.,0.,0.));
#4753=DIRECTION('',(0.,-1.,0.));
#4754=DIRECTION('',(1.,0.,0.));
#4755=DIRECTION('',(0.,-1.,0.));
#4756=DIRECTION('',(-1.,0.,0.));
#4757=DIRECTION('',(1.,0.,0.));
#4758=DIRECTION('',(0.,-1.,0.));
#4759=DIRECTION('',(-1.,0.,0.));
#4760=DIRECTION('',(0.,-1.,0.));
#4761=DIRECTION('',(1.,0.,0.));
#4762=DIRECTION('',(0.,-1.,0.));
#4763=DIRECTION('',(1.,0.,0.));
#4764=DIRECTION('',(0.,-1.,0.));
#4765=DIRECTION('',(-1.,0.,0.));
#4766=DIRECTION('',(-1.,0.,0.));
#4767=DIRECTION('',(0.,-1.,0.));
#4768=DIRECTION('',(1.,0.,0.));
#4769=DIRECTION('',(0.,-1.,0.));
#4770=DIRECTION('',(1.,0.,0.));
#4771=DIRECTION('',(0.,-1.,0.));
#4772=DIRECTION('',(-1.,0.,0.));
#4773=DIRECTION('',(-1.,0.,0.));
#4774=DIRECTION('',(0.,-1.,0.));
#4775=DIRECTION('',(1.,0.,0.));
#4776=DIRECTION('',(0.,-1.,0.));
#4777=DIRECTION('',(-1.,0.,0.));
#4778=DIRECTION('',(1.,0.,0.));
#4779=DIRECTION('',(0.,-1.,0.));
#4780=DIRECTION('',(-1.,0.,0.));
#4781=DIRECTION('',(-1.,0.,0.));
#4782=DIRECTION('',(0.,-1.,0.));
#4783=DIRECTION('',(1.,0.,0.));
#4784=DIRECTION('',(0.,-1.,0.));
#4785=DIRECTION('',(-1.,0.,0.));
#4786=DIRECTION('',(1.,0.,0.));
#4787=DIRECTION('',(0.,-1.,0.));
#4788=DIRECTION('',(-1.,0.,0.));
#4789=DIRECTION('',(-1.,0.,0.));
#4790=DIRECTION('',(0.,0.,-1.));
#4791=DIRECTION('',(1.,0.,0.));
#4792=DIRECTION('',(0.,-1.,0.));
#4793=DIRECTION('',(0.,0.,-1.));
#4794=DIRECTION('',(-1.,0.,0.));
#4795=DIRECTION('',(0.,-1.,0.));
#4796=DIRECTION('',(-1.,0.,0.));
#4797=DIRECTION('',(0.,-1.,0.));
#4798=DIRECTION('',(-1.,0.,0.));
#4799=DIRECTION('',(0.,-1.,0.));
#4800=DIRECTION('',(-1.,0.,0.));
#4801=DIRECTION('',(0.,-1.,0.));
#4802=DIRECTION('',(1.,0.,0.));
#4803=DIRECTION('',(0.,-1.,0.));
#4804=DIRECTION('',(-1.,0.,0.));
#4805=DIRECTION('',(0.,0.,-1.));
#4806=DIRECTION('',(0.,0.,-1.));
#4807=DIRECTION('',(-1.,0.,0.));
#4808=DIRECTION('',(0.,-1.,0.));
#4809=DIRECTION('',(-1.,0.,0.));
#4810=DIRECTION('',(0.,-1.,0.));
#4811=DIRECTION('',(-1.,0.,0.));
#4812=DIRECTION('',(0.,-1.,0.));
#4813=DIRECTION('',(-1.,0.,0.));
#4814=DIRECTION('',(-1.,0.,0.));
#4815=DIRECTION('',(0.,-1.,0.));
#4816=DIRECTION('',(-1.,0.,0.));
#4817=DIRECTION('',(0.,0.,-1.));
#4818=DIRECTION('',(1.,0.,0.));
#4819=DIRECTION('',(0.,-1.,0.));
#4820=DIRECTION('',(0.,0.,-1.));
#4821=DIRECTION('',(1.,0.,0.));
#4822=DIRECTION('',(0.,-1.,0.));
#4823=DIRECTION('',(-1.,0.,0.));
#4824=DIRECTION('',(0.,-1.,0.));
#4825=DIRECTION('',(1.,0.,0.));
#4826=DIRECTION('',(0.,-1.,0.));
#4827=DIRECTION('',(-1.,0.,0.));
#4828=DIRECTION('',(-1.,0.,0.));
#4829=DIRECTION('',(0.,-1.,0.));
#4830=DIRECTION('',(1.,0.,0.));
#4831=DIRECTION('',(0.,-1.,0.));
#4832=DIRECTION('',(1.,0.,0.));
#4833=DIRECTION('',(0.,-1.,0.));
#4834=DIRECTION('',(-1.,0.,0.));
#4835=DIRECTION('',(0.,-1.,0.));
#4836=DIRECTION('',(-1.,0.,0.));
#4837=DIRECTION('',(0.,-1.,0.));
#4838=DIRECTION('',(-1.,0.,0.));
#4839=DIRECTION('',(0.,0.,-1.));
#4840=DIRECTION('',(1.,0.,0.));
#4841=DIRECTION('',(0.,-1.,0.));
#4842=DIRECTION('',(-1.,0.,0.));
#4843=DIRECTION('',(0.,-1.,0.));
#4844=DIRECTION('',(0.,0.,-1.));
#4845=DIRECTION('',(-1.,0.,0.));
#4846=DIRECTION('',(0.,-1.,0.));
#4847=DIRECTION('',(-1.,0.,0.));
#4848=DIRECTION('',(0.,-1.,0.));
#4849=DIRECTION('',(-1.,0.,0.));
#4850=DIRECTION('',(-1.,0.,0.));
#4851=DIRECTION('',(0.,0.,-1.));
#4852=DIRECTION('',(1.,0.,0.));
#4853=DIRECTION('',(0.,-1.,0.));
#4854=DIRECTION('',(0.,0.,-1.));
#4855=DIRECTION('',(1.,0.,0.));
#4856=DIRECTION('',(0.,-1.,0.));
#4857=DIRECTION('',(-1.,0.,0.));
#4858=DIRECTION('',(0.,-1.,0.));
#4859=DIRECTION('',(-1.,0.,0.));
#4860=DIRECTION('',(0.,0.,-1.));
#4861=DIRECTION('',(0.,1.,0.));
#4862=DIRECTION('',(0.,-1.,0.));
#4863=DIRECTION('',(-1.,0.,0.));
#4864=DIRECTION('',(0.,-1.,0.));
#4865=DIRECTION('',(0.,-1.,0.));
#4866=DIRECTION('',(1.,0.,0.));
#4867=DIRECTION('',(0.,-1.,0.));
#4868=DIRECTION('',(-1.,0.,0.));
#4869=DIRECTION('',(0.,-1.,0.));
#4870=DIRECTION('',(0.,-1.,0.));
#4871=DIRECTION('',(0.,-1.,0.));
#4872=DIRECTION('',(1.,0.,0.));
#4873=DIRECTION('',(0.,-1.,0.));
#4874=DIRECTION('',(0.,-1.,0.));
#4875=DIRECTION('',(-1.,0.,0.));
#4876=DIRECTION('',(0.,-1.,0.));
#4877=DIRECTION('',(0.,0.,-1.));
#4878=DIRECTION('',(0.,1.,0.));
#4879=DIRECTION('',(-1.,0.,0.));
#4880=DIRECTION('',(0.,1.,0.));
#4881=DIRECTION('',(0.,-1.,0.));
#4882=DIRECTION('',(-1.,0.,0.));
#4883=DIRECTION('',(0.,-1.,0.));
#4884=DIRECTION('',(-1.,0.,0.));
#4885=DIRECTION('',(0.,-1.,0.));
#4886=DIRECTION('',(0.,0.,1.));
#4887=DIRECTION('',(0.,1.,0.));
#4888=DIRECTION('',(-1.,0.,0.));
#4889=DIRECTION('',(0.,1.,0.));
#4890=DIRECTION('',(1.,0.,0.));
#4891=DIRECTION('',(0.,1.,0.));
#4892=DIRECTION('',(-1.,0.,0.));
#4893=DIRECTION('',(0.,1.,0.));
#4894=DIRECTION('',(0.,1.,0.));
#4895=DIRECTION('',(1.,0.,0.));
#4896=DIRECTION('',(-1.,0.,0.));
#4897=DIRECTION('',(0.,-1.,0.));
#4898=DIRECTION('',(0.,0.,-1.));
#4899=DIRECTION('',(0.,-1.,0.));
#4900=DIRECTION('',(0.,0.,-1.));
#4901=DIRECTION('',(-1.,0.,0.));
#4902=DIRECTION('',(0.,-1.,0.));
#4903=DIRECTION('',(-1.,0.,0.));
#4904=DIRECTION('',(0.,-1.,0.));
#4905=DIRECTION('',(0.,1.,0.));
#4906=DIRECTION('',(-1.,0.,0.));
#4907=DIRECTION('',(0.,0.,-1.));
#4908=DIRECTION('',(-1.,0.,0.));
#4909=DIRECTION('',(0.,0.,-1.));
#4910=DIRECTION('',(0.,1.,0.));
#4911=DIRECTION('',(1.,0.,0.));
#4912=DIRECTION('',(0.,1.,0.));
#4913=DIRECTION('',(1.,0.,0.));
#4914=DIRECTION('',(0.,0.,-1.));
#4915=DIRECTION('',(1.,0.,0.));
#4916=DIRECTION('',(0.,1.,0.));
#4917=DIRECTION('',(1.,0.,0.));
#4918=DIRECTION('',(0.,-1.,0.));
#4919=DIRECTION('',(0.,1.,0.));
#4920=DIRECTION('',(-1.,0.,0.));
#4921=DIRECTION('',(0.,1.,0.));
#4922=DIRECTION('',(1.,0.,0.));
#4923=DIRECTION('',(0.,1.,0.));
#4924=DIRECTION('',(1.,0.,0.));
#4925=DIRECTION('',(-1.,0.,0.));
#4926=DIRECTION('',(0.,0.,-1.));
#4927=DIRECTION('',(-1.,0.,0.));
#4928=DIRECTION('',(0.,0.,-1.));
#4929=DIRECTION('',(1.,0.,0.));
#4930=DIRECTION('',(0.,-1.,0.));
#4931=DIRECTION('',(-1.,0.,0.));
#4932=DIRECTION('',(0.,-1.,0.));
#4933=DIRECTION('',(-1.,0.,0.));
#4934=DIRECTION('',(0.,0.,-1.));
#4935=DIRECTION('',(1.,0.,0.));
#4936=DIRECTION('',(0.,-1.,0.));
#4937=DIRECTION('',(1.,0.,0.));
#4938=DIRECTION('',(0.,-1.,0.));
#4939=DIRECTION('',(-1.,0.,0.));
#4940=DIRECTION('',(0.,0.,-1.));
#4941=DIRECTION('',(-1.,0.,0.));
#4942=DIRECTION('',(0.,-1.,0.));
#4943=DIRECTION('',(-1.,0.,0.));
#4944=DIRECTION('',(0.,0.,-1.));
#4945=DIRECTION('',(-1.,0.,0.));
#4946=DIRECTION('',(0.,-1.,0.));
#4947=DIRECTION('',(-1.,0.,0.));
#4948=DIRECTION('',(0.,0.,-1.));
#4949=DIRECTION('',(1.,0.,0.));
#4950=DIRECTION('',(0.,-1.,0.));
#4951=DIRECTION('',(-1.,0.,0.));
#4952=DIRECTION('',(0.,-1.,0.));
#4953=DIRECTION('',(-1.,0.,0.));
#4954=DIRECTION('',(0.,-1.,0.));
#4955=DIRECTION('',(0.,1.,0.));
#4956=DIRECTION('',(-1.,0.,0.));
#4957=DIRECTION('',(0.,1.,0.));
#4958=DIRECTION('',(1.,0.,0.));
#4959=DIRECTION('',(0.,-1.,0.));
#4960=DIRECTION('',(1.,0.,0.));
#4961=DIRECTION('',(0.,1.,0.));
#4962=DIRECTION('',(1.,0.,0.));
#4963=DIRECTION('',(0.,-1.,0.));
#4964=DIRECTION('',(1.,0.,0.));
#4965=DIRECTION('',(0.,1.,0.));
#4966=DIRECTION('',(1.,0.,0.));
#4967=DIRECTION('',(0.,1.,0.));
#4968=DIRECTION('',(-1.,0.,0.));
#4969=DIRECTION('',(0.,1.,0.));
#4970=DIRECTION('',(1.,0.,0.));
#4971=DIRECTION('',(0.,0.,1.));
#4972=DIRECTION('',(1.,0.,0.));
#4973=DIRECTION('',(0.,0.,1.));
#4974=DIRECTION('',(0.,-1.,0.));
#4975=DIRECTION('',(0.,0.,1.));
#4976=DIRECTION('',(1.,0.,0.));
#4977=DIRECTION('',(0.,0.,1.));
#4978=DIRECTION('',(0.,-1.,0.));
#4979=DIRECTION('',(0.,0.,-1.));
#4980=DIRECTION('',(0.,1.,0.));
#4981=DIRECTION('',(0.,-1.,0.));
#4982=DIRECTION('',(1.,0.,0.));
#4983=DIRECTION('',(0.,-1.,0.));
#4984=DIRECTION('',(0.866025403784438,0.,-0.5));
#4985=DIRECTION('',(-0.5,0.,-0.866025403784438));
#4986=DIRECTION('',(0.,-1.,0.));
#4987=DIRECTION('',(0.5,0.,0.866025403784438));
#4988=DIRECTION('',(0.866025403784439,0.,0.5));
#4989=DIRECTION('',(0.5,0.,-0.866025403784439));
#4990=DIRECTION('',(0.,-1.,0.));
#4991=DIRECTION('',(-0.5,0.,0.866025403784439));
#4992=DIRECTION('',(0.,0.,1.));
#4993=DIRECTION('',(0.,-1.,0.));
#4994=DIRECTION('',(0.,-1.,0.));
#4995=DIRECTION('',(-1.,0.,0.));
#4996=DIRECTION('',(-0.866025403784438,0.,0.5));
#4997=DIRECTION('',(0.5,0.,0.866025403784438));
#4998=DIRECTION('',(0.,-1.,0.));
#4999=DIRECTION('',(-0.5,0.,-0.866025403784438));
#5000=DIRECTION('',(-0.866025403784439,0.,-0.5));
#5001=DIRECTION('',(-0.5,0.,0.866025403784439));
#5002=DIRECTION('',(0.5,0.,-0.866025403784439));
#5003=DIRECTION('',(0.,-1.,0.));
#5004=DIRECTION('',(1.,0.,0.));
#5005=DIRECTION('',(-0.866025403784439,0.,0.5));
#5006=DIRECTION('',(0.5,0.,0.866025403784439));
#5007=DIRECTION('',(0.,-1.,0.));
#5008=DIRECTION('',(-0.5,0.,-0.866025403784439));
#5009=DIRECTION('',(0.,-1.,0.));
#5010=DIRECTION('',(-0.866025403784438,0.,-0.5));
#5011=DIRECTION('',(-0.5,0.,0.866025403784438));
#5012=DIRECTION('',(0.,-1.,0.));
#5013=DIRECTION('',(0.5,0.,-0.866025403784438));
#5014=DIRECTION('',(0.,0.,-1.));
#5015=DIRECTION('',(0.,1.,0.));
#5016=DIRECTION('',(0.,-1.,0.));
#5017=DIRECTION('',(1.,0.,0.));
#5018=DIRECTION('',(0.866025403784439,0.,-0.5));
#5019=DIRECTION('',(-0.5,0.,-0.866025403784439));
#5020=DIRECTION('',(0.,-1.,0.));
#5021=DIRECTION('',(0.5,0.,0.866025403784439));
#5022=DIRECTION('',(0.866025403784439,0.,0.5));
#5023=DIRECTION('',(0.5,0.,-0.866025403784439));
#5024=DIRECTION('',(0.,-1.,0.));
#5025=DIRECTION('',(-0.5,0.,0.866025403784439));
#5026=DIRECTION('',(0.,0.,1.));
#5027=DIRECTION('',(0.,-1.,0.));
#5028=DIRECTION('',(-1.,0.,0.));
#5029=DIRECTION('',(0.,-1.,0.));
#5030=DIRECTION('',(1.,0.,0.));
#5031=DIRECTION('',(-0.866025403784438,0.,0.5));
#5032=DIRECTION('',(0.5,0.,0.866025403784438));
#5033=DIRECTION('',(0.,-1.,0.));
#5034=DIRECTION('',(-0.5,0.,-0.866025403784438));
#5035=DIRECTION('',(0.,-1.,0.));
#5036=DIRECTION('',(-0.866025403784439,0.,-0.5));
#5037=DIRECTION('',(-0.5,0.,0.866025403784439));
#5038=DIRECTION('',(0.,-1.,0.));
#5039=DIRECTION('',(0.5,0.,-0.866025403784439));
#5040=DIRECTION('',(0.,0.,-1.));
#5041=DIRECTION('',(0.,1.,0.));
#5042=DIRECTION('',(0.,-1.,0.));
#5043=DIRECTION('',(1.,0.,0.));
#5044=DIRECTION('',(0.866025403784439,0.,-0.5));
#5045=DIRECTION('',(-0.5,0.,-0.866025403784439));
#5046=DIRECTION('',(0.,-1.,0.));
#5047=DIRECTION('',(0.5,0.,0.866025403784439));
#5048=DIRECTION('',(0.866025403784439,0.,0.5));
#5049=DIRECTION('',(0.5,0.,-0.866025403784439));
#5050=DIRECTION('',(0.,-1.,0.));
#5051=DIRECTION('',(-0.5,0.,0.866025403784439));
#5052=DIRECTION('',(0.,0.,1.));
#5053=DIRECTION('',(0.,-1.,0.));
#5054=DIRECTION('',(-1.,0.,0.));
#5055=DIRECTION('',(0.,-1.,0.));
#5056=DIRECTION('',(1.,0.,0.));
#5057=DIRECTION('',(0.866025403784439,0.,-0.5));
#5058=DIRECTION('',(-0.5,0.,-0.866025403784439));
#5059=DIRECTION('',(0.,-1.,0.));
#5060=DIRECTION('',(0.5,0.,0.866025403784439));
#5061=DIRECTION('',(0.,-1.,0.));
#5062=DIRECTION('',(0.866025403784438,0.,0.5));
#5063=DIRECTION('',(0.5,0.,-0.866025403784438));
#5064=DIRECTION('',(0.,-1.,0.));
#5065=DIRECTION('',(-0.5,0.,0.866025403784438));
#5066=DIRECTION('',(0.,0.,1.));
#5067=DIRECTION('',(0.,-1.,0.));
#5068=DIRECTION('',(0.,-1.,0.));
#5069=DIRECTION('',(-1.,0.,0.));
#5070=DIRECTION('',(-0.866025403784439,0.,0.5));
#5071=DIRECTION('',(0.5,0.,0.866025403784439));
#5072=DIRECTION('',(0.,-1.,0.));
#5073=DIRECTION('',(-0.5,0.,-0.866025403784439));
#5074=DIRECTION('',(-0.866025403784439,0.,-0.5));
#5075=DIRECTION('',(-0.5,0.,0.866025403784439));
#5076=DIRECTION('',(0.,-1.,0.));
#5077=DIRECTION('',(0.5,0.,-0.866025403784439));
#5078=DIRECTION('',(0.,0.,-1.));
#5079=DIRECTION('',(0.,1.,0.));
#5080=DIRECTION('',(1.,0.,0.));
#5081=DIRECTION('',(0.,-1.,0.));
#5082=DIRECTION('',(1.,0.,0.));
#5083=DIRECTION('',(0.,-1.,0.));
#5084=DIRECTION('',(-1.,0.,0.));
#5085=DIRECTION('',(0.,-1.,0.));
#5086=DIRECTION('',(-1.,0.,0.));
#5087=DIRECTION('',(0.,-1.,0.));
#5088=DIRECTION('',(-1.,0.,0.));
#5089=DIRECTION('',(0.,-1.,0.));
#5090=DIRECTION('',(-1.,0.,0.));
#5091=DIRECTION('',(0.707106781186548,0.707106781186547,0.));
#5092=DIRECTION('',(0.,0.,1.));
#5093=DIRECTION('',(-0.707106781186548,0.707106781186548,-8.65956056235494E-17));
#5094=DIRECTION('',(-0.707106781186548,0.707106781186548,0.));
#5095=DIRECTION('',(-0.707106781186548,0.707106781186548,0.));
#5096=DIRECTION('',(0.,0.,1.));
#5097=DIRECTION('',(0.707106781186548,0.707106781186548,-8.65956056235494E-17));
#5098=DIRECTION('',(0.707106781186548,0.707106781186548,0.));
#5099=DIRECTION('',(0.707106781186548,0.707106781186548,0.));
#5100=DIRECTION('',(0.,0.,1.));
#5101=DIRECTION('',(-0.707106781186548,0.707106781186548,-8.65956056235494E-17));
#5102=DIRECTION('',(-0.707106781186548,0.707106781186548,0.));
#5103=DIRECTION('',(-0.707106781186548,0.707106781186548,0.));
#5104=DIRECTION('',(0.,0.,1.));
#5105=DIRECTION('',(-0.707106781186547,-0.707106781186548,8.65956056235494E-17));
#5106=DIRECTION('',(-0.707106781186547,-0.707106781186548,0.));
#5107=DIRECTION('',(0.,1.,0.));
#5108=DIRECTION('',(1.,0.,0.));
#5109=DIRECTION('',(1.,0.,0.));
#5110=DIRECTION('',(0.,-1.,0.));
#5111=DIRECTION('',(0.,0.,1.));
#5112=DIRECTION('',(0.,-1.,0.));
#5113=DIRECTION('',(0.,0.,1.));
#5114=DIRECTION('',(0.,-1.,0.));
#5115=DIRECTION('',(0.,0.,1.));
#5116=DIRECTION('',(0.,-1.,0.));
#5117=DIRECTION('',(1.,0.,0.));
#5118=DIRECTION('',(0.,-1.,0.));
#5119=DIRECTION('',(1.,0.,0.));
#5120=DIRECTION('',(0.,-1.,0.));
#5121=DIRECTION('',(0.,1.,0.));
#5122=DIRECTION('',(1.,0.,0.));
#5123=DIRECTION('',(1.,0.,0.));
#5124=DIRECTION('',(0.,-1.,0.));
#5125=DIRECTION('',(0.,1.,0.));
#5126=DIRECTION('',(1.,0.,0.));
#5127=DIRECTION('',(0.,0.,1.));
#5128=DIRECTION('',(0.,-1.,0.));
#5129=DIRECTION('',(-1.,0.,0.));
#5130=DIRECTION('',(0.,1.,0.));
#5131=DIRECTION('',(1.,0.,0.));
#5132=DIRECTION('',(0.,-1.,0.));
#5133=DIRECTION('',(0.,0.,1.));
#5134=DIRECTION('',(0.,-1.,0.));
#5135=DIRECTION('',(0.,0.,1.));
#5136=DIRECTION('',(0.,-1.,0.));
#5137=DIRECTION('',(0.,1.,0.));
#5138=DIRECTION('',(1.,0.,0.));
#5139=DIRECTION('',(0.,0.,1.));
#5140=DIRECTION('',(0.,-1.,0.));
#5141=DIRECTION('',(0.,0.,-1.));
#5142=DIRECTION('',(0.,1.,0.));
#5143=DIRECTION('',(0.,0.,-1.));
#5144=DIRECTION('',(0.,1.,0.));
#5145=DIRECTION('',(0.,0.,1.));
#5146=DIRECTION('',(0.,-1.,0.));
#5147=DIRECTION('',(0.,-1.,0.));
#5148=DIRECTION('',(-1.,0.,0.));
#5149=DIRECTION('',(0.,-1.,0.));
#5150=DIRECTION('',(-1.,0.,0.));
#5151=DIRECTION('',(0.,-1.,0.));
#5152=DIRECTION('',(-1.,0.,0.));
#5153=DIRECTION('',(0.,-1.,0.));
#5154=DIRECTION('',(-1.,0.,0.));
#5155=DIRECTION('',(0.,-1.,0.));
#5156=DIRECTION('',(-1.,0.,0.));
#5157=DIRECTION('',(0.,-1.,0.));
#5158=DIRECTION('',(-1.,0.,0.));
#5159=DIRECTION('',(0.,-1.,0.));
#5160=DIRECTION('',(-1.,0.,0.));
#5161=DIRECTION('',(0.,-1.,0.));
#5162=DIRECTION('',(-1.,0.,0.));
#5163=DIRECTION('',(0.,-1.22464679914735E-16,-1.));
#5164=DIRECTION('',(1.,0.,0.));
#5165=DIRECTION('',(0.,1.22464679914735E-16,1.));
#5166=DIRECTION('',(0.,-1.,1.22464679914735E-16));
#5167=DIRECTION('',(0.,-1.22464679914735E-16,-1.));
#5168=DIRECTION('',(1.,0.,0.));
#5169=DIRECTION('',(0.,-1.22464679914735E-16,-1.));
#5170=DIRECTION('',(1.,0.,0.));
#5171=DIRECTION('',(0.,-1.22464679914735E-16,-1.));
#5172=DIRECTION('',(1.,0.,0.));
#5173=DIRECTION('',(0.,-1.22464679914735E-16,-1.));
#5174=DIRECTION('',(0.,1.,-1.22464679914735E-16));
#5175=DIRECTION('',(0.,0.,1.));
#5176=DIRECTION('',(0.,-1.,0.));
#5177=DIRECTION('',(0.,0.,-1.));
#5178=DIRECTION('',(0.,1.,0.));
#5179=DIRECTION('',(0.,0.,1.));
#5180=DIRECTION('',(1.,0.,0.));
#5181=DIRECTION('',(0.,0.,1.));
#5182=DIRECTION('',(0.,-1.,0.));
#5183=DIRECTION('',(0.,0.,1.));
#5184=DIRECTION('',(1.,0.,0.));
#5185=DIRECTION('',(0.,0.,1.));
#5186=DIRECTION('',(1.,0.,0.));
#5187=DIRECTION('',(0.,0.,1.));
#5188=DIRECTION('',(1.,0.,0.));
#5189=DIRECTION('',(0.,0.,1.));
#5190=DIRECTION('',(0.,-1.,0.));
#5191=DIRECTION('',(0.,0.,-1.));
#5192=DIRECTION('',(0.,1.,0.));
#5193=DIRECTION('',(0.,0.,1.));
#5194=DIRECTION('',(0.,-1.,0.));
#5195=DIRECTION('',(0.,0.,1.));
#5196=DIRECTION('',(0.,-1.,0.));
#5197=DIRECTION('',(0.,0.,1.));
#5198=DIRECTION('',(0.,-1.,0.));
#5199=CARTESIAN_POINT('',(0.,0.,0.));
#5200=CARTESIAN_POINT('',(-0.017,0.00160796178105215,0.32605));
#5201=CARTESIAN_POINT('',(-0.017,0.0127599625,0.31635));
#5202=CARTESIAN_POINT('',(-0.017,0.00160796178105215,0.31635));
#5203=CARTESIAN_POINT('',(-0.017,-0.00639203821894785,0.31635));
#5204=CARTESIAN_POINT('',(-0.017,0.00160796178105215,0.32605));
#5205=CARTESIAN_POINT('',(-0.017,0.00160796178105216,0.318633801512904));
#5206=CARTESIAN_POINT('',(-0.017,-0.000642038218947857,0.32605));
#5207=CARTESIAN_POINT('',(-0.017,-0.00639203821894785,0.320853847577294));
#5208=CARTESIAN_POINT('',(-0.017,-0.00639203821894785,0.32605));
#5209=CARTESIAN_POINT('',(-0.017,0.00160796178105215,0.29145));
#5210=CARTESIAN_POINT('',(-0.017,0.00160796178105215,0.29145));
#5211=CARTESIAN_POINT('',(-0.017,0.00160796178105215,0.30115));
#5212=CARTESIAN_POINT('',(-0.017,0.00160796178105216,0.298866198487096));
#5213=CARTESIAN_POINT('',(-0.017,0.00160796178105215,0.30115));
#5214=CARTESIAN_POINT('',(-0.017,-0.00639203821894785,0.30115));
#5215=CARTESIAN_POINT('',(-0.017,-0.00639203821894785,0.29145));
#5216=CARTESIAN_POINT('',(-0.017,-0.00639203821894785,0.296646152422706));
#5217=CARTESIAN_POINT('',(-0.017,-0.000642038218947847,0.29145));
#5218=CARTESIAN_POINT('',(-0.045,-0.00939203821894785,0.29145));
#5219=CARTESIAN_POINT('',(-0.045,0.0127599625,0.31635));
#5220=CARTESIAN_POINT('',(-0.045,0.00160796178105215,0.31635));
#5221=CARTESIAN_POINT('',(-0.045,-0.00639203821894785,0.31635));
#5222=CARTESIAN_POINT('',(-0.045,-0.00639203821894785,0.29145));
#5223=CARTESIAN_POINT('',(-0.045,-0.00639203821894785,0.30115));
#5224=CARTESIAN_POINT('',(-0.045,0.00160796178105215,0.30115));
#5225=CARTESIAN_POINT('',(-0.045,0.00160796178105215,0.30115));
#5226=CARTESIAN_POINT('',(-0.045,0.00160796178105215,0.29145));
#5227=CARTESIAN_POINT('',(-0.045,0.00160796178105215,0.298866198487096));
#5228=CARTESIAN_POINT('',(-0.045,-0.000642038218947847,0.29145));
#5229=CARTESIAN_POINT('',(-0.045,-0.00839203821894785,0.29145));
#5230=CARTESIAN_POINT('',(-0.045,-0.00839203821894785,0.33875));
#5231=CARTESIAN_POINT('',(-0.045,-0.00839203821894785,0.32605));
#5232=CARTESIAN_POINT('',(-0.045,-0.000642038218947857,0.32605));
#5233=CARTESIAN_POINT('',(-0.045,0.00160796178105215,0.318633801512904));
#5234=CARTESIAN_POINT('',(-0.045,0.00160796178105215,0.32605));
#5235=CARTESIAN_POINT('',(0.045,-0.00939203821894785,0.29145));
#5236=CARTESIAN_POINT('',(0.045,0.00160796178105215,0.29145));
#5237=CARTESIAN_POINT('',(0.045,0.00160796178105215,0.30115));
#5238=CARTESIAN_POINT('',(0.045,0.00160796178105215,0.298866198487096));
#5239=CARTESIAN_POINT('',(0.045,0.00160796178105215,0.30115));
#5240=CARTESIAN_POINT('',(0.045,-0.00639203821894785,0.30115));
#5241=CARTESIAN_POINT('',(0.045,-0.00639203821894785,0.29145));
#5242=CARTESIAN_POINT('',(0.045,-0.00639203821894785,0.31635));
#5243=CARTESIAN_POINT('',(0.045,0.0127599625,0.31635));
#5244=CARTESIAN_POINT('',(0.045,0.00160796178105215,0.31635));
#5245=CARTESIAN_POINT('',(0.045,0.00160796178105215,0.32605));
#5246=CARTESIAN_POINT('',(0.045,0.00160796178105215,0.318633801512904));
#5247=CARTESIAN_POINT('',(0.045,-0.000642038218947857,0.32605));
#5248=CARTESIAN_POINT('',(0.045,-0.00839203821894785,0.32605));
#5249=CARTESIAN_POINT('',(0.045,-0.00839203821894785,0.27875));
#5250=CARTESIAN_POINT('',(0.045,-0.00839203821894785,0.29145));
#5251=CARTESIAN_POINT('',(0.045,-0.000642038218947847,0.29145));
#5252=CARTESIAN_POINT('',(0.011,0.00160796178105215,0.159072059740429));
#5253=CARTESIAN_POINT('',(0.017,0.00160796178105215,0.29145));
#5254=CARTESIAN_POINT('',(0.017,0.00160796178105215,0.30115));
#5255=CARTESIAN_POINT('',(0.017,0.00160796178105216,0.298866198487096));
#5256=CARTESIAN_POINT('',(0.011,0.00160796178105215,0.30115));
#5257=CARTESIAN_POINT('',(0.044,0.00160796178105215,0.298866198487096));
#5258=CARTESIAN_POINT('',(0.044,0.00160796178105215,0.298866198487096));
#5259=CARTESIAN_POINT('',(0.044,0.00160796178105215,0.159072059740429));
#5260=CARTESIAN_POINT('',(0.044,0.00160796178105215,0.298591428428543));
#5261=CARTESIAN_POINT('',(0.043,0.00160796178105215,0.298591428428543));
#5262=CARTESIAN_POINT('',(0.043,0.00160796178105215,0.298591428428543));
#5263=CARTESIAN_POINT('',(0.043,0.00160796178105215,0.159072059740429));
#5264=CARTESIAN_POINT('',(0.043,0.00160796178105215,0.298866198487096));
#5265=CARTESIAN_POINT('',(0.019,0.00160796178105215,0.298866198487096));
#5266=CARTESIAN_POINT('',(0.019,0.00160796178105215,0.298866198487096));
#5267=CARTESIAN_POINT('',(0.019,0.00160796178105215,0.159072059740429));
#5268=CARTESIAN_POINT('',(0.019,0.00160796178105215,0.298591428428543));
#5269=CARTESIAN_POINT('',(0.018,0.00160796178105215,0.298591428428543));
#5270=CARTESIAN_POINT('',(0.018,0.00160796178105215,0.298591428428543));
#5271=CARTESIAN_POINT('',(0.018,0.00160796178105215,0.159072059740429));
#5272=CARTESIAN_POINT('',(0.018,0.00160796178105215,0.298866198487096));
#5273=CARTESIAN_POINT('',(0.017,0.00160796178105215,0.298866198487096));
#5274=CARTESIAN_POINT('',(-0.011,0.00160796178105215,0.159072059740429));
#5275=CARTESIAN_POINT('',(-0.011,0.00160796178105215,0.30115));
#5276=CARTESIAN_POINT('',(-0.017,0.00160796178105215,0.298866198487096));
#5277=CARTESIAN_POINT('',(-0.018,0.00160796178105215,0.298866198487096));
#5278=CARTESIAN_POINT('',(-0.018,0.00160796178105215,0.159072059740429));
#5279=CARTESIAN_POINT('',(-0.018,0.00160796178105215,0.298591428428543));
#5280=CARTESIAN_POINT('',(-0.018,0.00160796178105215,0.298591428428543));
#5281=CARTESIAN_POINT('',(-0.019,0.00160796178105215,0.298591428428543));
#5282=CARTESIAN_POINT('',(-0.019,0.00160796178105215,0.159072059740429));
#5283=CARTESIAN_POINT('',(-0.019,0.00160796178105215,0.298866198487096));
#5284=CARTESIAN_POINT('',(-0.019,0.00160796178105215,0.298866198487096));
#5285=CARTESIAN_POINT('',(-0.043,0.00160796178105215,0.298866198487096));
#5286=CARTESIAN_POINT('',(-0.043,0.00160796178105215,0.159072059740429));
#5287=CARTESIAN_POINT('',(-0.043,0.00160796178105215,0.298591428428543));
#5288=CARTESIAN_POINT('',(-0.043,0.00160796178105215,0.298591428428543));
#5289=CARTESIAN_POINT('',(-0.044,0.00160796178105215,0.298591428428543));
#5290=CARTESIAN_POINT('',(-0.044,0.00160796178105215,0.159072059740429));
#5291=CARTESIAN_POINT('',(-0.044,0.00160796178105215,0.298866198487096));
#5292=CARTESIAN_POINT('',(-0.044,0.00160796178105215,0.298866198487096));
#5293=CARTESIAN_POINT('',(-0.011,0.00160796178105215,0.159072059740429));
#5294=CARTESIAN_POINT('',(-0.011,0.00160796178105215,0.31635));
#5295=CARTESIAN_POINT('',(-0.044,0.00160796178105215,0.318633801512904));
#5296=CARTESIAN_POINT('',(-0.044,0.00160796178105215,0.318633801512904));
#5297=CARTESIAN_POINT('',(-0.044,0.00160796178105215,0.159072059740429));
#5298=CARTESIAN_POINT('',(-0.044,0.00160796178105215,0.318908571571457));
#5299=CARTESIAN_POINT('',(-0.011,0.00160796178105215,0.318908571571457));
#5300=CARTESIAN_POINT('',(-0.043,0.00160796178105215,0.318908571571457));
#5301=CARTESIAN_POINT('',(-0.043,0.00160796178105215,0.159072059740429));
#5302=CARTESIAN_POINT('',(-0.043,0.00160796178105215,0.318633801512904));
#5303=CARTESIAN_POINT('',(-0.019,0.00160796178105215,0.318633801512904));
#5304=CARTESIAN_POINT('',(-0.019,0.00160796178105215,0.318633801512904));
#5305=CARTESIAN_POINT('',(-0.019,0.00160796178105215,0.159072059740429));
#5306=CARTESIAN_POINT('',(-0.019,0.00160796178105215,0.318908571571457));
#5307=CARTESIAN_POINT('',(-0.011,0.00160796178105215,0.318908571571457));
#5308=CARTESIAN_POINT('',(-0.018,0.00160796178105215,0.318908571571457));
#5309=CARTESIAN_POINT('',(-0.018,0.00160796178105215,0.159072059740429));
#5310=CARTESIAN_POINT('',(-0.018,0.00160796178105215,0.318633801512904));
#5311=CARTESIAN_POINT('',(-0.017,0.00160796178105215,0.318633801512904));
#5312=CARTESIAN_POINT('',(0.011,-0.00939203821894785,0.159072059740429));
#5313=CARTESIAN_POINT('',(-0.015,-0.00939203821894785,0.27625));
#5314=CARTESIAN_POINT('',(-0.015,-0.00939203821894785,0.27625));
#5315=CARTESIAN_POINT('',(-0.015,-0.00939203821894785,0.27875));
#5316=CARTESIAN_POINT('',(-0.019,-0.00939203821894785,0.27625));
#5317=CARTESIAN_POINT('',(-0.023,-0.00939203821894785,0.27625));
#5318=CARTESIAN_POINT('',(-0.023,-0.00939203821894785,0.27625));
#5319=CARTESIAN_POINT('',(-0.023,-0.00939203821894785,0.27875));
#5320=CARTESIAN_POINT('',(-0.019,-0.00939203821894785,0.27875));
#5321=CARTESIAN_POINT('',(-0.024,-0.00939203821894785,0.27875));
#5322=CARTESIAN_POINT('',(-0.024,-0.00939203821894785,0.33875));
#5323=CARTESIAN_POINT('',(-0.024,-0.00939203821894785,0.33875));
#5324=CARTESIAN_POINT('',(-0.019,-0.00939203821894785,0.33875));
#5325=CARTESIAN_POINT('',(-0.023,-0.00939203821894785,0.33875));
#5326=CARTESIAN_POINT('',(-0.023,-0.00939203821894785,0.34125));
#5327=CARTESIAN_POINT('',(-0.023,-0.00939203821894785,0.34125));
#5328=CARTESIAN_POINT('',(-0.019,-0.00939203821894785,0.34125));
#5329=CARTESIAN_POINT('',(-0.015,-0.00939203821894785,0.34125));
#5330=CARTESIAN_POINT('',(-0.015,-0.00939203821894785,0.34125));
#5331=CARTESIAN_POINT('',(-0.015,-0.00939203821894785,0.33875));
#5332=CARTESIAN_POINT('',(-0.019,-0.00939203821894785,0.33875));
#5333=CARTESIAN_POINT('',(-0.014,-0.00939203821894785,0.33875));
#5334=CARTESIAN_POINT('',(-0.014,-0.00939203821894785,0.27875));
#5335=CARTESIAN_POINT('',(-0.014,-0.00939203821894785,0.27875));
#5336=CARTESIAN_POINT('',(-0.019,-0.00939203821894785,0.27875));
#5337=CARTESIAN_POINT('',(0.044,-0.00939203821894785,0.33875));
#5338=CARTESIAN_POINT('',(0.044,-0.00939203821894785,0.27875));
#5339=CARTESIAN_POINT('',(0.044,-0.00939203821894785,0.33875));
#5340=CARTESIAN_POINT('',(0.04,-0.00939203821894785,0.33875));
#5341=CARTESIAN_POINT('',(0.04,-0.00939203821894785,0.34275));
#5342=CARTESIAN_POINT('',(0.011,-0.00939203821894785,0.34275));
#5343=CARTESIAN_POINT('',(-0.04,-0.00939203821894785,0.34275));
#5344=CARTESIAN_POINT('',(-0.04,-0.00939203821894785,0.33875));
#5345=CARTESIAN_POINT('',(-0.044,-0.00939203821894785,0.33875));
#5346=CARTESIAN_POINT('',(-0.044,-0.00939203821894785,0.27875));
#5347=CARTESIAN_POINT('',(-0.044,-0.00939203821894785,0.27875));
#5348=CARTESIAN_POINT('',(-0.04,-0.00939203821894785,0.27875));
#5349=CARTESIAN_POINT('',(-0.04,-0.00939203821894785,0.27475));
#5350=CARTESIAN_POINT('',(0.04,-0.00939203821894785,0.27475));
#5351=CARTESIAN_POINT('',(0.04,-0.00939203821894785,0.27475));
#5352=CARTESIAN_POINT('',(0.04,-0.00939203821894785,0.27875));
#5353=CARTESIAN_POINT('',(0.0375101769641197,-0.00939203821894785,0.3401875));
#5354=CARTESIAN_POINT('',(0.0366802359521596,-0.00939203821894785,0.33875));
#5355=CARTESIAN_POINT('',(0.0383401179760798,-0.00939203821894785,0.341625));
#5356=CARTESIAN_POINT('',(0.04,-0.00939203821894785,0.341625));
#5357=CARTESIAN_POINT('',(0.0416598820239202,-0.00939203821894785,0.341625));
#5358=CARTESIAN_POINT('',(0.0424898230358802,-0.00939203821894785,0.3401875));
#5359=CARTESIAN_POINT('',(0.0433197640478403,-0.00939203821894785,0.33875));
#5360=CARTESIAN_POINT('',(0.0424898230358803,-0.00939203821894785,0.3373125));
#5361=CARTESIAN_POINT('',(0.0416598820239202,-0.00939203821894785,0.335875));
#5362=CARTESIAN_POINT('',(0.04,-0.00939203821894785,0.335875));
#5363=CARTESIAN_POINT('',(0.0383401179760798,-0.00939203821894785,0.335875));
#5364=CARTESIAN_POINT('',(0.0375101769641197,-0.00939203821894785,0.3373125));
#5365=CARTESIAN_POINT('',(-0.0375101769641196,-0.00939203821894785,0.3373125));
#5366=CARTESIAN_POINT('',(-0.0383401179760798,-0.00939203821894785,0.335875));
#5367=CARTESIAN_POINT('',(-0.0366802359521596,-0.00939203821894785,0.33875));
#5368=CARTESIAN_POINT('',(-0.04,-0.00939203821894785,0.335875));
#5369=CARTESIAN_POINT('',(-0.0416598820239201,-0.00939203821894785,0.335875));
#5370=CARTESIAN_POINT('',(-0.0424898230358803,-0.00939203821894785,0.3373125));
#5371=CARTESIAN_POINT('',(-0.0433197640478402,-0.00939203821894785,0.33875));
#5372=CARTESIAN_POINT('',(-0.0424898230358803,-0.00939203821894785,0.3401875));
#5373=CARTESIAN_POINT('',(-0.0416598820239202,-0.00939203821894785,0.341625));
#5374=CARTESIAN_POINT('',(-0.04,-0.00939203821894785,0.341625));
#5375=CARTESIAN_POINT('',(-0.0383401179760798,-0.00939203821894785,0.341625));
#5376=CARTESIAN_POINT('',(-0.0375101769641197,-0.00939203821894785,0.3401875));
#5377=CARTESIAN_POINT('',(0.0375101769641197,-0.00939203821894785,0.2773125));
#5378=CARTESIAN_POINT('',(0.0366802359521596,-0.00939203821894785,0.27875));
#5379=CARTESIAN_POINT('',(0.0383401179760798,-0.00939203821894785,0.275875));
#5380=CARTESIAN_POINT('',(0.0375101769641197,-0.00939203821894785,0.2801875));
#5381=CARTESIAN_POINT('',(0.0383401179760798,-0.00939203821894785,0.281625));
#5382=CARTESIAN_POINT('',(0.04,-0.00939203821894785,0.281625));
#5383=CARTESIAN_POINT('',(0.0416598820239201,-0.00939203821894785,0.281625));
#5384=CARTESIAN_POINT('',(0.0424898230358803,-0.00939203821894785,0.2801875));
#5385=CARTESIAN_POINT('',(0.0433197640478403,-0.00939203821894785,0.27875));
#5386=CARTESIAN_POINT('',(0.0424898230358802,-0.00939203821894785,0.2773125));
#5387=CARTESIAN_POINT('',(0.0416598820239202,-0.00939203821894785,0.275875));
#5388=CARTESIAN_POINT('',(0.04,-0.00939203821894785,0.275875));
#5389=CARTESIAN_POINT('',(-0.0375101769641197,-0.00939203821894785,0.2773125));
#5390=CARTESIAN_POINT('',(-0.0366802359521595,-0.00939203821894785,0.27875));
#5391=CARTESIAN_POINT('',(-0.0383401179760798,-0.00939203821894785,0.275875));
#5392=CARTESIAN_POINT('',(-0.04,-0.00939203821894785,0.275875));
#5393=CARTESIAN_POINT('',(-0.0416598820239202,-0.00939203821894785,0.275875));
#5394=CARTESIAN_POINT('',(-0.0424898230358803,-0.00939203821894785,0.2773125));
#5395=CARTESIAN_POINT('',(-0.0433197640478403,-0.00939203821894785,0.27875));
#5396=CARTESIAN_POINT('',(-0.0424898230358803,-0.00939203821894785,0.2801875));
#5397=CARTESIAN_POINT('',(-0.0416598820239202,-0.00939203821894785,0.281625));
#5398=CARTESIAN_POINT('',(-0.04,-0.00939203821894785,0.281625));
#5399=CARTESIAN_POINT('',(-0.0383401179760798,-0.00939203821894785,0.281625));
#5400=CARTESIAN_POINT('',(-0.0375101769641196,-0.00939203821894785,0.2801875));
#5401=CARTESIAN_POINT('',(0.015,-0.00939203821894785,0.34125));
#5402=CARTESIAN_POINT('',(0.015,-0.00939203821894785,0.34125));
#5403=CARTESIAN_POINT('',(0.015,-0.00939203821894785,0.33875));
#5404=CARTESIAN_POINT('',(0.019,-0.00939203821894785,0.34125));
#5405=CARTESIAN_POINT('',(0.023,-0.00939203821894785,0.34125));
#5406=CARTESIAN_POINT('',(0.023,-0.00939203821894785,0.34125));
#5407=CARTESIAN_POINT('',(0.023,-0.00939203821894785,0.33875));
#5408=CARTESIAN_POINT('',(0.019,-0.00939203821894785,0.33875));
#5409=CARTESIAN_POINT('',(0.024,-0.00939203821894785,0.33875));
#5410=CARTESIAN_POINT('',(0.024,-0.00939203821894785,0.159072059740429));
#5411=CARTESIAN_POINT('',(0.024,-0.00939203821894785,0.27875));
#5412=CARTESIAN_POINT('',(0.019,-0.00939203821894785,0.27875));
#5413=CARTESIAN_POINT('',(0.023,-0.00939203821894785,0.27875));
#5414=CARTESIAN_POINT('',(0.023,-0.00939203821894785,0.27625));
#5415=CARTESIAN_POINT('',(0.023,-0.00939203821894785,0.27625));
#5416=CARTESIAN_POINT('',(0.019,-0.00939203821894785,0.27625));
#5417=CARTESIAN_POINT('',(0.015,-0.00939203821894785,0.27625));
#5418=CARTESIAN_POINT('',(0.015,-0.00939203821894785,0.27625));
#5419=CARTESIAN_POINT('',(0.015,-0.00939203821894785,0.27875));
#5420=CARTESIAN_POINT('',(0.019,-0.00939203821894785,0.27875));
#5421=CARTESIAN_POINT('',(0.014,-0.00939203821894785,0.27875));
#5422=CARTESIAN_POINT('',(0.014,-0.00939203821894785,0.159072059740429));
#5423=CARTESIAN_POINT('',(0.014,-0.00939203821894785,0.33875));
#5424=CARTESIAN_POINT('',(0.019,-0.00939203821894785,0.33875));
#5425=CARTESIAN_POINT('',(0.,-0.0128920382189478,0.33875));
#5426=CARTESIAN_POINT('',(-0.024,-0.0103920382189478,0.33875));
#5427=CARTESIAN_POINT('',(-0.023,-0.0103920382189478,0.33875));
#5428=CARTESIAN_POINT('',(-0.023,-0.0128920382189478,0.33875));
#5429=CARTESIAN_POINT('',(0.,-0.0128920382189478,0.33875));
#5430=CARTESIAN_POINT('',(-0.015,-0.0143920382189478,0.33875));
#5431=CARTESIAN_POINT('',(-0.015,-0.0103920382189478,0.33875));
#5432=CARTESIAN_POINT('',(-0.014,-0.0103920382189478,0.33875));
#5433=CARTESIAN_POINT('',(0.,-0.0128920382189478,0.33875));
#5434=CARTESIAN_POINT('',(0.023,-0.0143920382189478,0.33875));
#5435=CARTESIAN_POINT('',(0.023,-0.0103920382189478,0.33875));
#5436=CARTESIAN_POINT('',(0.024,-0.0103920382189478,0.33875));
#5437=CARTESIAN_POINT('',(0.,-0.0128920382189478,0.27875));
#5438=CARTESIAN_POINT('',(-0.015,-0.0143920382189478,0.27875));
#5439=CARTESIAN_POINT('',(-0.015,-0.0103920382189478,0.27875));
#5440=CARTESIAN_POINT('',(-0.014,-0.0103920382189478,0.27875));
#5441=CARTESIAN_POINT('',(0.,-0.0128920382189478,0.27875));
#5442=CARTESIAN_POINT('',(-0.023,-0.0128920382189478,0.27875));
#5443=CARTESIAN_POINT('',(-0.023,-0.0103920382189478,0.27875));
#5444=CARTESIAN_POINT('',(-0.024,-0.0103920382189478,0.27875));
#5445=CARTESIAN_POINT('',(0.,-0.0128920382189478,0.27875));
#5446=CARTESIAN_POINT('',(0.023,-0.0143920382189478,0.27875));
#5447=CARTESIAN_POINT('',(0.023,-0.0103920382189478,0.27875));
#5448=CARTESIAN_POINT('',(0.024,-0.0103920382189478,0.27875));
#5449=CARTESIAN_POINT('',(-0.045,-0.00939203821894785,0.29145));
#5450=CARTESIAN_POINT('',(-0.045,-0.00939203821894785,0.27875));
#5451=CARTESIAN_POINT('',(-0.045,-0.00839203821894785,0.27875));
#5452=CARTESIAN_POINT('',(-0.045,-0.00639203821894785,0.27875));
#5453=CARTESIAN_POINT('',(-0.045,-0.00839203821894785,0.33875));
#5454=CARTESIAN_POINT('',(-0.045,-0.000642038218947847,0.29145));
#5455=CARTESIAN_POINT('',(-0.045,0.00160796178105215,0.284033801512904));
#5456=CARTESIAN_POINT('',(-0.045,0.00160796178105215,0.29145));
#5457=CARTESIAN_POINT('',(-0.045,0.00160796178105215,0.280686491673103));
#5458=CARTESIAN_POINT('',(-0.045,-0.00239203821894785,0.280686491673103));
#5459=CARTESIAN_POINT('',(-0.045,-0.00639203821894785,0.280686491673103));
#5460=CARTESIAN_POINT('',(-0.045,-0.00639203821894785,0.29145));
#5461=CARTESIAN_POINT('',(0.045,-0.00939203821894785,0.29145));
#5462=CARTESIAN_POINT('',(0.045,-0.00939203821894785,0.33875));
#5463=CARTESIAN_POINT('',(0.045,-0.00839203821894785,0.33875));
#5464=CARTESIAN_POINT('',(0.045,-0.00639203821894785,0.33875));
#5465=CARTESIAN_POINT('',(0.045,-0.00839203821894785,0.27875));
#5466=CARTESIAN_POINT('',(0.045,-0.000642038218947857,0.32605));
#5467=CARTESIAN_POINT('',(0.045,0.00160796178105215,0.333466198487095));
#5468=CARTESIAN_POINT('',(0.045,0.00160796178105215,0.32605));
#5469=CARTESIAN_POINT('',(0.045,0.00160796178105215,0.336813508326896));
#5470=CARTESIAN_POINT('',(0.045,-0.00239203821894785,0.336813508326896));
#5471=CARTESIAN_POINT('',(0.045,-0.00639203821894785,0.336813508326896));
#5472=CARTESIAN_POINT('',(0.045,-0.00639203821894785,0.29145));
#5473=CARTESIAN_POINT('',(0.04,0.00160796178105215,0.33875));
#5474=CARTESIAN_POINT('',(0.04,0.00160796178105215,0.33875));
#5475=CARTESIAN_POINT('',(0.0416,0.00160796178105215,0.33875));
#5476=CARTESIAN_POINT('',(0.04,-0.00694203821894785,0.33875));
#5477=CARTESIAN_POINT('',(0.0416,-0.00694203821894785,0.33875));
#5478=CARTESIAN_POINT('',(0.04,0.00160796178105215,0.27875));
#5479=CARTESIAN_POINT('',(0.04,0.00160796178105215,0.27875));
#5480=CARTESIAN_POINT('',(0.0416,0.00160796178105215,0.27875));
#5481=CARTESIAN_POINT('',(0.04,-0.00694203821894785,0.27875));
#5482=CARTESIAN_POINT('',(0.0416,-0.00694203821894785,0.27875));
#5483=CARTESIAN_POINT('',(-0.04,0.00160796178105215,0.27875));
#5484=CARTESIAN_POINT('',(-0.04,0.00160796178105215,0.27875));
#5485=CARTESIAN_POINT('',(-0.0416,0.00160796178105215,0.27875));
#5486=CARTESIAN_POINT('',(-0.04,-0.00694203821894785,0.27875));
#5487=CARTESIAN_POINT('',(-0.0384,-0.00694203821894785,0.27875));
#5488=CARTESIAN_POINT('',(-0.04,0.00160796178105215,0.33875));
#5489=CARTESIAN_POINT('',(-0.04,0.00160796178105215,0.33875));
#5490=CARTESIAN_POINT('',(-0.0416,0.00160796178105215,0.33875));
#5491=CARTESIAN_POINT('',(-0.04,-0.00694203821894785,0.33875));
#5492=CARTESIAN_POINT('',(-0.0384,-0.00694203821894785,0.33875));
#5493=CARTESIAN_POINT('',(-0.023,-0.0128920382189478,0.285));
#5494=CARTESIAN_POINT('',(-0.023,-0.0183920382189478,0.285));
#5495=CARTESIAN_POINT('',(-0.023,-0.0183920382189478,0.27625));
#5496=CARTESIAN_POINT('',(-0.023,-0.0183920382189478,0.34125));
#5497=CARTESIAN_POINT('',(-0.023,-0.0128920382189478,0.34125));
#5498=CARTESIAN_POINT('',(-0.023,-0.0103920382189478,0.27875));
#5499=CARTESIAN_POINT('',(-0.023,-0.0128920382189478,0.27625));
#5500=CARTESIAN_POINT('',(-0.015,-0.0106622487340857,0.285));
#5501=CARTESIAN_POINT('',(-0.015,-0.0143920382189478,0.33875));
#5502=CARTESIAN_POINT('',(-0.015,-0.0130665324681714,0.33875));
#5503=CARTESIAN_POINT('',(-0.015,-0.0173920382189478,0.33875));
#5504=CARTESIAN_POINT('',(-0.015,-0.0130665324681714,0.285));
#5505=CARTESIAN_POINT('',(-0.015,-0.0130665324681714,0.27875));
#5506=CARTESIAN_POINT('',(-0.015,-0.0143920382189478,0.27875));
#5507=CARTESIAN_POINT('',(-0.015,-0.0173920382189478,0.27875));
#5508=CARTESIAN_POINT('',(-0.015,-0.0173920382189478,0.285));
#5509=CARTESIAN_POINT('',(-0.015,-0.0103920382189478,0.33875));
#5510=CARTESIAN_POINT('',(-0.015,-0.0143920382189478,0.34125));
#5511=CARTESIAN_POINT('',(-0.015,-0.0183920382189478,0.34125));
#5512=CARTESIAN_POINT('',(-0.015,-0.0183920382189478,0.285));
#5513=CARTESIAN_POINT('',(-0.015,-0.0183920382189478,0.27625));
#5514=CARTESIAN_POINT('',(-0.015,-0.0143920382189478,0.27625));
#5515=CARTESIAN_POINT('',(-0.019,-0.0193920382189478,0.285));
#5516=CARTESIAN_POINT('',(-0.016,-0.0193920382189478,0.285));
#5517=CARTESIAN_POINT('',(-0.016,-0.0193920382189478,0.27625));
#5518=CARTESIAN_POINT('',(-0.016,-0.0193920382189478,0.34125));
#5519=CARTESIAN_POINT('',(-0.019,-0.0193920382189478,0.34125));
#5520=CARTESIAN_POINT('',(-0.022,-0.0193920382189478,0.34125));
#5521=CARTESIAN_POINT('',(-0.022,-0.0193920382189478,0.285));
#5522=CARTESIAN_POINT('',(-0.022,-0.0193920382189478,0.27625));
#5523=CARTESIAN_POINT('',(-0.019,-0.0193920382189478,0.27625));
#5524=CARTESIAN_POINT('',(0.019,-0.0193920382189478,0.285));
#5525=CARTESIAN_POINT('',(0.022,-0.0193920382189478,0.285));
#5526=CARTESIAN_POINT('',(0.022,-0.0193920382189478,0.27625));
#5527=CARTESIAN_POINT('',(0.022,-0.0193920382189478,0.34125));
#5528=CARTESIAN_POINT('',(0.019,-0.0193920382189478,0.34125));
#5529=CARTESIAN_POINT('',(0.016,-0.0193920382189478,0.34125));
#5530=CARTESIAN_POINT('',(0.016,-0.0193920382189478,0.285));
#5531=CARTESIAN_POINT('',(0.016,-0.0193920382189478,0.27625));
#5532=CARTESIAN_POINT('',(0.019,-0.0193920382189478,0.27625));
#5533=CARTESIAN_POINT('',(0.015,-0.0183920382189478,0.285));
#5534=CARTESIAN_POINT('',(0.015,-0.0130665324681714,0.285));
#5535=CARTESIAN_POINT('',(0.015,-0.0130665324681714,0.27875));
#5536=CARTESIAN_POINT('',(0.015,-0.0130665324681714,0.33875));
#5537=CARTESIAN_POINT('',(0.015,-0.0143920382189478,0.33875));
#5538=CARTESIAN_POINT('',(0.015,-0.0173920382189478,0.33875));
#5539=CARTESIAN_POINT('',(0.015,-0.0173920382189478,0.285));
#5540=CARTESIAN_POINT('',(0.015,-0.0173920382189478,0.27875));
#5541=CARTESIAN_POINT('',(0.015,-0.0143920382189478,0.27875));
#5542=CARTESIAN_POINT('',(0.015,-0.0143920382189478,0.33875));
#5543=CARTESIAN_POINT('',(0.015,-0.0103920382189478,0.33875));
#5544=CARTESIAN_POINT('',(0.015,-0.0103920382189478,0.285));
#5545=CARTESIAN_POINT('',(0.015,-0.0103920382189478,0.27875));
#5546=CARTESIAN_POINT('',(0.015,-0.0143920382189478,0.27875));
#5547=CARTESIAN_POINT('',(0.015,-0.0143920382189478,0.27625));
#5548=CARTESIAN_POINT('',(0.015,-0.0183920382189478,0.27625));
#5549=CARTESIAN_POINT('',(0.015,-0.0183920382189478,0.285));
#5550=CARTESIAN_POINT('',(0.015,-0.0183920382189478,0.34125));
#5551=CARTESIAN_POINT('',(0.015,-0.0143920382189478,0.34125));
#5552=CARTESIAN_POINT('',(0.023,-0.0128920382189478,0.285));
#5553=CARTESIAN_POINT('',(0.023,-0.0183920382189478,0.285));
#5554=CARTESIAN_POINT('',(0.023,-0.0183920382189478,0.34125));
#5555=CARTESIAN_POINT('',(0.023,-0.0183920382189478,0.27625));
#5556=CARTESIAN_POINT('',(0.023,-0.0143920382189478,0.27625));
#5557=CARTESIAN_POINT('',(0.023,-0.0103920382189478,0.285));
#5558=CARTESIAN_POINT('',(0.023,-0.0143920382189478,0.34125));
#5559=CARTESIAN_POINT('',(-0.0159192388155425,-0.0152292853435597,0.285));
#5560=CARTESIAN_POINT('',(-0.0159192388155425,-0.0152292853435597,0.27875));
#5561=CARTESIAN_POINT('',(-0.0159192388155425,-0.0152292853435597,0.33875));
#5562=CARTESIAN_POINT('',(0.0159192388155425,-0.0152292853435597,0.285));
#5563=CARTESIAN_POINT('',(0.0159192388155425,-0.0152292853435597,0.27875));
#5564=CARTESIAN_POINT('',(0.0159192388155425,-0.0152292853435597,0.33875));
#5565=CARTESIAN_POINT('',(0.0115,-0.00639203821894785,0.285));
#5566=CARTESIAN_POINT('',(-0.031,-0.00639203821894785,0.30115));
#5567=CARTESIAN_POINT('',(-0.031,-0.00639203821894785,0.31635));
#5568=CARTESIAN_POINT('',(-0.018,-0.00639203821894785,0.320853847577294));
#5569=CARTESIAN_POINT('',(-0.018,-0.00639203821894785,0.320853847577294));
#5570=CARTESIAN_POINT('',(-0.018,-0.00639203821894785,0.32605));
#5571=CARTESIAN_POINT('',(-0.018,-0.00639203821894785,0.323600510257217));
#5572=CARTESIAN_POINT('',(-0.016998,-0.00639203821894785,0.323600510257217));
#5573=CARTESIAN_POINT('',(-0.019,-0.00639203821894785,0.323600510257217));
#5574=CARTESIAN_POINT('',(-0.019,-0.00639203821894785,0.285));
#5575=CARTESIAN_POINT('',(-0.019,-0.00639203821894785,0.328499489742783));
#5576=CARTESIAN_POINT('',(-0.016998,-0.00639203821894785,0.328499489742783));
#5577=CARTESIAN_POINT('',(-0.018,-0.00639203821894785,0.328499489742783));
#5578=CARTESIAN_POINT('',(-0.018,-0.00639203821894785,0.32605));
#5579=CARTESIAN_POINT('',(-0.018,-0.00639203821894786,0.331246152422706));
#5580=CARTESIAN_POINT('',(-0.018,-0.00639203821894786,0.331246152422706));
#5581=CARTESIAN_POINT('',(-0.017,-0.00639203821894786,0.331246152422706));
#5582=CARTESIAN_POINT('',(-0.017,-0.00639203821894785,0.32605));
#5583=CARTESIAN_POINT('',(-0.017,-0.00639203821894785,0.33675));
#5584=CARTESIAN_POINT('',(-0.0270638593383654,-0.00639203821894785,0.33675));
#5585=CARTESIAN_POINT('',(-0.0345,-0.00639203821894785,0.33675));
#5586=CARTESIAN_POINT('',(-0.0345,-0.00639203821894785,0.33875));
#5587=CARTESIAN_POINT('',(-0.0365,-0.00639203821894785,0.33875));
#5588=CARTESIAN_POINT('',(-0.04,-0.00639203821894785,0.33875));
#5589=CARTESIAN_POINT('',(-0.0435,-0.00639203821894785,0.33875));
#5590=CARTESIAN_POINT('',(-0.0455,-0.00639203821894785,0.33875));
#5591=CARTESIAN_POINT('',(-0.045,-0.00639203821894785,0.336813508326896));
#5592=CARTESIAN_POINT('',(-0.045,-0.00639203821894785,0.29145));
#5593=CARTESIAN_POINT('',(-0.045,-0.00639203821894785,0.33875));
#5594=CARTESIAN_POINT('',(-0.04,-0.00639203821894785,0.33875));
#5595=CARTESIAN_POINT('',(-0.04,-0.00639203821894785,0.34375));
#5596=CARTESIAN_POINT('',(0.02,-0.00639203821894785,0.34375));
#5597=CARTESIAN_POINT('',(0.04,-0.00639203821894785,0.34375));
#5598=CARTESIAN_POINT('',(0.04,-0.00639203821894785,0.33875));
#5599=CARTESIAN_POINT('',(0.0455,-0.00639203821894785,0.33875));
#5600=CARTESIAN_POINT('',(0.0435,-0.00639203821894785,0.33875));
#5601=CARTESIAN_POINT('',(0.04,-0.00639203821894785,0.33875));
#5602=CARTESIAN_POINT('',(0.0365,-0.00639203821894785,0.33875));
#5603=CARTESIAN_POINT('',(0.0345,-0.00639203821894785,0.33875));
#5604=CARTESIAN_POINT('',(0.0345,-0.00639203821894785,0.33675));
#5605=CARTESIAN_POINT('',(0.0270638593383654,-0.00639203821894785,0.33675));
#5606=CARTESIAN_POINT('',(0.017,-0.00639203821894785,0.33675));
#5607=CARTESIAN_POINT('',(0.017,-0.00639203821894785,0.32605));
#5608=CARTESIAN_POINT('',(0.017,-0.00639203821894786,0.331246152422706));
#5609=CARTESIAN_POINT('',(0.018,-0.00639203821894786,0.331246152422706));
#5610=CARTESIAN_POINT('',(0.018,-0.00639203821894786,0.331246152422706));
#5611=CARTESIAN_POINT('',(0.018,-0.00639203821894785,0.32605));
#5612=CARTESIAN_POINT('',(0.018,-0.00639203821894785,0.328499489742783));
#5613=CARTESIAN_POINT('',(0.016998,-0.00639203821894785,0.328499489742783));
#5614=CARTESIAN_POINT('',(0.019,-0.00639203821894785,0.328499489742783));
#5615=CARTESIAN_POINT('',(0.019,-0.00639203821894785,0.285));
#5616=CARTESIAN_POINT('',(0.019,-0.00639203821894785,0.323600510257217));
#5617=CARTESIAN_POINT('',(0.016998,-0.00639203821894785,0.323600510257217));
#5618=CARTESIAN_POINT('',(0.018,-0.00639203821894785,0.323600510257217));
#5619=CARTESIAN_POINT('',(0.018,-0.00639203821894785,0.32605));
#5620=CARTESIAN_POINT('',(0.018,-0.00639203821894785,0.320853847577294));
#5621=CARTESIAN_POINT('',(0.018,-0.00639203821894785,0.320853847577294));
#5622=CARTESIAN_POINT('',(0.017,-0.00639203821894785,0.320853847577294));
#5623=CARTESIAN_POINT('',(0.017,-0.00639203821894785,0.32605));
#5624=CARTESIAN_POINT('',(0.017,-0.00639203821894785,0.31635));
#5625=CARTESIAN_POINT('',(0.031,-0.00639203821894785,0.31635));
#5626=CARTESIAN_POINT('',(0.031,-0.00639203821894785,0.30115));
#5627=CARTESIAN_POINT('',(0.017,-0.00639203821894785,0.30115));
#5628=CARTESIAN_POINT('',(0.017,-0.00639203821894785,0.29145));
#5629=CARTESIAN_POINT('',(0.017,-0.00639203821894785,0.296646152422706));
#5630=CARTESIAN_POINT('',(0.018,-0.00639203821894785,0.296646152422706));
#5631=CARTESIAN_POINT('',(0.018,-0.00639203821894785,0.296646152422706));
#5632=CARTESIAN_POINT('',(0.018,-0.00639203821894785,0.29145));
#5633=CARTESIAN_POINT('',(0.018,-0.00639203821894785,0.293899489742783));
#5634=CARTESIAN_POINT('',(0.016998,-0.00639203821894785,0.293899489742783));
#5635=CARTESIAN_POINT('',(0.019,-0.00639203821894785,0.293899489742783));
#5636=CARTESIAN_POINT('',(0.019,-0.00639203821894785,0.285));
#5637=CARTESIAN_POINT('',(0.019,-0.00639203821894784,0.289000510257217));
#5638=CARTESIAN_POINT('',(0.016998,-0.00639203821894785,0.289000510257217));
#5639=CARTESIAN_POINT('',(0.018,-0.00639203821894785,0.289000510257217));
#5640=CARTESIAN_POINT('',(0.018,-0.00639203821894785,0.29145));
#5641=CARTESIAN_POINT('',(0.018,-0.00639203821894785,0.286253847577293));
#5642=CARTESIAN_POINT('',(0.018,-0.00639203821894785,0.286253847577293));
#5643=CARTESIAN_POINT('',(0.017,-0.00639203821894785,0.286253847577293));
#5644=CARTESIAN_POINT('',(0.017,-0.00639203821894785,0.29145));
#5645=CARTESIAN_POINT('',(0.017,-0.00639203821894785,0.28075));
#5646=CARTESIAN_POINT('',(0.0270638593383654,-0.00639203821894785,0.28075));
#5647=CARTESIAN_POINT('',(0.0345,-0.00639203821894785,0.28075));
#5648=CARTESIAN_POINT('',(0.0345,-0.00639203821894785,0.27875));
#5649=CARTESIAN_POINT('',(0.0365,-0.00639203821894785,0.27875));
#5650=CARTESIAN_POINT('',(0.04,-0.00639203821894785,0.27875));
#5651=CARTESIAN_POINT('',(0.0435,-0.00639203821894785,0.27875));
#5652=CARTESIAN_POINT('',(0.0455,-0.00639203821894785,0.27875));
#5653=CARTESIAN_POINT('',(0.045,-0.00639203821894785,0.280686491673103));
#5654=CARTESIAN_POINT('',(0.045,-0.00639203821894785,0.29145));
#5655=CARTESIAN_POINT('',(0.045,-0.00639203821894785,0.27875));
#5656=CARTESIAN_POINT('',(0.04,-0.00639203821894785,0.27875));
#5657=CARTESIAN_POINT('',(0.04,-0.00639203821894785,0.27375));
#5658=CARTESIAN_POINT('',(0.02,-0.00639203821894785,0.27375));
#5659=CARTESIAN_POINT('',(-0.04,-0.00639203821894785,0.27375));
#5660=CARTESIAN_POINT('',(-0.04,-0.00639203821894785,0.27875));
#5661=CARTESIAN_POINT('',(-0.0455,-0.00639203821894785,0.27875));
#5662=CARTESIAN_POINT('',(-0.0435,-0.00639203821894785,0.27875));
#5663=CARTESIAN_POINT('',(-0.04,-0.00639203821894785,0.27875));
#5664=CARTESIAN_POINT('',(-0.0365,-0.00639203821894785,0.27875));
#5665=CARTESIAN_POINT('',(-0.0345,-0.00639203821894785,0.27875));
#5666=CARTESIAN_POINT('',(-0.0345,-0.00639203821894785,0.28075));
#5667=CARTESIAN_POINT('',(-0.0270638593383654,-0.00639203821894785,0.28075));
#5668=CARTESIAN_POINT('',(-0.017,-0.00639203821894785,0.28075));
#5669=CARTESIAN_POINT('',(-0.017,-0.00639203821894785,0.29145));
#5670=CARTESIAN_POINT('',(-0.017,-0.00639203821894785,0.286253847577293));
#5671=CARTESIAN_POINT('',(-0.018,-0.00639203821894785,0.286253847577293));
#5672=CARTESIAN_POINT('',(-0.018,-0.00639203821894785,0.286253847577293));
#5673=CARTESIAN_POINT('',(-0.018,-0.00639203821894785,0.29145));
#5674=CARTESIAN_POINT('',(-0.018,-0.00639203821894785,0.289000510257217));
#5675=CARTESIAN_POINT('',(-0.016998,-0.00639203821894785,0.289000510257217));
#5676=CARTESIAN_POINT('',(-0.019,-0.00639203821894784,0.289000510257217));
#5677=CARTESIAN_POINT('',(-0.019,-0.00639203821894785,0.285));
#5678=CARTESIAN_POINT('',(-0.019,-0.00639203821894785,0.293899489742783));
#5679=CARTESIAN_POINT('',(-0.016998,-0.00639203821894785,0.293899489742783));
#5680=CARTESIAN_POINT('',(-0.018,-0.00639203821894785,0.293899489742783));
#5681=CARTESIAN_POINT('',(-0.018,-0.00639203821894785,0.29145));
#5682=CARTESIAN_POINT('',(-0.018,-0.00639203821894785,0.296646152422706));
#5683=CARTESIAN_POINT('',(-0.018,-0.00639203821894785,0.296646152422706));
#5684=CARTESIAN_POINT('',(-0.0095,-0.00639203821894785,0.31825));
#5685=CARTESIAN_POINT('',(-0.0125,-0.00639203821894785,0.31825));
#5686=CARTESIAN_POINT('',(0.0095,-0.00639203821894785,0.31825));
#5687=CARTESIAN_POINT('',(0.0125,-0.00639203821894785,0.31825));
#5688=CARTESIAN_POINT('',(0.0095,-0.00639203821894785,0.29925));
#5689=CARTESIAN_POINT('',(0.0125,-0.00639203821894785,0.29925));
#5690=CARTESIAN_POINT('',(-0.0095,-0.00639203821894785,0.29925));
#5691=CARTESIAN_POINT('',(-0.0125,-0.00639203821894785,0.29925));
#5692=CARTESIAN_POINT('',(0.016998,-0.000642038218947857,0.32605));
#5693=CARTESIAN_POINT('',(0.018,-0.000642038218947857,0.32605));
#5694=CARTESIAN_POINT('',(0.018,0.000435547987948706,0.332206403817709));
#5695=CARTESIAN_POINT('',(0.016998,0.000435547987948705,0.332206403817709));
#5696=CARTESIAN_POINT('',(0.019,0.000435547987948706,0.332206403817709));
#5697=CARTESIAN_POINT('',(0.019,-0.000642038218947857,0.32605));
#5698=CARTESIAN_POINT('',(0.016998,-0.000642038218947847,0.29145));
#5699=CARTESIAN_POINT('',(0.019,-0.000642038218947847,0.29145));
#5700=CARTESIAN_POINT('',(0.019,0.000435547987948708,0.29760640381771));
#5701=CARTESIAN_POINT('',(0.018,-0.000642038218947847,0.29145));
#5702=CARTESIAN_POINT('',(0.018,0.000435547987948708,0.29760640381771));
#5703=CARTESIAN_POINT('',(0.016998,0.000435547987948706,0.29760640381771));
#5704=CARTESIAN_POINT('',(0.017,-0.000642038218947847,0.29145));
#5705=CARTESIAN_POINT('',(0.018,-0.000642038218947847,0.29145));
#5706=CARTESIAN_POINT('',(0.018,0.00160796178105215,0.284033801512904));
#5707=CARTESIAN_POINT('',(0.017,0.00160796178105215,0.284033801512904));
#5708=CARTESIAN_POINT('',(0.017,0.00160796178105216,0.284033801512904));
#5709=CARTESIAN_POINT('',(0.017,-0.000642038218947847,0.29145));
#5710=CARTESIAN_POINT('',(0.018,-0.00114203821894785,0.30875));
#5711=CARTESIAN_POINT('',(0.018,-0.000642038218947847,0.29145));
#5712=CARTESIAN_POINT('',(0.018,0.000607961781052152,0.298591428428543));
#5713=CARTESIAN_POINT('',(0.018,-0.00114203821894785,0.30875));
#5714=CARTESIAN_POINT('',(0.018,-0.000642038218947847,0.29145));
#5715=CARTESIAN_POINT('',(0.018,0.000435547987948708,0.28529359618229));
#5716=CARTESIAN_POINT('',(0.018,0.000607961781052152,0.284308571571457));
#5717=CARTESIAN_POINT('',(0.018,0.00160796178105215,0.284308571571457));
#5718=CARTESIAN_POINT('',(0.018,0.00160796178105215,0.159072059740429));
#5719=CARTESIAN_POINT('',(0.017,-0.000642038218947857,0.32605));
#5720=CARTESIAN_POINT('',(0.018,-0.000642038218947857,0.32605));
#5721=CARTESIAN_POINT('',(0.018,0.00160796178105215,0.333466198487095));
#5722=CARTESIAN_POINT('',(0.017,-0.000642038218947857,0.32605));
#5723=CARTESIAN_POINT('',(0.017,0.00160796178105216,0.333466198487095));
#5724=CARTESIAN_POINT('',(0.017,0.00160796178105215,0.333466198487095));
#5725=CARTESIAN_POINT('',(0.018,-0.00114203821894785,0.30875));
#5726=CARTESIAN_POINT('',(0.018,-0.000642038218947857,0.32605));
#5727=CARTESIAN_POINT('',(0.018,0.00160796178105215,0.318633801512904));
#5728=CARTESIAN_POINT('',(0.018,-0.000642038218947857,0.32605));
#5729=CARTESIAN_POINT('',(0.018,0.000435547987948706,0.319893596182291));
#5730=CARTESIAN_POINT('',(0.018,0.000607961781052152,0.318908571571457));
#5731=CARTESIAN_POINT('',(0.018,0.00160796178105215,0.318908571571457));
#5732=CARTESIAN_POINT('',(0.018,0.00160796178105215,0.159072059740429));
#5733=CARTESIAN_POINT('',(0.011,0.00160796178105215,0.159072059740429));
#5734=CARTESIAN_POINT('',(0.044,0.00160796178105215,0.159072059740429));
#5735=CARTESIAN_POINT('',(0.044,0.00160796178105215,0.333466198487095));
#5736=CARTESIAN_POINT('',(0.044,0.00160796178105215,0.333191428428543));
#5737=CARTESIAN_POINT('',(0.011,0.00160796178105215,0.333191428428543));
#5738=CARTESIAN_POINT('',(0.043,0.00160796178105215,0.333191428428543));
#5739=CARTESIAN_POINT('',(0.043,0.00160796178105215,0.159072059740429));
#5740=CARTESIAN_POINT('',(0.043,0.00160796178105215,0.333466198487095));
#5741=CARTESIAN_POINT('',(0.019,0.00160796178105215,0.333466198487095));
#5742=CARTESIAN_POINT('',(0.019,0.00160796178105215,0.333466198487095));
#5743=CARTESIAN_POINT('',(0.019,0.00160796178105215,0.159072059740429));
#5744=CARTESIAN_POINT('',(0.019,0.00160796178105215,0.333191428428543));
#5745=CARTESIAN_POINT('',(0.011,0.00160796178105215,0.333191428428543));
#5746=CARTESIAN_POINT('',(0.018,0.00160796178105215,0.333191428428543));
#5747=CARTESIAN_POINT('',(0.018,0.00160796178105215,0.159072059740429));
#5748=CARTESIAN_POINT('',(0.017,0.00160796178105215,0.32605));
#5749=CARTESIAN_POINT('',(0.017,0.00160796178105215,0.33675));
#5750=CARTESIAN_POINT('',(0.0270638593383654,0.00160796178105215,0.33675));
#5751=CARTESIAN_POINT('',(0.0345,0.00160796178105215,0.33675));
#5752=CARTESIAN_POINT('',(0.0345,0.00160796178105215,0.33875));
#5753=CARTESIAN_POINT('',(0.0365,0.00160796178105215,0.33875));
#5754=CARTESIAN_POINT('',(0.04,0.00160796178105215,0.33875));
#5755=CARTESIAN_POINT('',(0.0435,0.00160796178105215,0.33875));
#5756=CARTESIAN_POINT('',(0.0455,0.00160796178105215,0.33875));
#5757=CARTESIAN_POINT('',(0.044,0.00160796178105215,0.333466198487095));
#5758=CARTESIAN_POINT('',(0.011,0.00160796178105215,0.159072059740429));
#5759=CARTESIAN_POINT('',(0.011,0.00160796178105215,0.31635));
#5760=CARTESIAN_POINT('',(0.017,0.00160796178105215,0.31635));
#5761=CARTESIAN_POINT('',(0.017,0.00160796178105215,0.32605));
#5762=CARTESIAN_POINT('',(0.017,0.00160796178105216,0.318633801512904));
#5763=CARTESIAN_POINT('',(0.017,0.00160796178105215,0.318633801512904));
#5764=CARTESIAN_POINT('',(0.011,0.00160796178105215,0.318908571571457));
#5765=CARTESIAN_POINT('',(0.019,0.00160796178105215,0.318908571571457));
#5766=CARTESIAN_POINT('',(0.019,0.00160796178105215,0.159072059740429));
#5767=CARTESIAN_POINT('',(0.019,0.00160796178105215,0.318633801512904));
#5768=CARTESIAN_POINT('',(0.019,0.00160796178105215,0.318633801512904));
#5769=CARTESIAN_POINT('',(0.043,0.00160796178105215,0.318633801512904));
#5770=CARTESIAN_POINT('',(0.043,0.00160796178105215,0.159072059740429));
#5771=CARTESIAN_POINT('',(0.043,0.00160796178105215,0.318908571571457));
#5772=CARTESIAN_POINT('',(0.011,0.00160796178105215,0.318908571571457));
#5773=CARTESIAN_POINT('',(0.044,0.00160796178105215,0.318908571571457));
#5774=CARTESIAN_POINT('',(0.044,0.00160796178105215,0.159072059740429));
#5775=CARTESIAN_POINT('',(0.044,0.00160796178105215,0.318633801512904));
#5776=CARTESIAN_POINT('',(0.044,0.00160796178105215,0.318633801512904));
#5777=CARTESIAN_POINT('',(0.017,0.00160796178105215,0.29145));
#5778=CARTESIAN_POINT('',(0.017,0.00160796178105215,0.30115));
#5779=CARTESIAN_POINT('',(0.017,-0.000642038218947847,0.29145));
#5780=CARTESIAN_POINT('',(0.017,0.00160796178105215,0.29145));
#5781=CARTESIAN_POINT('',(0.017,0.00160796178105215,0.29145));
#5782=CARTESIAN_POINT('',(0.017,0.00160796178105215,0.28075));
#5783=CARTESIAN_POINT('',(0.017,0.00160796178105215,0.28075));
#5784=CARTESIAN_POINT('',(0.011,0.00160796178105215,0.159072059740429));
#5785=CARTESIAN_POINT('',(0.019,0.00160796178105215,0.284308571571457));
#5786=CARTESIAN_POINT('',(0.019,0.00160796178105215,0.284308571571457));
#5787=CARTESIAN_POINT('',(0.019,0.00160796178105215,0.159072059740429));
#5788=CARTESIAN_POINT('',(0.019,0.00160796178105215,0.284033801512904));
#5789=CARTESIAN_POINT('',(0.019,0.00160796178105215,0.284033801512904));
#5790=CARTESIAN_POINT('',(0.043,0.00160796178105215,0.284033801512904));
#5791=CARTESIAN_POINT('',(0.043,0.00160796178105215,0.159072059740429));
#5792=CARTESIAN_POINT('',(0.043,0.00160796178105215,0.284308571571457));
#5793=CARTESIAN_POINT('',(0.044,0.00160796178105215,0.284308571571457));
#5794=CARTESIAN_POINT('',(0.044,0.00160796178105215,0.284308571571457));
#5795=CARTESIAN_POINT('',(0.044,0.00160796178105215,0.159072059740429));
#5796=CARTESIAN_POINT('',(0.044,0.00160796178105215,0.284033801512904));
#5797=CARTESIAN_POINT('',(0.044,0.00160796178105215,0.284033801512904));
#5798=CARTESIAN_POINT('',(0.045,0.00160796178105215,0.284033801512904));
#5799=CARTESIAN_POINT('',(0.045,0.00160796178105215,0.29145));
#5800=CARTESIAN_POINT('',(0.045,0.00160796178105215,0.280686491673103));
#5801=CARTESIAN_POINT('',(0.0455,0.00160796178105215,0.27875));
#5802=CARTESIAN_POINT('',(0.0435,0.00160796178105215,0.27875));
#5803=CARTESIAN_POINT('',(0.04,0.00160796178105215,0.27875));
#5804=CARTESIAN_POINT('',(0.0365,0.00160796178105215,0.27875));
#5805=CARTESIAN_POINT('',(0.0345,0.00160796178105215,0.27875));
#5806=CARTESIAN_POINT('',(0.0345,0.00160796178105215,0.28075));
#5807=CARTESIAN_POINT('',(0.0270638593383654,0.00160796178105215,0.28075));
#5808=CARTESIAN_POINT('',(0.016998,-0.000642038218947857,0.32605));
#5809=CARTESIAN_POINT('',(0.043,-0.000642038218947857,0.32605));
#5810=CARTESIAN_POINT('',(0.043,0.000435547987948706,0.319893596182291));
#5811=CARTESIAN_POINT('',(0.043,0.000435547987948706,0.332206403817709));
#5812=CARTESIAN_POINT('',(0.016998,0.000435547987948705,0.332206403817709));
#5813=CARTESIAN_POINT('',(0.044,0.000435547987948706,0.332206403817709));
#5814=CARTESIAN_POINT('',(0.044,-0.000642038218947857,0.32605));
#5815=CARTESIAN_POINT('',(0.044,0.000435547987948706,0.319893596182291));
#5816=CARTESIAN_POINT('',(0.016998,0.000435547987948705,0.319893596182291));
#5817=CARTESIAN_POINT('',(0.016998,-0.000642038218947847,0.29145));
#5818=CARTESIAN_POINT('',(0.043,-0.000642038218947847,0.29145));
#5819=CARTESIAN_POINT('',(0.043,0.000435547987948708,0.29760640381771));
#5820=CARTESIAN_POINT('',(0.043,0.000435547987948708,0.28529359618229));
#5821=CARTESIAN_POINT('',(0.016998,0.000435547987948706,0.29760640381771));
#5822=CARTESIAN_POINT('',(0.044,0.000435547987948708,0.29760640381771));
#5823=CARTESIAN_POINT('',(0.044,-0.000642038218947847,0.29145));
#5824=CARTESIAN_POINT('',(0.044,0.000435547987948708,0.28529359618229));
#5825=CARTESIAN_POINT('',(0.016998,0.000435547987948706,0.28529359618229));
#5826=CARTESIAN_POINT('',(0.017,0.00160796178105215,0.32605));
#5827=CARTESIAN_POINT('',(0.017,0.0127599625,0.31635));
#5828=CARTESIAN_POINT('',(0.017,-0.000642038218947857,0.32605));
#5829=CARTESIAN_POINT('',(0.045,-0.00939203821894785,0.29145));
#5830=CARTESIAN_POINT('',(0.045,-0.000642038218947847,0.29145));
#5831=CARTESIAN_POINT('',(0.045,-0.00839203821894785,0.27875));
#5832=CARTESIAN_POINT('',(0.045,-0.00839203821894785,0.27875));
#5833=CARTESIAN_POINT('',(0.045,-0.00939203821894785,0.27875));
#5834=CARTESIAN_POINT('',(0.045,-0.00239203821894785,0.280686491673103));
#5835=CARTESIAN_POINT('',(0.02,-0.00939203821894785,0.34375));
#5836=CARTESIAN_POINT('',(-0.04,-0.00939203821894785,0.34375));
#5837=CARTESIAN_POINT('',(-0.04,-0.00839203821894785,0.34375));
#5838=CARTESIAN_POINT('',(0.02,-0.00839203821894785,0.34375));
#5839=CARTESIAN_POINT('',(0.04,-0.00839203821894785,0.34375));
#5840=CARTESIAN_POINT('',(0.04,-0.00939203821894785,0.34375));
#5841=CARTESIAN_POINT('',(0.04,-0.00939203821894785,0.33875));
#5842=CARTESIAN_POINT('',(0.04,-0.00839203821894785,0.33875));
#5843=CARTESIAN_POINT('',(0.04,-0.00939203821894785,0.27875));
#5844=CARTESIAN_POINT('',(0.04,-0.00839203821894785,0.27875));
#5845=CARTESIAN_POINT('',(0.04,-0.00839203821894785,0.27375));
#5846=CARTESIAN_POINT('',(0.04,-0.00939203821894785,0.27375));
#5847=CARTESIAN_POINT('',(0.02,-0.00939203821894785,0.27375));
#5848=CARTESIAN_POINT('',(-0.04,-0.00839203821894785,0.27375));
#5849=CARTESIAN_POINT('',(-0.04,-0.00839203821894785,0.27375));
#5850=CARTESIAN_POINT('',(-0.04,-0.00939203821894785,0.27375));
#5851=CARTESIAN_POINT('',(0.017,0.00160796178105215,0.32605));
#5852=CARTESIAN_POINT('',(0.017,0.00160796178105215,0.33675));
#5853=CARTESIAN_POINT('',(0.0270638593383654,0.00160796178105215,0.33675));
#5854=CARTESIAN_POINT('',(0.0345,0.00160796178105215,0.33675));
#5855=CARTESIAN_POINT('',(0.04,0.00160796178105215,0.33875));
#5856=CARTESIAN_POINT('',(0.0435,0.00160796178105215,0.33875));
#5857=CARTESIAN_POINT('',(0.0365,0.00160796178105215,0.33875));
#5858=CARTESIAN_POINT('',(0.04,0.00160796178105215,0.27875));
#5859=CARTESIAN_POINT('',(0.0365,0.00160796178105215,0.27875));
#5860=CARTESIAN_POINT('',(0.0435,0.00160796178105215,0.27875));
#5861=CARTESIAN_POINT('',(0.0270638593383654,0.00160796178105215,0.28075));
#5862=CARTESIAN_POINT('',(0.0345,0.00160796178105215,0.28075));
#5863=CARTESIAN_POINT('',(0.0095,0.00160796178105215,0.29925));
#5864=CARTESIAN_POINT('',(0.0095,0.00130796178105215,0.29925));
#5865=CARTESIAN_POINT('',(0.0125,0.00130796178105215,0.29925));
#5866=CARTESIAN_POINT('',(0.011,0.00160796178105215,0.159072059740429));
#5867=CARTESIAN_POINT('',(0.0095,0.00160796178105215,0.29925));
#5868=CARTESIAN_POINT('',(0.0123267949192431,0.00160796178105215,0.29925));
#5869=CARTESIAN_POINT('',(0.0095,0.00160796178105215,0.31825));
#5870=CARTESIAN_POINT('',(0.0095,0.00130796178105215,0.31825));
#5871=CARTESIAN_POINT('',(0.0125,0.00130796178105215,0.31825));
#5872=CARTESIAN_POINT('',(0.011,0.00160796178105215,0.159072059740429));
#5873=CARTESIAN_POINT('',(0.0095,0.00160796178105215,0.31825));
#5874=CARTESIAN_POINT('',(0.0123267949192431,0.00160796178105215,0.31825));
#5875=CARTESIAN_POINT('',(0.044,-0.000642038218947847,0.29145));
#5876=CARTESIAN_POINT('',(0.044,-0.000642038218947847,0.29145));
#5877=CARTESIAN_POINT('',(0.044,-0.00114203821894785,0.30875));
#5878=CARTESIAN_POINT('',(0.044,0.000607961781052152,0.298591428428543));
#5879=CARTESIAN_POINT('',(0.044,0.000607961781052152,0.284308571571457));
#5880=CARTESIAN_POINT('',(0.044,-0.000642038218947857,0.32605));
#5881=CARTESIAN_POINT('',(0.044,-0.000642038218947857,0.32605));
#5882=CARTESIAN_POINT('',(0.044,-0.00114203821894785,0.30875));
#5883=CARTESIAN_POINT('',(0.044,0.000607961781052152,0.333191428428543));
#5884=CARTESIAN_POINT('',(0.044,0.000607961781052152,0.318908571571457));
#5885=CARTESIAN_POINT('',(0.016998,-0.000642038218947857,0.32605));
#5886=CARTESIAN_POINT('',(0.019,-0.000642038218947857,0.32605));
#5887=CARTESIAN_POINT('',(0.019,0.000435547987948706,0.319893596182291));
#5888=CARTESIAN_POINT('',(0.016998,0.000435547987948705,0.319893596182291));
#5889=CARTESIAN_POINT('',(0.016998,-0.000642038218947847,0.29145));
#5890=CARTESIAN_POINT('',(0.019,-0.000642038218947847,0.29145));
#5891=CARTESIAN_POINT('',(0.019,0.000435547987948708,0.28529359618229));
#5892=CARTESIAN_POINT('',(0.016998,0.000435547987948706,0.28529359618229));
#5893=CARTESIAN_POINT('',(0.019,-0.000642038218947847,0.29145));
#5894=CARTESIAN_POINT('',(0.019,-0.000642038218947847,0.29145));
#5895=CARTESIAN_POINT('',(0.043,-0.000642038218947847,0.29145));
#5896=CARTESIAN_POINT('',(0.019,-0.00114203821894785,0.30875));
#5897=CARTESIAN_POINT('',(0.019,0.000607961781052152,0.284308571571457));
#5898=CARTESIAN_POINT('',(0.019,0.000607961781052152,0.298591428428543));
#5899=CARTESIAN_POINT('',(0.043,-0.00114203821894785,0.30875));
#5900=CARTESIAN_POINT('',(0.043,0.000607961781052152,0.298591428428543));
#5901=CARTESIAN_POINT('',(0.043,0.000607961781052152,0.284308571571457));
#5902=CARTESIAN_POINT('',(0.019,-0.000642038218947857,0.32605));
#5903=CARTESIAN_POINT('',(0.019,-0.000642038218947857,0.32605));
#5904=CARTESIAN_POINT('',(0.043,-0.000642038218947857,0.32605));
#5905=CARTESIAN_POINT('',(0.019,-0.00114203821894785,0.30875));
#5906=CARTESIAN_POINT('',(0.019,0.000607961781052152,0.318908571571457));
#5907=CARTESIAN_POINT('',(0.019,0.000607961781052152,0.333191428428543));
#5908=CARTESIAN_POINT('',(0.043,-0.00114203821894785,0.30875));
#5909=CARTESIAN_POINT('',(0.043,0.000607961781052152,0.333191428428543));
#5910=CARTESIAN_POINT('',(0.043,0.000607961781052152,0.318908571571457));
#5911=CARTESIAN_POINT('',(0.017,-0.000642038218947847,0.29145));
#5912=CARTESIAN_POINT('',(0.017,-0.000642038218947857,0.32605));
#5913=CARTESIAN_POINT('',(0.018,-0.00114203821894785,0.30875));
#5914=CARTESIAN_POINT('',(0.018,0.000607961781052152,0.333191428428543));
#5915=CARTESIAN_POINT('',(0.016998,0.000607961781052152,0.333191428428543));
#5916=CARTESIAN_POINT('',(0.016998,0.000607961781052152,0.333191428428543));
#5917=CARTESIAN_POINT('',(0.016998,0.000607961781052152,0.318908571571457));
#5918=CARTESIAN_POINT('',(0.016998,0.000607961781052152,0.318908571571457));
#5919=CARTESIAN_POINT('',(0.016998,0.000607961781052152,0.298591428428543));
#5920=CARTESIAN_POINT('',(0.016998,0.000607961781052152,0.284308571571457));
#5921=CARTESIAN_POINT('',(0.016998,0.000607961781052152,0.298591428428543));
#5922=CARTESIAN_POINT('',(0.016998,0.000607961781052152,0.284308571571457));
#5923=CARTESIAN_POINT('',(-0.016998,0.000607961781052152,0.284308571571457));
#5924=CARTESIAN_POINT('',(-0.044,0.000607961781052152,0.284308571571457));
#5925=CARTESIAN_POINT('',(-0.044,0.00160796178105215,0.284308571571457));
#5926=CARTESIAN_POINT('',(-0.044,0.000435547987948708,0.28529359618229));
#5927=CARTESIAN_POINT('',(-0.016998,0.000435547987948706,0.28529359618229));
#5928=CARTESIAN_POINT('',(-0.043,0.000435547987948708,0.28529359618229));
#5929=CARTESIAN_POINT('',(-0.043,0.000607961781052152,0.284308571571457));
#5930=CARTESIAN_POINT('',(-0.043,0.00160796178105215,0.284308571571457));
#5931=CARTESIAN_POINT('',(-0.044,0.00160796178105215,0.284308571571457));
#5932=CARTESIAN_POINT('',(-0.016998,0.000607961781052152,0.298591428428543));
#5933=CARTESIAN_POINT('',(-0.043,0.000607961781052152,0.298591428428543));
#5934=CARTESIAN_POINT('',(-0.043,0.000435547987948708,0.29760640381771));
#5935=CARTESIAN_POINT('',(-0.016998,0.000435547987948706,0.29760640381771));
#5936=CARTESIAN_POINT('',(-0.044,0.000435547987948708,0.29760640381771));
#5937=CARTESIAN_POINT('',(-0.044,0.000607961781052152,0.298591428428543));
#5938=CARTESIAN_POINT('',(-0.016998,0.000607961781052152,0.284308571571457));
#5939=CARTESIAN_POINT('',(-0.019,0.000607961781052152,0.284308571571457));
#5940=CARTESIAN_POINT('',(-0.019,0.00160796178105215,0.284308571571457));
#5941=CARTESIAN_POINT('',(-0.019,0.000435547987948708,0.28529359618229));
#5942=CARTESIAN_POINT('',(-0.016998,0.000435547987948706,0.28529359618229));
#5943=CARTESIAN_POINT('',(-0.018,0.000435547987948708,0.28529359618229));
#5944=CARTESIAN_POINT('',(-0.018,0.000607961781052152,0.284308571571457));
#5945=CARTESIAN_POINT('',(-0.018,0.00160796178105215,0.284308571571457));
#5946=CARTESIAN_POINT('',(-0.019,0.00160796178105215,0.284308571571457));
#5947=CARTESIAN_POINT('',(-0.016998,0.000607961781052152,0.298591428428543));
#5948=CARTESIAN_POINT('',(-0.018,0.000607961781052152,0.298591428428543));
#5949=CARTESIAN_POINT('',(-0.018,0.000435547987948708,0.29760640381771));
#5950=CARTESIAN_POINT('',(-0.016998,0.000435547987948706,0.29760640381771));
#5951=CARTESIAN_POINT('',(-0.019,0.000435547987948708,0.29760640381771));
#5952=CARTESIAN_POINT('',(-0.019,0.000607961781052152,0.298591428428543));
#5953=CARTESIAN_POINT('',(-0.016998,0.000607961781052152,0.318908571571457));
#5954=CARTESIAN_POINT('',(-0.018,0.000607961781052152,0.318908571571457));
#5955=CARTESIAN_POINT('',(-0.018,0.000435547987948706,0.319893596182291));
#5956=CARTESIAN_POINT('',(-0.019,0.000607961781052152,0.318908571571457));
#5957=CARTESIAN_POINT('',(-0.019,0.000435547987948706,0.319893596182291));
#5958=CARTESIAN_POINT('',(-0.016998,0.000435547987948705,0.319893596182291));
#5959=CARTESIAN_POINT('',(-0.016998,0.000607961781052152,0.318908571571457));
#5960=CARTESIAN_POINT('',(-0.043,0.000607961781052152,0.318908571571457));
#5961=CARTESIAN_POINT('',(-0.043,0.000435547987948706,0.319893596182291));
#5962=CARTESIAN_POINT('',(-0.044,0.000607961781052152,0.318908571571457));
#5963=CARTESIAN_POINT('',(-0.044,0.000435547987948706,0.319893596182291));
#5964=CARTESIAN_POINT('',(-0.016998,0.000435547987948705,0.319893596182291));
#5965=CARTESIAN_POINT('',(-0.016998,0.000607961781052152,0.333191428428543));
#5966=CARTESIAN_POINT('',(-0.019,0.000607961781052152,0.333191428428543));
#5967=CARTESIAN_POINT('',(-0.019,0.000435547987948706,0.332206403817709));
#5968=CARTESIAN_POINT('',(-0.019,0.00160796178105215,0.333191428428543));
#5969=CARTESIAN_POINT('',(-0.011,0.00160796178105215,0.333191428428543));
#5970=CARTESIAN_POINT('',(-0.018,0.00160796178105215,0.333191428428543));
#5971=CARTESIAN_POINT('',(-0.018,0.000607961781052152,0.333191428428543));
#5972=CARTESIAN_POINT('',(-0.018,0.000435547987948706,0.332206403817709));
#5973=CARTESIAN_POINT('',(-0.016998,0.000435547987948705,0.332206403817709));
#5974=CARTESIAN_POINT('',(-0.016998,0.000607961781052152,0.333191428428543));
#5975=CARTESIAN_POINT('',(-0.044,0.000607961781052152,0.333191428428543));
#5976=CARTESIAN_POINT('',(-0.044,0.000435547987948706,0.332206403817709));
#5977=CARTESIAN_POINT('',(-0.044,0.00160796178105215,0.333191428428543));
#5978=CARTESIAN_POINT('',(-0.011,0.00160796178105215,0.333191428428543));
#5979=CARTESIAN_POINT('',(-0.043,0.00160796178105215,0.333191428428543));
#5980=CARTESIAN_POINT('',(-0.043,0.000607961781052152,0.333191428428543));
#5981=CARTESIAN_POINT('',(-0.043,0.000435547987948706,0.332206403817709));
#5982=CARTESIAN_POINT('',(-0.016998,0.000435547987948705,0.332206403817709));
#5983=CARTESIAN_POINT('',(-0.018,-0.00114203821894785,0.30875));
#5984=CARTESIAN_POINT('',(-0.018,-0.000642038218947857,0.32605));
#5985=CARTESIAN_POINT('',(-0.018,0.00160796178105215,0.159072059740429));
#5986=CARTESIAN_POINT('',(-0.018,0.00160796178105215,0.333466198487095));
#5987=CARTESIAN_POINT('',(-0.018,-0.000642038218947857,0.32605));
#5988=CARTESIAN_POINT('',(-0.017,-0.000642038218947857,0.32605));
#5989=CARTESIAN_POINT('',(-0.018,-0.000642038218947857,0.32605));
#5990=CARTESIAN_POINT('',(-0.017,-0.000642038218947847,0.29145));
#5991=CARTESIAN_POINT('',(-0.018,-0.000642038218947847,0.29145));
#5992=CARTESIAN_POINT('',(-0.043,-0.00114203821894785,0.30875));
#5993=CARTESIAN_POINT('',(-0.043,0.00160796178105215,0.159072059740429));
#5994=CARTESIAN_POINT('',(-0.043,0.00160796178105215,0.333466198487095));
#5995=CARTESIAN_POINT('',(-0.043,-0.000642038218947857,0.32605));
#5996=CARTESIAN_POINT('',(-0.043,-0.000642038218947857,0.32605));
#5997=CARTESIAN_POINT('',(-0.019,-0.000642038218947857,0.32605));
#5998=CARTESIAN_POINT('',(-0.019,0.00160796178105215,0.333466198487095));
#5999=CARTESIAN_POINT('',(-0.019,0.00160796178105215,0.333466198487095));
#6000=CARTESIAN_POINT('',(-0.019,-0.000642038218947857,0.32605));
#6001=CARTESIAN_POINT('',(-0.043,-0.00114203821894785,0.30875));
#6002=CARTESIAN_POINT('',(-0.043,-0.000642038218947847,0.29145));
#6003=CARTESIAN_POINT('',(-0.043,0.00160796178105215,0.284033801512904));
#6004=CARTESIAN_POINT('',(-0.043,0.00160796178105215,0.159072059740429));
#6005=CARTESIAN_POINT('',(-0.043,-0.000642038218947847,0.29145));
#6006=CARTESIAN_POINT('',(-0.019,-0.000642038218947847,0.29145));
#6007=CARTESIAN_POINT('',(-0.019,-0.000642038218947847,0.29145));
#6008=CARTESIAN_POINT('',(-0.019,0.00160796178105215,0.284033801512904));
#6009=CARTESIAN_POINT('',(-0.019,0.00160796178105215,0.284033801512904));
#6010=CARTESIAN_POINT('',(-0.016998,-0.000642038218947847,0.29145));
#6011=CARTESIAN_POINT('',(-0.019,-0.000642038218947847,0.29145));
#6012=CARTESIAN_POINT('',(-0.018,-0.000642038218947847,0.29145));
#6013=CARTESIAN_POINT('',(-0.016998,-0.000642038218947857,0.32605));
#6014=CARTESIAN_POINT('',(-0.019,-0.000642038218947857,0.32605));
#6015=CARTESIAN_POINT('',(-0.044,-0.00114203821894785,0.30875));
#6016=CARTESIAN_POINT('',(-0.044,-0.000642038218947857,0.32605));
#6017=CARTESIAN_POINT('',(-0.044,-0.000642038218947857,0.32605));
#6018=CARTESIAN_POINT('',(-0.044,0.00160796178105215,0.333466198487095));
#6019=CARTESIAN_POINT('',(-0.044,0.00160796178105215,0.159072059740429));
#6020=CARTESIAN_POINT('',(-0.044,-0.000642038218947857,0.32605));
#6021=CARTESIAN_POINT('',(-0.045,-0.000642038218947857,0.32605));
#6022=CARTESIAN_POINT('',(-0.045,0.00160796178105215,0.333466198487095));
#6023=CARTESIAN_POINT('',(-0.044,0.00160796178105215,0.333466198487095));
#6024=CARTESIAN_POINT('',(-0.044,-0.00114203821894785,0.30875));
#6025=CARTESIAN_POINT('',(-0.044,-0.000642038218947847,0.29145));
#6026=CARTESIAN_POINT('',(-0.044,0.00160796178105215,0.159072059740429));
#6027=CARTESIAN_POINT('',(-0.044,0.00160796178105215,0.284033801512904));
#6028=CARTESIAN_POINT('',(-0.044,-0.000642038218947847,0.29145));
#6029=CARTESIAN_POINT('',(-0.044,-0.000642038218947847,0.29145));
#6030=CARTESIAN_POINT('',(-0.044,0.00160796178105215,0.284033801512904));
#6031=CARTESIAN_POINT('',(-0.0270638593383654,0.00160796178105215,0.28075));
#6032=CARTESIAN_POINT('',(-0.0345,0.00160796178105215,0.28075));
#6033=CARTESIAN_POINT('',(-0.0345,0.00160796178105215,0.28075));
#6034=CARTESIAN_POINT('',(-0.0270638593383654,0.00160796178105215,0.28075));
#6035=CARTESIAN_POINT('',(-0.017,0.00160796178105215,0.28075));
#6036=CARTESIAN_POINT('',(-0.017,0.00160796178105215,0.28075));
#6037=CARTESIAN_POINT('',(-0.04,0.00160796178105215,0.27875));
#6038=CARTESIAN_POINT('',(-0.04,0.00160796178105215,0.27875));
#6039=CARTESIAN_POINT('',(-0.0435,0.00160796178105215,0.27875));
#6040=CARTESIAN_POINT('',(-0.0365,0.00160796178105215,0.27875));
#6041=CARTESIAN_POINT('',(-0.0365,0.00160796178105215,0.27875));
#6042=CARTESIAN_POINT('',(-0.0435,0.00160796178105215,0.27875));
#6043=CARTESIAN_POINT('',(-0.04,0.00160796178105215,0.33875));
#6044=CARTESIAN_POINT('',(-0.0365,0.00160796178105215,0.33875));
#6045=CARTESIAN_POINT('',(-0.0365,0.00160796178105215,0.33875));
#6046=CARTESIAN_POINT('',(-0.04,0.00160796178105215,0.33875));
#6047=CARTESIAN_POINT('',(-0.0435,0.00160796178105215,0.33875));
#6048=CARTESIAN_POINT('',(-0.0435,0.00160796178105215,0.33875));
#6049=CARTESIAN_POINT('',(-0.0270638593383654,0.00160796178105215,0.33675));
#6050=CARTESIAN_POINT('',(-0.0270638593383654,0.00160796178105215,0.33675));
#6051=CARTESIAN_POINT('',(-0.017,0.00160796178105215,0.33675));
#6052=CARTESIAN_POINT('',(-0.0345,0.00160796178105215,0.33675));
#6053=CARTESIAN_POINT('',(-0.0345,-0.00639203821894785,0.33675));
#6054=CARTESIAN_POINT('',(-0.017,0.00160796178105215,0.33675));
#6055=CARTESIAN_POINT('',(-0.017,0.00160796178105215,0.32605));
#6056=CARTESIAN_POINT('',(-0.017,-0.000642038218947857,0.32605));
#6057=CARTESIAN_POINT('',(-0.017,0.00160796178105216,0.333466198487095));
#6058=CARTESIAN_POINT('',(-0.017,0.00160796178105215,0.32605));
#6059=CARTESIAN_POINT('',(-0.04,-0.00939203821894785,0.27875));
#6060=CARTESIAN_POINT('',(-0.04,-0.00839203821894785,0.27875));
#6061=CARTESIAN_POINT('',(-0.04,-0.00939203821894785,0.33875));
#6062=CARTESIAN_POINT('',(-0.045,-0.00939203821894785,0.33875));
#6063=CARTESIAN_POINT('',(-0.045,-0.00839203821894785,0.33875));
#6064=CARTESIAN_POINT('',(-0.04,-0.00839203821894785,0.33875));
#6065=CARTESIAN_POINT('',(-0.045,-0.00939203821894785,0.29145));
#6066=CARTESIAN_POINT('',(-0.045,-0.00839203821894785,0.33875));
#6067=CARTESIAN_POINT('',(-0.045,-0.00239203821894785,0.336813508326896));
#6068=CARTESIAN_POINT('',(-0.045,0.00160796178105215,0.336813508326896));
#6069=CARTESIAN_POINT('',(-0.045,0.00160796178105215,0.32605));
#6070=CARTESIAN_POINT('',(-0.016998,-0.000642038218947847,0.29145));
#6071=CARTESIAN_POINT('',(-0.016998,-0.000642038218947857,0.32605));
#6072=CARTESIAN_POINT('',(-0.011,0.00160796178105215,0.159072059740429));
#6073=CARTESIAN_POINT('',(-0.018,0.00160796178105215,0.159072059740429));
#6074=CARTESIAN_POINT('',(-0.018,0.00160796178105215,0.284033801512904));
#6075=CARTESIAN_POINT('',(-0.017,0.00160796178105215,0.284033801512904));
#6076=CARTESIAN_POINT('',(-0.017,0.00160796178105216,0.284033801512904));
#6077=CARTESIAN_POINT('',(-0.017,0.00160796178105215,0.29145));
#6078=CARTESIAN_POINT('',(-0.0345,0.00160796178105215,0.27875));
#6079=CARTESIAN_POINT('',(-0.0455,0.00160796178105215,0.27875));
#6080=CARTESIAN_POINT('',(-0.019,0.00160796178105215,0.159072059740429));
#6081=CARTESIAN_POINT('',(-0.017,0.00160796178105215,0.29145));
#6082=CARTESIAN_POINT('',(-0.017,-0.000642038218947847,0.29145));
#6083=CARTESIAN_POINT('',(-0.011,0.00160796178105215,0.159072059740429));
#6084=CARTESIAN_POINT('',(-0.0455,0.00160796178105215,0.33875));
#6085=CARTESIAN_POINT('',(-0.0345,0.00160796178105215,0.33875));
#6086=CARTESIAN_POINT('',(-0.017,0.00160796178105215,0.333466198487095));
#6087=CARTESIAN_POINT('',(-0.019,0.00160796178105215,0.159072059740429));
#6088=CARTESIAN_POINT('',(-0.018,-0.00114203821894785,0.30875));
#6089=CARTESIAN_POINT('',(-0.018,-0.000642038218947857,0.32605));
#6090=CARTESIAN_POINT('',(-0.017,-0.000642038218947857,0.32605));
#6091=CARTESIAN_POINT('',(-0.018,-0.00114203821894785,0.30875));
#6092=CARTESIAN_POINT('',(-0.018,-0.000642038218947847,0.29145));
#6093=CARTESIAN_POINT('',(-0.018,-0.000642038218947847,0.29145));
#6094=CARTESIAN_POINT('',(-0.018,-0.00114203821894785,0.30875));
#6095=CARTESIAN_POINT('',(-0.017,-0.000642038218947847,0.29145));
#6096=CARTESIAN_POINT('',(-0.019,-0.00114203821894785,0.30875));
#6097=CARTESIAN_POINT('',(-0.019,-0.000642038218947857,0.32605));
#6098=CARTESIAN_POINT('',(-0.019,-0.00114203821894785,0.30875));
#6099=CARTESIAN_POINT('',(-0.019,-0.000642038218947847,0.29145));
#6100=CARTESIAN_POINT('',(-0.016998,-0.000642038218947847,0.29145));
#6101=CARTESIAN_POINT('',(-0.016998,-0.000642038218947857,0.32605));
#6102=CARTESIAN_POINT('',(-0.011,0.00160796178105215,0.159072059740429));
#6103=CARTESIAN_POINT('',(-0.0095,0.00160796178105215,0.31825));
#6104=CARTESIAN_POINT('',(-0.00667320508075689,0.00160796178105215,0.31825));
#6105=CARTESIAN_POINT('',(-0.0095,0.00160796178105215,0.31825));
#6106=CARTESIAN_POINT('',(-0.0095,0.00130796178105215,0.31825));
#6107=CARTESIAN_POINT('',(-0.0065,0.00130796178105215,0.31825));
#6108=CARTESIAN_POINT('',(-0.0095,0.00160796178105215,0.29925));
#6109=CARTESIAN_POINT('',(-0.0095,0.00130796178105215,0.29925));
#6110=CARTESIAN_POINT('',(-0.0065,0.00130796178105215,0.29925));
#6111=CARTESIAN_POINT('',(-0.011,0.00160796178105215,0.159072059740429));
#6112=CARTESIAN_POINT('',(-0.0095,0.00160796178105215,0.29925));
#6113=CARTESIAN_POINT('',(-0.00667320508075689,0.00160796178105215,0.29925));
#6114=CARTESIAN_POINT('',(0.,-0.0128920382189478,0.33875));
#6115=CARTESIAN_POINT('',(0.014,-0.0103920382189478,0.33875));
#6116=CARTESIAN_POINT('',(0.,-0.0128920382189478,0.27875));
#6117=CARTESIAN_POINT('',(0.014,-0.0103920382189478,0.27875));
#6118=CARTESIAN_POINT('',(-0.04,-0.00694203821894785,0.335875));
#6119=CARTESIAN_POINT('',(-0.0383401179760798,-0.00694203821894785,0.335875));
#6120=CARTESIAN_POINT('',(-0.0383401179760798,-0.00694203821894785,0.335875));
#6121=CARTESIAN_POINT('',(-0.04,-0.00694203821894785,0.335875));
#6122=CARTESIAN_POINT('',(-0.0416598820239201,-0.00694203821894785,0.335875));
#6123=CARTESIAN_POINT('',(-0.0416598820239201,-0.00694203821894785,0.335875));
#6124=CARTESIAN_POINT('',(-0.0375101769641196,-0.00694203821894785,0.3373125));
#6125=CARTESIAN_POINT('',(-0.0366802359521596,-0.00694203821894785,0.33875));
#6126=CARTESIAN_POINT('',(-0.0366802359521596,-0.00694203821894785,0.33875));
#6127=CARTESIAN_POINT('',(-0.0375101769641196,-0.00694203821894785,0.3373125));
#6128=CARTESIAN_POINT('',(-0.0375101769641197,-0.00694203821894785,0.3401875));
#6129=CARTESIAN_POINT('',(-0.0383401179760798,-0.00694203821894785,0.341625));
#6130=CARTESIAN_POINT('',(-0.0383401179760798,-0.00694203821894785,0.341625));
#6131=CARTESIAN_POINT('',(-0.0375101769641197,-0.00694203821894785,0.3401875));
#6132=CARTESIAN_POINT('',(-0.04,-0.00694203821894785,0.341625));
#6133=CARTESIAN_POINT('',(-0.0416598820239202,-0.00694203821894785,0.341625));
#6134=CARTESIAN_POINT('',(-0.0416598820239202,-0.00694203821894785,0.341625));
#6135=CARTESIAN_POINT('',(-0.04,-0.00694203821894785,0.341625));
#6136=CARTESIAN_POINT('',(-0.0424898230358803,-0.00694203821894785,0.3401875));
#6137=CARTESIAN_POINT('',(-0.0433197640478403,-0.00694203821894785,0.33875));
#6138=CARTESIAN_POINT('',(-0.0433197640478403,-0.00694203821894785,0.33875));
#6139=CARTESIAN_POINT('',(-0.0424898230358803,-0.00694203821894785,0.3401875));
#6140=CARTESIAN_POINT('',(-0.0424898230358803,-0.00694203821894785,0.3373125));
#6141=CARTESIAN_POINT('',(-0.0424898230358803,-0.00694203821894785,0.3373125));
#6142=CARTESIAN_POINT('',(0.,-0.00694203821894785,0.30875));
#6143=CARTESIAN_POINT('',(-0.0375101769641197,-0.00694203821894785,0.2773125));
#6144=CARTESIAN_POINT('',(-0.0366802359521595,-0.00694203821894785,0.27875));
#6145=CARTESIAN_POINT('',(-0.0366802359521595,-0.00694203821894785,0.27875));
#6146=CARTESIAN_POINT('',(-0.0375101769641197,-0.00694203821894785,0.2773125));
#6147=CARTESIAN_POINT('',(-0.0383401179760798,-0.00694203821894785,0.275875));
#6148=CARTESIAN_POINT('',(-0.0383401179760798,-0.00694203821894785,0.275875));
#6149=CARTESIAN_POINT('',(-0.0375101769641196,-0.00694203821894785,0.2801875));
#6150=CARTESIAN_POINT('',(-0.0383401179760798,-0.00694203821894785,0.281625));
#6151=CARTESIAN_POINT('',(-0.0383401179760798,-0.00694203821894785,0.281625));
#6152=CARTESIAN_POINT('',(-0.0375101769641196,-0.00694203821894785,0.2801875));
#6153=CARTESIAN_POINT('',(-0.04,-0.00694203821894785,0.281625));
#6154=CARTESIAN_POINT('',(-0.0416598820239202,-0.00694203821894785,0.281625));
#6155=CARTESIAN_POINT('',(-0.0416598820239202,-0.00694203821894785,0.281625));
#6156=CARTESIAN_POINT('',(-0.04,-0.00694203821894785,0.281625));
#6157=CARTESIAN_POINT('',(-0.0424898230358803,-0.00694203821894785,0.2801875));
#6158=CARTESIAN_POINT('',(-0.0433197640478403,-0.00694203821894785,0.27875));
#6159=CARTESIAN_POINT('',(-0.0433197640478403,-0.00694203821894785,0.27875));
#6160=CARTESIAN_POINT('',(-0.0424898230358803,-0.00694203821894785,0.2801875));
#6161=CARTESIAN_POINT('',(-0.0424898230358803,-0.00694203821894785,0.2773125));
#6162=CARTESIAN_POINT('',(-0.0416598820239202,-0.00694203821894785,0.275875));
#6163=CARTESIAN_POINT('',(-0.0416598820239202,-0.00694203821894785,0.275875));
#6164=CARTESIAN_POINT('',(-0.0424898230358803,-0.00694203821894785,0.2773125));
#6165=CARTESIAN_POINT('',(-0.04,-0.00694203821894785,0.275875));
#6166=CARTESIAN_POINT('',(-0.04,-0.00694203821894785,0.275875));
#6167=CARTESIAN_POINT('',(0.,-0.00694203821894785,0.30875));
#6168=CARTESIAN_POINT('',(0.0375101769641197,-0.00694203821894785,0.2801875));
#6169=CARTESIAN_POINT('',(0.0366802359521596,-0.00694203821894785,0.27875));
#6170=CARTESIAN_POINT('',(0.0366802359521596,-0.00694203821894785,0.27875));
#6171=CARTESIAN_POINT('',(0.0375101769641197,-0.00694203821894785,0.2801875));
#6172=CARTESIAN_POINT('',(0.0383401179760798,-0.00694203821894785,0.281625));
#6173=CARTESIAN_POINT('',(0.0383401179760798,-0.00694203821894785,0.281625));
#6174=CARTESIAN_POINT('',(0.0375101769641197,-0.00694203821894785,0.2773125));
#6175=CARTESIAN_POINT('',(0.0383401179760798,-0.00694203821894785,0.275875));
#6176=CARTESIAN_POINT('',(0.0383401179760798,-0.00694203821894785,0.275875));
#6177=CARTESIAN_POINT('',(0.0375101769641197,-0.00694203821894785,0.2773125));
#6178=CARTESIAN_POINT('',(0.04,-0.00694203821894785,0.275875));
#6179=CARTESIAN_POINT('',(0.0416598820239202,-0.00694203821894785,0.275875));
#6180=CARTESIAN_POINT('',(0.0416598820239202,-0.00694203821894785,0.275875));
#6181=CARTESIAN_POINT('',(0.04,-0.00694203821894785,0.275875));
#6182=CARTESIAN_POINT('',(0.0424898230358802,-0.00694203821894785,0.2773125));
#6183=CARTESIAN_POINT('',(0.0433197640478403,-0.00694203821894785,0.27875));
#6184=CARTESIAN_POINT('',(0.0433197640478403,-0.00694203821894785,0.27875));
#6185=CARTESIAN_POINT('',(0.0424898230358802,-0.00694203821894785,0.2773125));
#6186=CARTESIAN_POINT('',(0.0424898230358803,-0.00694203821894785,0.2801875));
#6187=CARTESIAN_POINT('',(0.0416598820239201,-0.00694203821894785,0.281625));
#6188=CARTESIAN_POINT('',(0.0416598820239201,-0.00694203821894785,0.281625));
#6189=CARTESIAN_POINT('',(0.0424898230358803,-0.00694203821894785,0.2801875));
#6190=CARTESIAN_POINT('',(0.04,-0.00694203821894785,0.281625));
#6191=CARTESIAN_POINT('',(0.04,-0.00694203821894785,0.281625));
#6192=CARTESIAN_POINT('',(0.,-0.00694203821894785,0.30875));
#6193=CARTESIAN_POINT('',(0.0375101769641197,-0.00694203821894785,0.3401875));
#6194=CARTESIAN_POINT('',(0.0366802359521596,-0.00694203821894785,0.33875));
#6195=CARTESIAN_POINT('',(0.0366802359521596,-0.00694203821894785,0.33875));
#6196=CARTESIAN_POINT('',(0.0375101769641197,-0.00694203821894785,0.3401875));
#6197=CARTESIAN_POINT('',(0.0383401179760798,-0.00694203821894785,0.341625));
#6198=CARTESIAN_POINT('',(0.0383401179760798,-0.00694203821894785,0.341625));
#6199=CARTESIAN_POINT('',(0.0375101769641197,-0.00694203821894785,0.3373125));
#6200=CARTESIAN_POINT('',(0.0383401179760798,-0.00694203821894785,0.335875));
#6201=CARTESIAN_POINT('',(0.0383401179760798,-0.00694203821894785,0.335875));
#6202=CARTESIAN_POINT('',(0.0375101769641197,-0.00694203821894785,0.3373125));
#6203=CARTESIAN_POINT('',(0.04,-0.00694203821894785,0.335875));
#6204=CARTESIAN_POINT('',(0.0416598820239202,-0.00694203821894785,0.335875));
#6205=CARTESIAN_POINT('',(0.0416598820239202,-0.00694203821894785,0.335875));
#6206=CARTESIAN_POINT('',(0.04,-0.00694203821894785,0.335875));
#6207=CARTESIAN_POINT('',(0.0424898230358803,-0.00694203821894785,0.3373125));
#6208=CARTESIAN_POINT('',(0.0433197640478403,-0.00694203821894785,0.33875));
#6209=CARTESIAN_POINT('',(0.0433197640478403,-0.00694203821894785,0.33875));
#6210=CARTESIAN_POINT('',(0.0424898230358803,-0.00694203821894785,0.3373125));
#6211=CARTESIAN_POINT('',(0.0424898230358802,-0.00694203821894785,0.3401875));
#6212=CARTESIAN_POINT('',(0.0416598820239202,-0.00694203821894785,0.341625));
#6213=CARTESIAN_POINT('',(0.0416598820239202,-0.00694203821894785,0.341625));
#6214=CARTESIAN_POINT('',(0.0424898230358802,-0.00694203821894785,0.3401875));
#6215=CARTESIAN_POINT('',(0.04,-0.00694203821894785,0.341625));
#6216=CARTESIAN_POINT('',(0.04,-0.00694203821894785,0.341625));
#6217=CARTESIAN_POINT('',(0.,-0.00694203821894785,0.30875));
#6218=CARTESIAN_POINT('',(-0.0095,0.00130796178105215,0.31825));
#6219=CARTESIAN_POINT('',(-0.0095,0.00130796178105215,0.29925));
#6220=CARTESIAN_POINT('',(0.0095,0.00160796178105215,0.31825));
#6221=CARTESIAN_POINT('',(0.0095,0.00160796178105215,0.29925));
#6222=CARTESIAN_POINT('',(0.015,-0.0183920382189478,0.285));
#6223=CARTESIAN_POINT('',(0.0055,-0.00889203821894785,0.27625));
#6224=CARTESIAN_POINT('',(0.0055,-0.00889203821894785,0.34125));
#6225=CARTESIAN_POINT('',(0.022,-0.0193920382189478,0.285));
#6226=CARTESIAN_POINT('',(0.0135,-0.0278920382189479,0.27625));
#6227=CARTESIAN_POINT('',(0.0135,-0.0278920382189479,0.34125));
#6228=CARTESIAN_POINT('',(-0.023,-0.0183920382189478,0.285));
#6229=CARTESIAN_POINT('',(-0.0135,-0.0278920382189479,0.27625));
#6230=CARTESIAN_POINT('',(-0.0135,-0.0278920382189479,0.34125));
#6231=CARTESIAN_POINT('',(-0.016,-0.0193920382189478,0.285));
#6232=CARTESIAN_POINT('',(-0.0055,-0.00889203821894785,0.27625));
#6233=CARTESIAN_POINT('',(-0.0055,-0.00889203821894785,0.34125));
#6234=CARTESIAN_POINT('',(-0.04,-0.00839203821894785,0.27875));
#6235=CARTESIAN_POINT('',(-0.04,-0.00839203821894785,0.27475));
#6236=CARTESIAN_POINT('',(-0.044,-0.00839203821894785,0.27875));
#6237=CARTESIAN_POINT('',(-0.044,-0.00839203821894785,0.159072059740429));
#6238=CARTESIAN_POINT('',(-0.044,-0.00839203821894785,0.33875));
#6239=CARTESIAN_POINT('',(0.02,-0.00839203821894785,0.27475));
#6240=CARTESIAN_POINT('',(0.04,-0.00839203821894785,0.27475));
#6241=CARTESIAN_POINT('',(-0.04,-0.00839203821894785,0.33875));
#6242=CARTESIAN_POINT('',(-0.04,-0.00839203821894785,0.34275));
#6243=CARTESIAN_POINT('',(0.04,-0.00839203821894785,0.27875));
#6244=CARTESIAN_POINT('',(0.044,-0.00839203821894785,0.27875));
#6245=CARTESIAN_POINT('',(0.011,-0.00839203821894785,0.34275));
#6246=CARTESIAN_POINT('',(0.04,-0.00839203821894785,0.34275));
#6247=CARTESIAN_POINT('',(0.044,-0.00839203821894785,0.29145));
#6248=CARTESIAN_POINT('',(0.044,-0.00839203821894785,0.33875));
#6249=CARTESIAN_POINT('',(0.04,-0.00839203821894785,0.33875));
#6250=CARTESIAN_POINT('',(-0.014,-0.0103920382189478,0.159072059740429));
#6251=CARTESIAN_POINT('',(-0.024,-0.0103920382189478,0.159072059740429));
#6252=CARTESIAN_POINT('',(0.014,-0.0103920382189478,0.285));
#6253=CARTESIAN_POINT('',(0.024,-0.0103920382189478,0.285));
#6254=CARTESIAN_POINT('',(-0.0345,0.00160796178105215,0.27875));
#6255=CARTESIAN_POINT('',(-0.0455,0.00160796178105215,0.27875));
#6256=CARTESIAN_POINT('',(0.0345,0.00160796178105215,0.27875));
#6257=CARTESIAN_POINT('',(0.0455,0.00160796178105215,0.27875));
#6258=CARTESIAN_POINT('',(0.0455,0.00160796178105215,0.33875));
#6259=CARTESIAN_POINT('',(0.0345,0.00160796178105215,0.33875));
#6260=CARTESIAN_POINT('',(-0.0345,0.00160796178105215,0.33875));
#6261=CARTESIAN_POINT('',(-0.0455,0.00160796178105215,0.33875));
#6262=CARTESIAN_POINT('',(0.,-0.0143920382189478,0.27625));
#6263=CARTESIAN_POINT('',(0.0197,-0.0140920366094738,0.27625));
#6264=CARTESIAN_POINT('',(0.0197,-0.0156420366094738,0.27625));
#6265=CARTESIAN_POINT('',(0.,-0.0143920382189478,0.27875));
#6266=CARTESIAN_POINT('',(0.,-0.0143920382189478,0.27875));
#6267=CARTESIAN_POINT('',(0.,-0.0143920382189478,0.27625));
#6268=CARTESIAN_POINT('',(-0.0197,-0.0140920366094738,0.27625));
#6269=CARTESIAN_POINT('',(-0.0197,-0.0125420366094738,0.27625));
#6270=CARTESIAN_POINT('',(-0.0197,-0.0140920366094738,0.285));
#6271=CARTESIAN_POINT('',(-0.0197,-0.0140920366094738,0.34125));
#6272=CARTESIAN_POINT('',(-0.0197,-0.0125420366094738,0.34125));
#6273=CARTESIAN_POINT('',(0.,-0.0143920382189478,0.34125));
#6274=CARTESIAN_POINT('',(0.0197,-0.0140920366094738,0.34125));
#6275=CARTESIAN_POINT('',(0.0197,-0.0156420366094738,0.34125));
#6276=CARTESIAN_POINT('',(0.,-0.0143920382189478,0.33875));
#6277=CARTESIAN_POINT('',(0.,-0.0143920382189478,0.33875));
#6278=CARTESIAN_POINT('',(0.,-0.0143920382189478,0.34125));
#6279=CARTESIAN_POINT('',(0.0197,-0.0140920366094738,0.285));
#6280=CARTESIAN_POINT('',(-0.031,0.0127599625,0.31635));
#6281=CARTESIAN_POINT('',(-0.031,0.00160796178105215,0.30115));
#6282=CARTESIAN_POINT('',(0.031,0.00160796178105215,0.30115));
#6283=CARTESIAN_POINT('',(0.031,0.0127599625,0.31635));
#6284=MECHANICAL_DESIGN_GEOMETRIC_PRESENTATION_REPRESENTATION('',(#3713),
#6285);
#6285=(
GEOMETRIC_REPRESENTATION_CONTEXT(3)
GLOBAL_UNCERTAINTY_ASSIGNED_CONTEXT((#6286))
GLOBAL_UNIT_ASSIGNED_CONTEXT((#6289,#6288,#6287))
REPRESENTATION_CONTEXT('XY Bottom Clam','TOP_LEVEL_ASSEMBLY_PART')
);
#6286=UNCERTAINTY_MEASURE_WITH_UNIT(LENGTH_MEASURE(1.E-8),#6289,
'DISTANCE_ACCURACY_VALUE','Maximum Tolerance applied to model');
#6287=(
NAMED_UNIT(*)
SI_UNIT($,.STERADIAN.)
SOLID_ANGLE_UNIT()
);
#6288=(
NAMED_UNIT(*)
PLANE_ANGLE_UNIT()
SI_UNIT($,.RADIAN.)
);
#6289=(
LENGTH_UNIT()
NAMED_UNIT(*)
SI_UNIT($,.METRE.)
);
#6290=PRODUCT_DEFINITION_SHAPE('','',#6291);
#6291=PRODUCT_DEFINITION('','',#6293,#6292);
#6292=PRODUCT_DEFINITION_CONTEXT('',#6299,'design');
#6293=PRODUCT_DEFINITION_FORMATION_WITH_SPECIFIED_SOURCE('','',#6295,
 .NOT_KNOWN.);
#6294=PRODUCT_RELATED_PRODUCT_CATEGORY('','',(#6295));
#6295=PRODUCT('XY Bottom Clam','XY Bottom Clam','XY Bottom Clam',(#6297));
#6296=PRODUCT_CATEGORY('','');
#6297=PRODUCT_CONTEXT('',#6299,'mechanical');
#6298=APPLICATION_PROTOCOL_DEFINITION('international standard',
'ap242_managed_model_based_3d_engineering',2020,#6299);
#6299=APPLICATION_CONTEXT('managed model based 3d engineering');
ENDSEC;
END-ISO-10303-21;
