ISO-10303-21;
HEADER;
/* Generated by software containing ST-Developer
 * from STEP Tools, Inc. (www.steptools.com) 
 */
/* OPTION: using custom renumber hook */

FILE_DESCRIPTION(
/* description */ ('STEP AP242 Edition 2',
'CAx-IF Rec.Pracs.---Representation and Presentation of Product Manufa
cturing Information (PMI)---4.0---2014-10-13',
'CAx-IF Rec.Pracs.---3D Tessellated Geometry---0.4---2014-09-14','2;1',
'CAx-IF Rec.Pracs.---User Defined Attributes---1.5---2016-08-15'),
/* implementation_level */ '2;1');

FILE_NAME(
/* name */ 'Plot Platter Part Studio - End Plate',
/* time_stamp */ '2026-08-02T03:39:59Z',
/* author */ (''),
/* organization */ (''),
/* preprocessor_version */ 'ST-DEVELOPER v20',
/* originating_system */ 'ONSHAPE BY PTC INC, 1.218',
/* authorisation */ '  ');

FILE_SCHEMA (('AP242_MANAGED_MODEL_BASED_3D_ENGINEERING_MIM_LF { 1 0 10303 442 3 1 4 }'));
ENDSEC;

DATA;
#10=SHAPE_REPRESENTATION_RELATIONSHIP('','',#2940,#11);
#11=ADVANCED_BREP_SHAPE_REPRESENTATION('',(#2938),#5144);
#12=TOROIDAL_SURFACE('',#3057,0.002,0.001);
#13=TOROIDAL_SURFACE('',#3061,0.002,0.001);
#14=TOROIDAL_SURFACE('',#3065,0.004,0.001);
#15=TOROIDAL_SURFACE('',#3069,0.002,0.001);
#16=TOROIDAL_SURFACE('',#3073,0.002,0.001);
#17=TOROIDAL_SURFACE('',#3077,0.002,0.001);
#18=TOROIDAL_SURFACE('',#3081,0.002,0.001);
#19=TOROIDAL_SURFACE('',#3085,0.004,0.001);
#20=TOROIDAL_SURFACE('',#3089,0.002,0.001);
#21=TOROIDAL_SURFACE('',#3093,0.002,0.001);
#22=TOROIDAL_SURFACE('',#3098,0.002,0.001);
#23=TOROIDAL_SURFACE('',#3102,0.002,0.001);
#24=TOROIDAL_SURFACE('',#3106,0.004,0.001);
#25=TOROIDAL_SURFACE('',#3110,0.002,0.001);
#26=TOROIDAL_SURFACE('',#3114,0.002,0.001);
#27=TOROIDAL_SURFACE('',#3115,0.002,0.001);
#28=TOROIDAL_SURFACE('',#3119,0.002,0.001);
#29=TOROIDAL_SURFACE('',#3123,0.004,0.001);
#30=TOROIDAL_SURFACE('',#3127,0.002,0.001);
#31=TOROIDAL_SURFACE('',#3131,0.002,0.001);
#32=TOROIDAL_SURFACE('',#3241,0.002,0.001);
#33=TOROIDAL_SURFACE('',#3245,0.002,0.001);
#34=TOROIDAL_SURFACE('',#3249,0.004,0.001);
#35=TOROIDAL_SURFACE('',#3253,0.002,0.001);
#36=TOROIDAL_SURFACE('',#3257,0.002,0.001);
#37=TOROIDAL_SURFACE('',#3261,0.002,0.001);
#38=TOROIDAL_SURFACE('',#3265,0.002,0.001);
#39=TOROIDAL_SURFACE('',#3269,0.004,0.001);
#40=TOROIDAL_SURFACE('',#3273,0.002,0.001);
#41=TOROIDAL_SURFACE('',#3277,0.002,0.001);
#42=TOROIDAL_SURFACE('',#3279,0.002,0.001);
#43=TOROIDAL_SURFACE('',#3283,0.002,0.001);
#44=TOROIDAL_SURFACE('',#3287,0.004,0.001);
#45=TOROIDAL_SURFACE('',#3291,0.002,0.001);
#46=TOROIDAL_SURFACE('',#3295,0.002,0.001);
#47=TOROIDAL_SURFACE('',#3296,0.002,0.001);
#48=TOROIDAL_SURFACE('',#3300,0.002,0.001);
#49=TOROIDAL_SURFACE('',#3304,0.004,0.001);
#50=TOROIDAL_SURFACE('',#3308,0.002,0.001);
#51=TOROIDAL_SURFACE('',#3312,0.002,0.001);
#52=ELLIPSE('',#2965,0.00141421356237309,0.001);
#53=ELLIPSE('',#2968,0.00141421356237309,0.001);
#54=ELLIPSE('',#2971,0.00141421356237309,0.001);
#55=ELLIPSE('',#2975,0.00141421356237309,0.001);
#56=ELLIPSE('',#3051,0.00230940107675851,0.002);
#57=ELLIPSE('',#3053,0.00230940107675851,0.002);
#58=ELLIPSE('',#3097,0.00141421356237309,0.001);
#59=ELLIPSE('',#3133,0.00141421356237309,0.001);
#60=ELLIPSE('',#3135,0.00282842712474619,0.002);
#61=ELLIPSE('',#3137,0.00282842712474619,0.002);
#62=ELLIPSE('',#3139,0.00282842712474619,0.002);
#63=ELLIPSE('',#3141,0.00282842712474619,0.002);
#64=ELLIPSE('',#3144,0.00282842712474619,0.002);
#65=ELLIPSE('',#3145,0.00282842712474619,0.002);
#66=ELLIPSE('',#3147,0.00282842712474619,0.002);
#67=ELLIPSE('',#3149,0.00282842712474619,0.002);
#68=ELLIPSE('',#3157,0.00141421356237309,0.001);
#69=ELLIPSE('',#3159,0.00141421356237309,0.001);
#70=ELLIPSE('',#3161,0.00141421356237309,0.001);
#71=ELLIPSE('',#3163,0.00141421356237309,0.001);
#72=ELLIPSE('',#3165,0.00141421356237309,0.001);
#73=ELLIPSE('',#3167,0.00141421356237309,0.001);
#74=CYLINDRICAL_SURFACE('',#2964,0.001);
#75=CYLINDRICAL_SURFACE('',#2967,0.001);
#76=CYLINDRICAL_SURFACE('',#2970,0.001);
#77=CYLINDRICAL_SURFACE('',#2974,0.001);
#78=CYLINDRICAL_SURFACE('',#3017,0.003);
#79=CYLINDRICAL_SURFACE('',#3020,0.003);
#80=CYLINDRICAL_SURFACE('',#3023,0.003);
#81=CYLINDRICAL_SURFACE('',#3026,0.003);
#82=CYLINDRICAL_SURFACE('',#3029,0.003);
#83=CYLINDRICAL_SURFACE('',#3032,0.003);
#84=CYLINDRICAL_SURFACE('',#3035,0.003);
#85=CYLINDRICAL_SURFACE('',#3038,0.003);
#86=CYLINDRICAL_SURFACE('',#3041,0.003);
#87=CYLINDRICAL_SURFACE('',#3044,0.003);
#88=CYLINDRICAL_SURFACE('',#3055,0.001);
#89=CYLINDRICAL_SURFACE('',#3059,0.001);
#90=CYLINDRICAL_SURFACE('',#3063,0.001);
#91=CYLINDRICAL_SURFACE('',#3067,0.001);
#92=CYLINDRICAL_SURFACE('',#3071,0.001);
#93=CYLINDRICAL_SURFACE('',#3075,0.001);
#94=CYLINDRICAL_SURFACE('',#3079,0.001);
#95=CYLINDRICAL_SURFACE('',#3083,0.001);
#96=CYLINDRICAL_SURFACE('',#3087,0.001);
#97=CYLINDRICAL_SURFACE('',#3091,0.001);
#98=CYLINDRICAL_SURFACE('',#3095,0.001);
#99=CYLINDRICAL_SURFACE('',#3096,0.001);
#100=CYLINDRICAL_SURFACE('',#3100,0.001);
#101=CYLINDRICAL_SURFACE('',#3104,0.001);
#102=CYLINDRICAL_SURFACE('',#3108,0.001);
#103=CYLINDRICAL_SURFACE('',#3112,0.001);
#104=CYLINDRICAL_SURFACE('',#3117,0.001);
#105=CYLINDRICAL_SURFACE('',#3121,0.001);
#106=CYLINDRICAL_SURFACE('',#3125,0.001);
#107=CYLINDRICAL_SURFACE('',#3129,0.001);
#108=CYLINDRICAL_SURFACE('',#3132,0.001);
#109=CYLINDRICAL_SURFACE('',#3134,0.002);
#110=CYLINDRICAL_SURFACE('',#3136,0.002);
#111=CYLINDRICAL_SURFACE('',#3138,0.002);
#112=CYLINDRICAL_SURFACE('',#3140,0.002);
#113=CYLINDRICAL_SURFACE('',#3142,0.002);
#114=CYLINDRICAL_SURFACE('',#3143,0.002);
#115=CYLINDRICAL_SURFACE('',#3146,0.002);
#116=CYLINDRICAL_SURFACE('',#3148,0.002);
#117=CYLINDRICAL_SURFACE('',#3150,0.002);
#118=CYLINDRICAL_SURFACE('',#3151,0.00175);
#119=CYLINDRICAL_SURFACE('',#3152,0.00175);
#120=CYLINDRICAL_SURFACE('',#3153,0.00175);
#121=CYLINDRICAL_SURFACE('',#3154,0.00175);
#122=CYLINDRICAL_SURFACE('',#3155,0.012);
#123=CYLINDRICAL_SURFACE('',#3156,0.001);
#124=CYLINDRICAL_SURFACE('',#3158,0.001);
#125=CYLINDRICAL_SURFACE('',#3160,0.001);
#126=CYLINDRICAL_SURFACE('',#3162,0.001);
#127=CYLINDRICAL_SURFACE('',#3164,0.001);
#128=CYLINDRICAL_SURFACE('',#3166,0.001);
#129=CYLINDRICAL_SURFACE('',#3180,0.001);
#130=CYLINDRICAL_SURFACE('',#3182,0.001);
#131=CYLINDRICAL_SURFACE('',#3184,0.001);
#132=CYLINDRICAL_SURFACE('',#3187,0.001);
#133=CYLINDRICAL_SURFACE('',#3208,0.003);
#134=CYLINDRICAL_SURFACE('',#3211,0.003);
#135=CYLINDRICAL_SURFACE('',#3214,0.003);
#136=CYLINDRICAL_SURFACE('',#3217,0.003);
#137=CYLINDRICAL_SURFACE('',#3220,0.003);
#138=CYLINDRICAL_SURFACE('',#3223,0.003);
#139=CYLINDRICAL_SURFACE('',#3226,0.003);
#140=CYLINDRICAL_SURFACE('',#3229,0.003);
#141=CYLINDRICAL_SURFACE('',#3232,0.003);
#142=CYLINDRICAL_SURFACE('',#3235,0.003);
#143=CYLINDRICAL_SURFACE('',#3238,0.001);
#144=CYLINDRICAL_SURFACE('',#3243,0.001);
#145=CYLINDRICAL_SURFACE('',#3247,0.001);
#146=CYLINDRICAL_SURFACE('',#3251,0.001);
#147=CYLINDRICAL_SURFACE('',#3255,0.001);
#148=CYLINDRICAL_SURFACE('',#3259,0.001);
#149=CYLINDRICAL_SURFACE('',#3263,0.001);
#150=CYLINDRICAL_SURFACE('',#3267,0.001);
#151=CYLINDRICAL_SURFACE('',#3271,0.001);
#152=CYLINDRICAL_SURFACE('',#3275,0.001);
#153=CYLINDRICAL_SURFACE('',#3278,0.001);
#154=CYLINDRICAL_SURFACE('',#3281,0.001);
#155=CYLINDRICAL_SURFACE('',#3285,0.001);
#156=CYLINDRICAL_SURFACE('',#3289,0.001);
#157=CYLINDRICAL_SURFACE('',#3293,0.001);
#158=CYLINDRICAL_SURFACE('',#3298,0.001);
#159=CYLINDRICAL_SURFACE('',#3302,0.001);
#160=CYLINDRICAL_SURFACE('',#3306,0.001);
#161=CYLINDRICAL_SURFACE('',#3310,0.001);
#162=LINE('',#4298,#391);
#163=LINE('',#4301,#392);
#164=LINE('',#4303,#393);
#165=LINE('',#4305,#394);
#166=LINE('',#4307,#395);
#167=LINE('',#4310,#396);
#168=LINE('',#4311,#397);
#169=LINE('',#4313,#398);
#170=LINE('',#4316,#399);
#171=LINE('',#4318,#400);
#172=LINE('',#4320,#401);
#173=LINE('',#4322,#402);
#174=LINE('',#4324,#403);
#175=LINE('',#4326,#404);
#176=LINE('',#4328,#405);
#177=LINE('',#4331,#406);
#178=LINE('',#4333,#407);
#179=LINE('',#4335,#408);
#180=LINE('',#4337,#409);
#181=LINE('',#4339,#410);
#182=LINE('',#4343,#411);
#183=LINE('',#4347,#412);
#184=LINE('',#4351,#413);
#185=LINE('',#4355,#414);
#186=LINE('',#4359,#415);
#187=LINE('',#4363,#416);
#188=LINE('',#4367,#417);
#189=LINE('',#4371,#418);
#190=LINE('',#4375,#419);
#191=LINE('',#4379,#420);
#192=LINE('',#4381,#421);
#193=LINE('',#4389,#422);
#194=LINE('',#4395,#423);
#195=LINE('',#4399,#424);
#196=LINE('',#4401,#425);
#197=LINE('',#4403,#426);
#198=LINE('',#4405,#427);
#199=LINE('',#4407,#428);
#200=LINE('',#4409,#429);
#201=LINE('',#4411,#430);
#202=LINE('',#4413,#431);
#203=LINE('',#4415,#432);
#204=LINE('',#4417,#433);
#205=LINE('',#4419,#434);
#206=LINE('',#4421,#435);
#207=LINE('',#4423,#436);
#208=LINE('',#4425,#437);
#209=LINE('',#4427,#438);
#210=LINE('',#4429,#439);
#211=LINE('',#4431,#440);
#212=LINE('',#4433,#441);
#213=LINE('',#4435,#442);
#214=LINE('',#4437,#443);
#215=LINE('',#4443,#444);
#216=LINE('',#4445,#445);
#217=LINE('',#4447,#446);
#218=LINE('',#4448,#447);
#219=LINE('',#4450,#448);
#220=LINE('',#4452,#449);
#221=LINE('',#4454,#450);
#222=LINE('',#4457,#451);
#223=LINE('',#4459,#452);
#224=LINE('',#4461,#453);
#225=LINE('',#4463,#454);
#226=LINE('',#4465,#455);
#227=LINE('',#4467,#456);
#228=LINE('',#4469,#457);
#229=LINE('',#4471,#458);
#230=LINE('',#4474,#459);
#231=LINE('',#4476,#460);
#232=LINE('',#4478,#461);
#233=LINE('',#4480,#462);
#234=LINE('',#4483,#463);
#235=LINE('',#4485,#464);
#236=LINE('',#4487,#465);
#237=LINE('',#4489,#466);
#238=LINE('',#4492,#467);
#239=LINE('',#4494,#468);
#240=LINE('',#4496,#469);
#241=LINE('',#4498,#470);
#242=LINE('',#4501,#471);
#243=LINE('',#4503,#472);
#244=LINE('',#4505,#473);
#245=LINE('',#4507,#474);
#246=LINE('',#4512,#475);
#247=LINE('',#4515,#476);
#248=LINE('',#4517,#477);
#249=LINE('',#4519,#478);
#250=LINE('',#4521,#479);
#251=LINE('',#4523,#480);
#252=LINE('',#4525,#481);
#253=LINE('',#4527,#482);
#254=LINE('',#4529,#483);
#255=LINE('',#4531,#484);
#256=LINE('',#4533,#485);
#257=LINE('',#4535,#486);
#258=LINE('',#4537,#487);
#259=LINE('',#4539,#488);
#260=LINE('',#4544,#489);
#261=LINE('',#4547,#490);
#262=LINE('',#4550,#491);
#263=LINE('',#4552,#492);
#264=LINE('',#4554,#493);
#265=LINE('',#4556,#494);
#266=LINE('',#4558,#495);
#267=LINE('',#4559,#496);
#268=LINE('',#4561,#497);
#269=LINE('',#4562,#498);
#270=LINE('',#4564,#499);
#271=LINE('',#4566,#500);
#272=LINE('',#4568,#501);
#273=LINE('',#4570,#502);
#274=LINE('',#4572,#503);
#275=LINE('',#4574,#504);
#276=LINE('',#4575,#505);
#277=LINE('',#4577,#506);
#278=LINE('',#4578,#507);
#279=LINE('',#4580,#508);
#280=LINE('',#4582,#509);
#281=LINE('',#4584,#510);
#282=LINE('',#4587,#511);
#283=LINE('',#4589,#512);
#284=LINE('',#4591,#513);
#285=LINE('',#4593,#514);
#286=LINE('',#4596,#515);
#287=LINE('',#4598,#516);
#288=LINE('',#4600,#517);
#289=LINE('',#4602,#518);
#290=LINE('',#4605,#519);
#291=LINE('',#4607,#520);
#292=LINE('',#4609,#521);
#293=LINE('',#4611,#522);
#294=LINE('',#4614,#523);
#295=LINE('',#4616,#524);
#296=LINE('',#4618,#525);
#297=LINE('',#4620,#526);
#298=LINE('',#4622,#527);
#299=LINE('',#4624,#528);
#300=LINE('',#4626,#529);
#301=LINE('',#4628,#530);
#302=LINE('',#4630,#531);
#303=LINE('',#4632,#532);
#304=LINE('',#4633,#533);
#305=LINE('',#4635,#534);
#306=LINE('',#4637,#535);
#307=LINE('',#4649,#536);
#308=LINE('',#4652,#537);
#309=LINE('',#4654,#538);
#310=LINE('',#4656,#539);
#311=LINE('',#4660,#540);
#312=LINE('',#4661,#541);
#313=LINE('',#4665,#542);
#314=LINE('',#4669,#543);
#315=LINE('',#4673,#544);
#316=LINE('',#4677,#545);
#317=LINE('',#4681,#546);
#318=LINE('',#4685,#547);
#319=LINE('',#4689,#548);
#320=LINE('',#4693,#549);
#321=LINE('',#4697,#550);
#322=LINE('',#4729,#551);
#323=LINE('',#4732,#552);
#324=LINE('',#4734,#553);
#325=LINE('',#4736,#554);
#326=LINE('',#4738,#555);
#327=LINE('',#4739,#556);
#328=LINE('',#4741,#557);
#329=LINE('',#4742,#558);
#330=LINE('',#4745,#559);
#331=LINE('',#4748,#560);
#332=LINE('',#4864,#561);
#333=LINE('',#4868,#562);
#334=LINE('',#4872,#563);
#335=LINE('',#4876,#564);
#336=LINE('',#4880,#565);
#337=LINE('',#4884,#566);
#338=LINE('',#4886,#567);
#339=LINE('',#4890,#568);
#340=LINE('',#4894,#569);
#341=LINE('',#4898,#570);
#342=LINE('',#4902,#571);
#343=LINE('',#4906,#572);
#344=LINE('',#4914,#573);
#345=LINE('',#4916,#574);
#346=LINE('',#4918,#575);
#347=LINE('',#4922,#576);
#348=LINE('',#4925,#577);
#349=LINE('',#4927,#578);
#350=LINE('',#4929,#579);
#351=LINE('',#4931,#580);
#352=LINE('',#4934,#581);
#353=LINE('',#4936,#582);
#354=LINE('',#4938,#583);
#355=LINE('',#4940,#584);
#356=LINE('',#4943,#585);
#357=LINE('',#4945,#586);
#358=LINE('',#4947,#587);
#359=LINE('',#4949,#588);
#360=LINE('',#4952,#589);
#361=LINE('',#4954,#590);
#362=LINE('',#4956,#591);
#363=LINE('',#4958,#592);
#364=LINE('',#4961,#593);
#365=LINE('',#4963,#594);
#366=LINE('',#4965,#595);
#367=LINE('',#4967,#596);
#368=LINE('',#4970,#597);
#369=LINE('',#4972,#598);
#370=LINE('',#4974,#599);
#371=LINE('',#4976,#600);
#372=LINE('',#4979,#601);
#373=LINE('',#4981,#602);
#374=LINE('',#4983,#603);
#375=LINE('',#4985,#604);
#376=LINE('',#4988,#605);
#377=LINE('',#4990,#606);
#378=LINE('',#4992,#607);
#379=LINE('',#4994,#608);
#380=LINE('',#4997,#609);
#381=LINE('',#4999,#610);
#382=LINE('',#5003,#611);
#383=LINE('',#5007,#612);
#384=LINE('',#5011,#613);
#385=LINE('',#5015,#614);
#386=LINE('',#5019,#615);
#387=LINE('',#5023,#616);
#388=LINE('',#5027,#617);
#389=LINE('',#5031,#618);
#390=LINE('',#5035,#619);
#391=VECTOR('',#3327,1.);
#392=VECTOR('',#3328,1.);
#393=VECTOR('',#3329,1.);
#394=VECTOR('',#3330,1.);
#395=VECTOR('',#3333,1.);
#396=VECTOR('',#3334,1.);
#397=VECTOR('',#3335,1.);
#398=VECTOR('',#3338,1.);
#399=VECTOR('',#3339,1.);
#400=VECTOR('',#3340,1.);
#401=VECTOR('',#3341,1.);
#402=VECTOR('',#3344,1.);
#403=VECTOR('',#3345,1.);
#404=VECTOR('',#3346,1.);
#405=VECTOR('',#3349,1.);
#406=VECTOR('',#3350,1.);
#407=VECTOR('',#3351,1.);
#408=VECTOR('',#3352,1.);
#409=VECTOR('',#3355,1.);
#410=VECTOR('',#3356,1.);
#411=VECTOR('',#3359,1.);
#412=VECTOR('',#3362,1.);
#413=VECTOR('',#3365,1.);
#414=VECTOR('',#3368,1.);
#415=VECTOR('',#3373,1.);
#416=VECTOR('',#3376,1.);
#417=VECTOR('',#3379,1.);
#418=VECTOR('',#3382,1.);
#419=VECTOR('',#3385,1.);
#420=VECTOR('',#3388,1.);
#421=VECTOR('',#3391,1.);
#422=VECTOR('',#3400,1.);
#423=VECTOR('',#3407,1.);
#424=VECTOR('',#3412,1.);
#425=VECTOR('',#3413,1.);
#426=VECTOR('',#3414,1.);
#427=VECTOR('',#3415,1.);
#428=VECTOR('',#3416,1.);
#429=VECTOR('',#3417,1.);
#430=VECTOR('',#3418,1.);
#431=VECTOR('',#3419,1.);
#432=VECTOR('',#3420,1.);
#433=VECTOR('',#3421,1.);
#434=VECTOR('',#3422,1.);
#435=VECTOR('',#3423,1.);
#436=VECTOR('',#3424,1.);
#437=VECTOR('',#3425,1.);
#438=VECTOR('',#3426,1.);
#439=VECTOR('',#3427,1.);
#440=VECTOR('',#3428,1.);
#441=VECTOR('',#3429,1.);
#442=VECTOR('',#3430,1.);
#443=VECTOR('',#3433,1.);
#444=VECTOR('',#3440,1.);
#445=VECTOR('',#3441,1.);
#446=VECTOR('',#3442,1.);
#447=VECTOR('',#3443,1.);
#448=VECTOR('',#3444,1.);
#449=VECTOR('',#3445,1.);
#450=VECTOR('',#3448,1.);
#451=VECTOR('',#3449,1.);
#452=VECTOR('',#3450,1.);
#453=VECTOR('',#3451,1.);
#454=VECTOR('',#3452,1.);
#455=VECTOR('',#3453,1.);
#456=VECTOR('',#3454,1.);
#457=VECTOR('',#3455,1.);
#458=VECTOR('',#3458,1.);
#459=VECTOR('',#3459,1.);
#460=VECTOR('',#3460,1.);
#461=VECTOR('',#3461,1.);
#462=VECTOR('',#3464,1.);
#463=VECTOR('',#3465,1.);
#464=VECTOR('',#3466,1.);
#465=VECTOR('',#3467,1.);
#466=VECTOR('',#3470,1.);
#467=VECTOR('',#3471,1.);
#468=VECTOR('',#3472,1.);
#469=VECTOR('',#3473,1.);
#470=VECTOR('',#3476,1.);
#471=VECTOR('',#3477,1.);
#472=VECTOR('',#3478,1.);
#473=VECTOR('',#3479,1.);
#474=VECTOR('',#3482,1.);
#475=VECTOR('',#3485,1.);
#476=VECTOR('',#3488,1.);
#477=VECTOR('',#3491,1.);
#478=VECTOR('',#3492,1.);
#479=VECTOR('',#3495,1.);
#480=VECTOR('',#3496,1.);
#481=VECTOR('',#3499,1.);
#482=VECTOR('',#3502,1.);
#483=VECTOR('',#3503,1.);
#484=VECTOR('',#3506,1.);
#485=VECTOR('',#3507,1.);
#486=VECTOR('',#3510,1.);
#487=VECTOR('',#3511,1.);
#488=VECTOR('',#3514,1.);
#489=VECTOR('',#3517,1.);
#490=VECTOR('',#3522,1.);
#491=VECTOR('',#3523,1.);
#492=VECTOR('',#3524,1.);
#493=VECTOR('',#3525,1.);
#494=VECTOR('',#3526,1.);
#495=VECTOR('',#3527,1.);
#496=VECTOR('',#3528,1.);
#497=VECTOR('',#3529,1.);
#498=VECTOR('',#3530,1.);
#499=VECTOR('',#3531,1.);
#500=VECTOR('',#3532,1.);
#501=VECTOR('',#3533,1.);
#502=VECTOR('',#3534,1.);
#503=VECTOR('',#3535,1.);
#504=VECTOR('',#3536,1.);
#505=VECTOR('',#3537,1.);
#506=VECTOR('',#3538,1.);
#507=VECTOR('',#3539,1.);
#508=VECTOR('',#3540,1.);
#509=VECTOR('',#3541,1.);
#510=VECTOR('',#3544,1.);
#511=VECTOR('',#3545,1.);
#512=VECTOR('',#3546,1.);
#513=VECTOR('',#3547,1.);
#514=VECTOR('',#3550,1.);
#515=VECTOR('',#3551,1.);
#516=VECTOR('',#3552,1.);
#517=VECTOR('',#3553,1.);
#518=VECTOR('',#3556,1.);
#519=VECTOR('',#3557,1.);
#520=VECTOR('',#3558,1.);
#521=VECTOR('',#3559,1.);
#522=VECTOR('',#3562,1.);
#523=VECTOR('',#3563,1.);
#524=VECTOR('',#3564,1.);
#525=VECTOR('',#3565,1.);
#526=VECTOR('',#3568,1.);
#527=VECTOR('',#3569,1.);
#528=VECTOR('',#3570,1.);
#529=VECTOR('',#3571,1.);
#530=VECTOR('',#3572,1.);
#531=VECTOR('',#3573,1.);
#532=VECTOR('',#3574,1.);
#533=VECTOR('',#3575,1.);
#534=VECTOR('',#3576,1.);
#535=VECTOR('',#3577,1.);
#536=VECTOR('',#3590,1.);
#537=VECTOR('',#3591,1.);
#538=VECTOR('',#3592,1.);
#539=VECTOR('',#3593,1.);
#540=VECTOR('',#3596,1.);
#541=VECTOR('',#3597,1.);
#542=VECTOR('',#3600,1.);
#543=VECTOR('',#3603,1.);
#544=VECTOR('',#3606,1.);
#545=VECTOR('',#3609,1.);
#546=VECTOR('',#3612,1.);
#547=VECTOR('',#3615,1.);
#548=VECTOR('',#3618,1.);
#549=VECTOR('',#3621,1.);
#550=VECTOR('',#3624,1.);
#551=VECTOR('',#3687,1.);
#552=VECTOR('',#3688,1.);
#553=VECTOR('',#3689,1.);
#554=VECTOR('',#3690,1.);
#555=VECTOR('',#3693,1.);
#556=VECTOR('',#3694,1.);
#557=VECTOR('',#3697,1.);
#558=VECTOR('',#3698,1.);
#559=VECTOR('',#3703,1.);
#560=VECTOR('',#3708,1.);
#561=VECTOR('',#3939,1.);
#562=VECTOR('',#3942,1.);
#563=VECTOR('',#3945,1.);
#564=VECTOR('',#3948,1.);
#565=VECTOR('',#3951,1.);
#566=VECTOR('',#3954,1.);
#567=VECTOR('',#3957,1.);
#568=VECTOR('',#3960,1.);
#569=VECTOR('',#3963,1.);
#570=VECTOR('',#3966,1.);
#571=VECTOR('',#3969,1.);
#572=VECTOR('',#3972,1.);
#573=VECTOR('',#3987,1.);
#574=VECTOR('',#3988,1.);
#575=VECTOR('',#3989,1.);
#576=VECTOR('',#3996,1.);
#577=VECTOR('',#3997,1.);
#578=VECTOR('',#3998,1.);
#579=VECTOR('',#3999,1.);
#580=VECTOR('',#4002,1.);
#581=VECTOR('',#4003,1.);
#582=VECTOR('',#4004,1.);
#583=VECTOR('',#4005,1.);
#584=VECTOR('',#4008,1.);
#585=VECTOR('',#4009,1.);
#586=VECTOR('',#4010,1.);
#587=VECTOR('',#4011,1.);
#588=VECTOR('',#4014,1.);
#589=VECTOR('',#4015,1.);
#590=VECTOR('',#4016,1.);
#591=VECTOR('',#4017,1.);
#592=VECTOR('',#4020,1.);
#593=VECTOR('',#4021,1.);
#594=VECTOR('',#4022,1.);
#595=VECTOR('',#4023,1.);
#596=VECTOR('',#4026,1.);
#597=VECTOR('',#4027,1.);
#598=VECTOR('',#4028,1.);
#599=VECTOR('',#4029,1.);
#600=VECTOR('',#4032,1.);
#601=VECTOR('',#4033,1.);
#602=VECTOR('',#4034,1.);
#603=VECTOR('',#4035,1.);
#604=VECTOR('',#4038,1.);
#605=VECTOR('',#4039,1.);
#606=VECTOR('',#4040,1.);
#607=VECTOR('',#4041,1.);
#608=VECTOR('',#4044,1.);
#609=VECTOR('',#4045,1.);
#610=VECTOR('',#4046,1.);
#611=VECTOR('',#4049,1.);
#612=VECTOR('',#4052,1.);
#613=VECTOR('',#4055,1.);
#614=VECTOR('',#4058,1.);
#615=VECTOR('',#4061,1.);
#616=VECTOR('',#4064,1.);
#617=VECTOR('',#4067,1.);
#618=VECTOR('',#4070,1.);
#619=VECTOR('',#4073,1.);
#620=ORIENTED_EDGE('',*,*,#1470,.T.);
#621=ORIENTED_EDGE('',*,*,#1471,.T.);
#622=ORIENTED_EDGE('',*,*,#1472,.T.);
#623=ORIENTED_EDGE('',*,*,#1473,.T.);
#624=ORIENTED_EDGE('',*,*,#1474,.T.);
#625=ORIENTED_EDGE('',*,*,#1475,.F.);
#626=ORIENTED_EDGE('',*,*,#1476,.F.);
#627=ORIENTED_EDGE('',*,*,#1477,.T.);
#628=ORIENTED_EDGE('',*,*,#1478,.T.);
#629=ORIENTED_EDGE('',*,*,#1479,.T.);
#630=ORIENTED_EDGE('',*,*,#1480,.T.);
#631=ORIENTED_EDGE('',*,*,#1478,.F.);
#632=ORIENTED_EDGE('',*,*,#1481,.F.);
#633=ORIENTED_EDGE('',*,*,#1482,.T.);
#634=ORIENTED_EDGE('',*,*,#1483,.T.);
#635=ORIENTED_EDGE('',*,*,#1484,.T.);
#636=ORIENTED_EDGE('',*,*,#1485,.F.);
#637=ORIENTED_EDGE('',*,*,#1476,.T.);
#638=ORIENTED_EDGE('',*,*,#1486,.T.);
#639=ORIENTED_EDGE('',*,*,#1487,.T.);
#640=ORIENTED_EDGE('',*,*,#1488,.F.);
#641=ORIENTED_EDGE('',*,*,#1489,.F.);
#642=ORIENTED_EDGE('',*,*,#1490,.T.);
#643=ORIENTED_EDGE('',*,*,#1491,.T.);
#644=ORIENTED_EDGE('',*,*,#1492,.T.);
#645=ORIENTED_EDGE('',*,*,#1493,.T.);
#646=ORIENTED_EDGE('',*,*,#1485,.T.);
#647=ORIENTED_EDGE('',*,*,#1494,.T.);
#648=ORIENTED_EDGE('',*,*,#1495,.T.);
#649=ORIENTED_EDGE('',*,*,#1496,.T.);
#650=ORIENTED_EDGE('',*,*,#1497,.T.);
#651=ORIENTED_EDGE('',*,*,#1498,.T.);
#652=ORIENTED_EDGE('',*,*,#1499,.T.);
#653=ORIENTED_EDGE('',*,*,#1500,.T.);
#654=ORIENTED_EDGE('',*,*,#1501,.T.);
#655=ORIENTED_EDGE('',*,*,#1502,.T.);
#656=ORIENTED_EDGE('',*,*,#1503,.T.);
#657=ORIENTED_EDGE('',*,*,#1491,.F.);
#658=ORIENTED_EDGE('',*,*,#1504,.T.);
#659=ORIENTED_EDGE('',*,*,#1505,.T.);
#660=ORIENTED_EDGE('',*,*,#1506,.T.);
#661=ORIENTED_EDGE('',*,*,#1507,.T.);
#662=ORIENTED_EDGE('',*,*,#1508,.T.);
#663=ORIENTED_EDGE('',*,*,#1509,.T.);
#664=ORIENTED_EDGE('',*,*,#1510,.T.);
#665=ORIENTED_EDGE('',*,*,#1511,.T.);
#666=ORIENTED_EDGE('',*,*,#1512,.T.);
#667=ORIENTED_EDGE('',*,*,#1513,.T.);
#668=ORIENTED_EDGE('',*,*,#1514,.T.);
#669=ORIENTED_EDGE('',*,*,#1515,.F.);
#670=ORIENTED_EDGE('',*,*,#1516,.T.);
#671=ORIENTED_EDGE('',*,*,#1514,.F.);
#672=ORIENTED_EDGE('',*,*,#1517,.F.);
#673=ORIENTED_EDGE('',*,*,#1504,.F.);
#674=ORIENTED_EDGE('',*,*,#1518,.T.);
#675=ORIENTED_EDGE('',*,*,#1519,.F.);
#676=ORIENTED_EDGE('',*,*,#1520,.T.);
#677=ORIENTED_EDGE('',*,*,#1494,.F.);
#678=ORIENTED_EDGE('',*,*,#1521,.T.);
#679=ORIENTED_EDGE('',*,*,#1522,.F.);
#680=ORIENTED_EDGE('',*,*,#1523,.T.);
#681=ORIENTED_EDGE('',*,*,#1524,.T.);
#682=ORIENTED_EDGE('',*,*,#1481,.T.);
#683=ORIENTED_EDGE('',*,*,#1477,.F.);
#684=ORIENTED_EDGE('',*,*,#1488,.T.);
#685=ORIENTED_EDGE('',*,*,#1525,.T.);
#686=ORIENTED_EDGE('',*,*,#1526,.T.);
#687=ORIENTED_EDGE('',*,*,#1527,.T.);
#688=ORIENTED_EDGE('',*,*,#1528,.T.);
#689=ORIENTED_EDGE('',*,*,#1529,.T.);
#690=ORIENTED_EDGE('',*,*,#1530,.F.);
#691=ORIENTED_EDGE('',*,*,#1531,.T.);
#692=ORIENTED_EDGE('',*,*,#1532,.T.);
#693=ORIENTED_EDGE('',*,*,#1533,.T.);
#694=ORIENTED_EDGE('',*,*,#1534,.T.);
#695=ORIENTED_EDGE('',*,*,#1535,.T.);
#696=ORIENTED_EDGE('',*,*,#1536,.T.);
#697=ORIENTED_EDGE('',*,*,#1537,.F.);
#698=ORIENTED_EDGE('',*,*,#1538,.F.);
#699=ORIENTED_EDGE('',*,*,#1539,.F.);
#700=ORIENTED_EDGE('',*,*,#1540,.F.);
#701=ORIENTED_EDGE('',*,*,#1541,.F.);
#702=ORIENTED_EDGE('',*,*,#1542,.F.);
#703=ORIENTED_EDGE('',*,*,#1543,.F.);
#704=ORIENTED_EDGE('',*,*,#1544,.T.);
#705=ORIENTED_EDGE('',*,*,#1493,.F.);
#706=ORIENTED_EDGE('',*,*,#1545,.F.);
#707=ORIENTED_EDGE('',*,*,#1546,.F.);
#708=ORIENTED_EDGE('',*,*,#1547,.T.);
#709=ORIENTED_EDGE('',*,*,#1548,.T.);
#710=ORIENTED_EDGE('',*,*,#1530,.T.);
#711=ORIENTED_EDGE('',*,*,#1549,.F.);
#712=ORIENTED_EDGE('',*,*,#1550,.F.);
#713=ORIENTED_EDGE('',*,*,#1551,.T.);
#714=ORIENTED_EDGE('',*,*,#1538,.T.);
#715=ORIENTED_EDGE('',*,*,#1552,.T.);
#716=ORIENTED_EDGE('',*,*,#1553,.T.);
#717=ORIENTED_EDGE('',*,*,#1554,.T.);
#718=ORIENTED_EDGE('',*,*,#1555,.T.);
#719=ORIENTED_EDGE('',*,*,#1556,.F.);
#720=ORIENTED_EDGE('',*,*,#1557,.T.);
#721=ORIENTED_EDGE('',*,*,#1558,.F.);
#722=ORIENTED_EDGE('',*,*,#1559,.T.);
#723=ORIENTED_EDGE('',*,*,#1560,.T.);
#724=ORIENTED_EDGE('',*,*,#1561,.T.);
#725=ORIENTED_EDGE('',*,*,#1562,.T.);
#726=ORIENTED_EDGE('',*,*,#1563,.T.);
#727=ORIENTED_EDGE('',*,*,#1564,.T.);
#728=ORIENTED_EDGE('',*,*,#1565,.T.);
#729=ORIENTED_EDGE('',*,*,#1566,.T.);
#730=ORIENTED_EDGE('',*,*,#1567,.T.);
#731=ORIENTED_EDGE('',*,*,#1568,.T.);
#732=ORIENTED_EDGE('',*,*,#1569,.T.);
#733=ORIENTED_EDGE('',*,*,#1570,.T.);
#734=ORIENTED_EDGE('',*,*,#1571,.T.);
#735=ORIENTED_EDGE('',*,*,#1572,.T.);
#736=ORIENTED_EDGE('',*,*,#1573,.T.);
#737=ORIENTED_EDGE('',*,*,#1574,.T.);
#738=ORIENTED_EDGE('',*,*,#1575,.T.);
#739=ORIENTED_EDGE('',*,*,#1576,.F.);
#740=ORIENTED_EDGE('',*,*,#1577,.T.);
#741=ORIENTED_EDGE('',*,*,#1578,.T.);
#742=ORIENTED_EDGE('',*,*,#1579,.T.);
#743=ORIENTED_EDGE('',*,*,#1542,.T.);
#744=ORIENTED_EDGE('',*,*,#1580,.F.);
#745=ORIENTED_EDGE('',*,*,#1541,.T.);
#746=ORIENTED_EDGE('',*,*,#1581,.F.);
#747=ORIENTED_EDGE('',*,*,#1582,.F.);
#748=ORIENTED_EDGE('',*,*,#1580,.T.);
#749=ORIENTED_EDGE('',*,*,#1540,.T.);
#750=ORIENTED_EDGE('',*,*,#1583,.F.);
#751=ORIENTED_EDGE('',*,*,#1584,.F.);
#752=ORIENTED_EDGE('',*,*,#1581,.T.);
#753=ORIENTED_EDGE('',*,*,#1539,.T.);
#754=ORIENTED_EDGE('',*,*,#1551,.F.);
#755=ORIENTED_EDGE('',*,*,#1585,.F.);
#756=ORIENTED_EDGE('',*,*,#1583,.T.);
#757=ORIENTED_EDGE('',*,*,#1529,.F.);
#758=ORIENTED_EDGE('',*,*,#1586,.F.);
#759=ORIENTED_EDGE('',*,*,#1587,.T.);
#760=ORIENTED_EDGE('',*,*,#1549,.T.);
#761=ORIENTED_EDGE('',*,*,#1528,.F.);
#762=ORIENTED_EDGE('',*,*,#1588,.F.);
#763=ORIENTED_EDGE('',*,*,#1589,.T.);
#764=ORIENTED_EDGE('',*,*,#1586,.T.);
#765=ORIENTED_EDGE('',*,*,#1527,.F.);
#766=ORIENTED_EDGE('',*,*,#1590,.F.);
#767=ORIENTED_EDGE('',*,*,#1591,.T.);
#768=ORIENTED_EDGE('',*,*,#1588,.T.);
#769=ORIENTED_EDGE('',*,*,#1592,.F.);
#770=ORIENTED_EDGE('',*,*,#1593,.T.);
#771=ORIENTED_EDGE('',*,*,#1594,.T.);
#772=ORIENTED_EDGE('',*,*,#1590,.T.);
#773=ORIENTED_EDGE('',*,*,#1526,.F.);
#774=ORIENTED_EDGE('',*,*,#1595,.T.);
#775=ORIENTED_EDGE('',*,*,#1596,.F.);
#776=ORIENTED_EDGE('',*,*,#1597,.T.);
#777=ORIENTED_EDGE('',*,*,#1598,.F.);
#778=ORIENTED_EDGE('',*,*,#1599,.F.);
#779=ORIENTED_EDGE('',*,*,#1600,.F.);
#780=ORIENTED_EDGE('',*,*,#1601,.T.);
#781=ORIENTED_EDGE('',*,*,#1515,.T.);
#782=ORIENTED_EDGE('',*,*,#1602,.T.);
#783=ORIENTED_EDGE('',*,*,#1603,.T.);
#784=ORIENTED_EDGE('',*,*,#1592,.T.);
#785=ORIENTED_EDGE('',*,*,#1604,.T.);
#786=ORIENTED_EDGE('',*,*,#1605,.T.);
#787=ORIENTED_EDGE('',*,*,#1606,.F.);
#788=ORIENTED_EDGE('',*,*,#1607,.T.);
#789=ORIENTED_EDGE('',*,*,#1608,.F.);
#790=ORIENTED_EDGE('',*,*,#1609,.T.);
#791=ORIENTED_EDGE('',*,*,#1610,.T.);
#792=ORIENTED_EDGE('',*,*,#1578,.F.);
#793=ORIENTED_EDGE('',*,*,#1611,.T.);
#794=ORIENTED_EDGE('',*,*,#1612,.T.);
#795=ORIENTED_EDGE('',*,*,#1522,.T.);
#796=ORIENTED_EDGE('',*,*,#1613,.T.);
#797=ORIENTED_EDGE('',*,*,#1614,.F.);
#798=ORIENTED_EDGE('',*,*,#1615,.F.);
#799=ORIENTED_EDGE('',*,*,#1616,.T.);
#800=ORIENTED_EDGE('',*,*,#1617,.T.);
#801=ORIENTED_EDGE('',*,*,#1618,.T.);
#802=ORIENTED_EDGE('',*,*,#1619,.T.);
#803=ORIENTED_EDGE('',*,*,#1620,.T.);
#804=ORIENTED_EDGE('',*,*,#1621,.T.);
#805=ORIENTED_EDGE('',*,*,#1622,.T.);
#806=ORIENTED_EDGE('',*,*,#1623,.T.);
#807=ORIENTED_EDGE('',*,*,#1624,.T.);
#808=ORIENTED_EDGE('',*,*,#1625,.T.);
#809=ORIENTED_EDGE('',*,*,#1626,.T.);
#810=ORIENTED_EDGE('',*,*,#1627,.T.);
#811=ORIENTED_EDGE('',*,*,#1628,.T.);
#812=ORIENTED_EDGE('',*,*,#1629,.T.);
#813=ORIENTED_EDGE('',*,*,#1630,.T.);
#814=ORIENTED_EDGE('',*,*,#1631,.T.);
#815=ORIENTED_EDGE('',*,*,#1632,.T.);
#816=ORIENTED_EDGE('',*,*,#1633,.F.);
#817=ORIENTED_EDGE('',*,*,#1634,.F.);
#818=ORIENTED_EDGE('',*,*,#1635,.F.);
#819=ORIENTED_EDGE('',*,*,#1636,.F.);
#820=ORIENTED_EDGE('',*,*,#1637,.F.);
#821=ORIENTED_EDGE('',*,*,#1638,.T.);
#822=ORIENTED_EDGE('',*,*,#1543,.T.);
#823=ORIENTED_EDGE('',*,*,#1639,.T.);
#824=ORIENTED_EDGE('',*,*,#1640,.T.);
#825=ORIENTED_EDGE('',*,*,#1641,.T.);
#826=ORIENTED_EDGE('',*,*,#1519,.T.);
#827=ORIENTED_EDGE('',*,*,#1642,.F.);
#828=ORIENTED_EDGE('',*,*,#1643,.F.);
#829=ORIENTED_EDGE('',*,*,#1644,.F.);
#830=ORIENTED_EDGE('',*,*,#1645,.F.);
#831=ORIENTED_EDGE('',*,*,#1646,.F.);
#832=ORIENTED_EDGE('',*,*,#1647,.T.);
#833=ORIENTED_EDGE('',*,*,#1648,.T.);
#834=ORIENTED_EDGE('',*,*,#1649,.T.);
#835=ORIENTED_EDGE('',*,*,#1650,.T.);
#836=ORIENTED_EDGE('',*,*,#1651,.T.);
#837=ORIENTED_EDGE('',*,*,#1652,.T.);
#838=ORIENTED_EDGE('',*,*,#1576,.T.);
#839=ORIENTED_EDGE('',*,*,#1582,.T.);
#840=ORIENTED_EDGE('',*,*,#1584,.T.);
#841=ORIENTED_EDGE('',*,*,#1585,.T.);
#842=ORIENTED_EDGE('',*,*,#1550,.T.);
#843=ORIENTED_EDGE('',*,*,#1587,.F.);
#844=ORIENTED_EDGE('',*,*,#1589,.F.);
#845=ORIENTED_EDGE('',*,*,#1591,.F.);
#846=ORIENTED_EDGE('',*,*,#1594,.F.);
#847=ORIENTED_EDGE('',*,*,#1653,.T.);
#848=ORIENTED_EDGE('',*,*,#1654,.T.);
#849=ORIENTED_EDGE('',*,*,#1655,.T.);
#850=ORIENTED_EDGE('',*,*,#1656,.T.);
#851=ORIENTED_EDGE('',*,*,#1657,.T.);
#852=ORIENTED_EDGE('',*,*,#1658,.T.);
#853=ORIENTED_EDGE('',*,*,#1659,.T.);
#854=ORIENTED_EDGE('',*,*,#1660,.T.);
#855=ORIENTED_EDGE('',*,*,#1661,.T.);
#856=ORIENTED_EDGE('',*,*,#1662,.T.);
#857=ORIENTED_EDGE('',*,*,#1663,.T.);
#858=ORIENTED_EDGE('',*,*,#1664,.T.);
#859=ORIENTED_EDGE('',*,*,#1665,.T.);
#860=ORIENTED_EDGE('',*,*,#1666,.T.);
#861=ORIENTED_EDGE('',*,*,#1667,.T.);
#862=ORIENTED_EDGE('',*,*,#1668,.T.);
#863=ORIENTED_EDGE('',*,*,#1669,.T.);
#864=ORIENTED_EDGE('',*,*,#1670,.T.);
#865=ORIENTED_EDGE('',*,*,#1671,.T.);
#866=ORIENTED_EDGE('',*,*,#1618,.F.);
#867=ORIENTED_EDGE('',*,*,#1672,.T.);
#868=ORIENTED_EDGE('',*,*,#1602,.F.);
#869=ORIENTED_EDGE('',*,*,#1673,.T.);
#870=ORIENTED_EDGE('',*,*,#1612,.F.);
#871=ORIENTED_EDGE('',*,*,#1674,.T.);
#872=ORIENTED_EDGE('',*,*,#1572,.F.);
#873=ORIENTED_EDGE('',*,*,#1675,.T.);
#874=ORIENTED_EDGE('',*,*,#1622,.F.);
#875=ORIENTED_EDGE('',*,*,#1676,.T.);
#876=ORIENTED_EDGE('',*,*,#1616,.F.);
#877=ORIENTED_EDGE('',*,*,#1677,.T.);
#878=ORIENTED_EDGE('',*,*,#1626,.F.);
#879=ORIENTED_EDGE('',*,*,#1678,.T.);
#880=ORIENTED_EDGE('',*,*,#1620,.F.);
#881=ORIENTED_EDGE('',*,*,#1679,.T.);
#882=ORIENTED_EDGE('',*,*,#1630,.F.);
#883=ORIENTED_EDGE('',*,*,#1680,.T.);
#884=ORIENTED_EDGE('',*,*,#1624,.F.);
#885=ORIENTED_EDGE('',*,*,#1681,.T.);
#886=ORIENTED_EDGE('',*,*,#1641,.F.);
#887=ORIENTED_EDGE('',*,*,#1682,.T.);
#888=ORIENTED_EDGE('',*,*,#1628,.F.);
#889=ORIENTED_EDGE('',*,*,#1683,.T.);
#890=ORIENTED_EDGE('',*,*,#1574,.F.);
#891=ORIENTED_EDGE('',*,*,#1684,.T.);
#892=ORIENTED_EDGE('',*,*,#1568,.F.);
#893=ORIENTED_EDGE('',*,*,#1685,.T.);
#894=ORIENTED_EDGE('',*,*,#1570,.F.);
#895=ORIENTED_EDGE('',*,*,#1686,.T.);
#896=ORIENTED_EDGE('',*,*,#1564,.F.);
#897=ORIENTED_EDGE('',*,*,#1687,.T.);
#898=ORIENTED_EDGE('',*,*,#1566,.F.);
#899=ORIENTED_EDGE('',*,*,#1688,.T.);
#900=ORIENTED_EDGE('',*,*,#1560,.F.);
#901=ORIENTED_EDGE('',*,*,#1689,.T.);
#902=ORIENTED_EDGE('',*,*,#1562,.F.);
#903=ORIENTED_EDGE('',*,*,#1690,.T.);
#904=ORIENTED_EDGE('',*,*,#1639,.F.);
#905=ORIENTED_EDGE('',*,*,#1691,.T.);
#906=ORIENTED_EDGE('',*,*,#1692,.T.);
#907=ORIENTED_EDGE('',*,*,#1693,.T.);
#908=ORIENTED_EDGE('',*,*,#1694,.F.);
#909=ORIENTED_EDGE('',*,*,#1695,.T.);
#910=ORIENTED_EDGE('',*,*,#1694,.T.);
#911=ORIENTED_EDGE('',*,*,#1696,.T.);
#912=ORIENTED_EDGE('',*,*,#1552,.F.);
#913=ORIENTED_EDGE('',*,*,#1697,.T.);
#914=ORIENTED_EDGE('',*,*,#1558,.T.);
#915=ORIENTED_EDGE('',*,*,#1698,.T.);
#916=ORIENTED_EDGE('',*,*,#1692,.F.);
#917=ORIENTED_EDGE('',*,*,#1699,.T.);
#918=ORIENTED_EDGE('',*,*,#1537,.T.);
#919=ORIENTED_EDGE('',*,*,#1700,.T.);
#920=ORIENTED_EDGE('',*,*,#1556,.T.);
#921=ORIENTED_EDGE('',*,*,#1701,.F.);
#922=ORIENTED_EDGE('',*,*,#1546,.T.);
#923=ORIENTED_EDGE('',*,*,#1554,.F.);
#924=ORIENTED_EDGE('',*,*,#1702,.T.);
#925=ORIENTED_EDGE('',*,*,#1531,.F.);
#926=ORIENTED_EDGE('',*,*,#1548,.F.);
#927=ORIENTED_EDGE('',*,*,#1703,.T.);
#928=ORIENTED_EDGE('',*,*,#1701,.T.);
#929=ORIENTED_EDGE('',*,*,#1555,.F.);
#930=ORIENTED_EDGE('',*,*,#1703,.F.);
#931=ORIENTED_EDGE('',*,*,#1547,.F.);
#932=ORIENTED_EDGE('',*,*,#1593,.F.);
#933=ORIENTED_EDGE('',*,*,#1603,.F.);
#934=ORIENTED_EDGE('',*,*,#1704,.F.);
#935=ORIENTED_EDGE('',*,*,#1653,.F.);
#936=ORIENTED_EDGE('',*,*,#1704,.T.);
#937=ORIENTED_EDGE('',*,*,#1672,.F.);
#938=ORIENTED_EDGE('',*,*,#1705,.F.);
#939=ORIENTED_EDGE('',*,*,#1654,.F.);
#940=ORIENTED_EDGE('',*,*,#1705,.T.);
#941=ORIENTED_EDGE('',*,*,#1617,.F.);
#942=ORIENTED_EDGE('',*,*,#1706,.F.);
#943=ORIENTED_EDGE('',*,*,#1655,.F.);
#944=ORIENTED_EDGE('',*,*,#1706,.T.);
#945=ORIENTED_EDGE('',*,*,#1676,.F.);
#946=ORIENTED_EDGE('',*,*,#1707,.F.);
#947=ORIENTED_EDGE('',*,*,#1656,.F.);
#948=ORIENTED_EDGE('',*,*,#1707,.T.);
#949=ORIENTED_EDGE('',*,*,#1621,.F.);
#950=ORIENTED_EDGE('',*,*,#1708,.F.);
#951=ORIENTED_EDGE('',*,*,#1657,.F.);
#952=ORIENTED_EDGE('',*,*,#1708,.T.);
#953=ORIENTED_EDGE('',*,*,#1678,.F.);
#954=ORIENTED_EDGE('',*,*,#1709,.F.);
#955=ORIENTED_EDGE('',*,*,#1658,.F.);
#956=ORIENTED_EDGE('',*,*,#1709,.T.);
#957=ORIENTED_EDGE('',*,*,#1625,.F.);
#958=ORIENTED_EDGE('',*,*,#1710,.F.);
#959=ORIENTED_EDGE('',*,*,#1659,.F.);
#960=ORIENTED_EDGE('',*,*,#1710,.T.);
#961=ORIENTED_EDGE('',*,*,#1680,.F.);
#962=ORIENTED_EDGE('',*,*,#1711,.F.);
#963=ORIENTED_EDGE('',*,*,#1660,.F.);
#964=ORIENTED_EDGE('',*,*,#1711,.T.);
#965=ORIENTED_EDGE('',*,*,#1629,.F.);
#966=ORIENTED_EDGE('',*,*,#1712,.F.);
#967=ORIENTED_EDGE('',*,*,#1661,.F.);
#968=ORIENTED_EDGE('',*,*,#1712,.T.);
#969=ORIENTED_EDGE('',*,*,#1682,.F.);
#970=ORIENTED_EDGE('',*,*,#1713,.F.);
#971=ORIENTED_EDGE('',*,*,#1662,.F.);
#972=ORIENTED_EDGE('',*,*,#1713,.T.);
#973=ORIENTED_EDGE('',*,*,#1640,.F.);
#974=ORIENTED_EDGE('',*,*,#1714,.F.);
#975=ORIENTED_EDGE('',*,*,#1663,.F.);
#976=ORIENTED_EDGE('',*,*,#1714,.T.);
#977=ORIENTED_EDGE('',*,*,#1690,.F.);
#978=ORIENTED_EDGE('',*,*,#1715,.F.);
#979=ORIENTED_EDGE('',*,*,#1664,.F.);
#980=ORIENTED_EDGE('',*,*,#1715,.T.);
#981=ORIENTED_EDGE('',*,*,#1561,.F.);
#982=ORIENTED_EDGE('',*,*,#1716,.F.);
#983=ORIENTED_EDGE('',*,*,#1665,.F.);
#984=ORIENTED_EDGE('',*,*,#1716,.T.);
#985=ORIENTED_EDGE('',*,*,#1688,.F.);
#986=ORIENTED_EDGE('',*,*,#1717,.F.);
#987=ORIENTED_EDGE('',*,*,#1666,.F.);
#988=ORIENTED_EDGE('',*,*,#1717,.T.);
#989=ORIENTED_EDGE('',*,*,#1565,.F.);
#990=ORIENTED_EDGE('',*,*,#1718,.F.);
#991=ORIENTED_EDGE('',*,*,#1667,.F.);
#992=ORIENTED_EDGE('',*,*,#1718,.T.);
#993=ORIENTED_EDGE('',*,*,#1686,.F.);
#994=ORIENTED_EDGE('',*,*,#1719,.F.);
#995=ORIENTED_EDGE('',*,*,#1668,.F.);
#996=ORIENTED_EDGE('',*,*,#1719,.T.);
#997=ORIENTED_EDGE('',*,*,#1569,.F.);
#998=ORIENTED_EDGE('',*,*,#1720,.F.);
#999=ORIENTED_EDGE('',*,*,#1669,.F.);
#1000=ORIENTED_EDGE('',*,*,#1720,.T.);
#1001=ORIENTED_EDGE('',*,*,#1684,.F.);
#1002=ORIENTED_EDGE('',*,*,#1721,.F.);
#1003=ORIENTED_EDGE('',*,*,#1670,.F.);
#1004=ORIENTED_EDGE('',*,*,#1721,.T.);
#1005=ORIENTED_EDGE('',*,*,#1573,.F.);
#1006=ORIENTED_EDGE('',*,*,#1722,.F.);
#1007=ORIENTED_EDGE('',*,*,#1671,.F.);
#1008=ORIENTED_EDGE('',*,*,#1722,.T.);
#1009=ORIENTED_EDGE('',*,*,#1674,.F.);
#1010=ORIENTED_EDGE('',*,*,#1723,.F.);
#1011=ORIENTED_EDGE('',*,*,#1651,.F.);
#1012=ORIENTED_EDGE('',*,*,#1723,.T.);
#1013=ORIENTED_EDGE('',*,*,#1611,.F.);
#1014=ORIENTED_EDGE('',*,*,#1577,.F.);
#1015=ORIENTED_EDGE('',*,*,#1652,.F.);
#1016=ORIENTED_EDGE('',*,*,#1525,.F.);
#1017=ORIENTED_EDGE('',*,*,#1724,.T.);
#1018=ORIENTED_EDGE('',*,*,#1604,.F.);
#1019=ORIENTED_EDGE('',*,*,#1595,.F.);
#1020=ORIENTED_EDGE('',*,*,#1517,.T.);
#1021=ORIENTED_EDGE('',*,*,#1513,.F.);
#1022=ORIENTED_EDGE('',*,*,#1725,.F.);
#1023=ORIENTED_EDGE('',*,*,#1673,.F.);
#1024=ORIENTED_EDGE('',*,*,#1725,.T.);
#1025=ORIENTED_EDGE('',*,*,#1512,.F.);
#1026=ORIENTED_EDGE('',*,*,#1726,.F.);
#1027=ORIENTED_EDGE('',*,*,#1619,.F.);
#1028=ORIENTED_EDGE('',*,*,#1726,.T.);
#1029=ORIENTED_EDGE('',*,*,#1511,.F.);
#1030=ORIENTED_EDGE('',*,*,#1727,.F.);
#1031=ORIENTED_EDGE('',*,*,#1677,.F.);
#1032=ORIENTED_EDGE('',*,*,#1727,.T.);
#1033=ORIENTED_EDGE('',*,*,#1510,.F.);
#1034=ORIENTED_EDGE('',*,*,#1728,.F.);
#1035=ORIENTED_EDGE('',*,*,#1623,.F.);
#1036=ORIENTED_EDGE('',*,*,#1728,.T.);
#1037=ORIENTED_EDGE('',*,*,#1509,.F.);
#1038=ORIENTED_EDGE('',*,*,#1729,.F.);
#1039=ORIENTED_EDGE('',*,*,#1679,.F.);
#1040=ORIENTED_EDGE('',*,*,#1729,.T.);
#1041=ORIENTED_EDGE('',*,*,#1508,.F.);
#1042=ORIENTED_EDGE('',*,*,#1730,.F.);
#1043=ORIENTED_EDGE('',*,*,#1627,.F.);
#1044=ORIENTED_EDGE('',*,*,#1730,.T.);
#1045=ORIENTED_EDGE('',*,*,#1507,.F.);
#1046=ORIENTED_EDGE('',*,*,#1731,.F.);
#1047=ORIENTED_EDGE('',*,*,#1681,.F.);
#1048=ORIENTED_EDGE('',*,*,#1731,.T.);
#1049=ORIENTED_EDGE('',*,*,#1506,.F.);
#1050=ORIENTED_EDGE('',*,*,#1732,.F.);
#1051=ORIENTED_EDGE('',*,*,#1631,.F.);
#1052=ORIENTED_EDGE('',*,*,#1732,.T.);
#1053=ORIENTED_EDGE('',*,*,#1505,.F.);
#1054=ORIENTED_EDGE('',*,*,#1520,.F.);
#1055=ORIENTED_EDGE('',*,*,#1683,.F.);
#1056=ORIENTED_EDGE('',*,*,#1545,.T.);
#1057=ORIENTED_EDGE('',*,*,#1503,.F.);
#1058=ORIENTED_EDGE('',*,*,#1733,.F.);
#1059=ORIENTED_EDGE('',*,*,#1691,.F.);
#1060=ORIENTED_EDGE('',*,*,#1733,.T.);
#1061=ORIENTED_EDGE('',*,*,#1502,.F.);
#1062=ORIENTED_EDGE('',*,*,#1734,.F.);
#1063=ORIENTED_EDGE('',*,*,#1563,.F.);
#1064=ORIENTED_EDGE('',*,*,#1734,.T.);
#1065=ORIENTED_EDGE('',*,*,#1501,.F.);
#1066=ORIENTED_EDGE('',*,*,#1735,.F.);
#1067=ORIENTED_EDGE('',*,*,#1689,.F.);
#1068=ORIENTED_EDGE('',*,*,#1735,.T.);
#1069=ORIENTED_EDGE('',*,*,#1500,.F.);
#1070=ORIENTED_EDGE('',*,*,#1736,.F.);
#1071=ORIENTED_EDGE('',*,*,#1567,.F.);
#1072=ORIENTED_EDGE('',*,*,#1736,.T.);
#1073=ORIENTED_EDGE('',*,*,#1499,.F.);
#1074=ORIENTED_EDGE('',*,*,#1737,.F.);
#1075=ORIENTED_EDGE('',*,*,#1687,.F.);
#1076=ORIENTED_EDGE('',*,*,#1737,.T.);
#1077=ORIENTED_EDGE('',*,*,#1498,.F.);
#1078=ORIENTED_EDGE('',*,*,#1738,.F.);
#1079=ORIENTED_EDGE('',*,*,#1571,.F.);
#1080=ORIENTED_EDGE('',*,*,#1738,.T.);
#1081=ORIENTED_EDGE('',*,*,#1497,.F.);
#1082=ORIENTED_EDGE('',*,*,#1739,.F.);
#1083=ORIENTED_EDGE('',*,*,#1685,.F.);
#1084=ORIENTED_EDGE('',*,*,#1739,.T.);
#1085=ORIENTED_EDGE('',*,*,#1496,.F.);
#1086=ORIENTED_EDGE('',*,*,#1740,.F.);
#1087=ORIENTED_EDGE('',*,*,#1575,.F.);
#1088=ORIENTED_EDGE('',*,*,#1740,.T.);
#1089=ORIENTED_EDGE('',*,*,#1495,.F.);
#1090=ORIENTED_EDGE('',*,*,#1523,.F.);
#1091=ORIENTED_EDGE('',*,*,#1675,.F.);
#1092=ORIENTED_EDGE('',*,*,#1610,.F.);
#1093=ORIENTED_EDGE('',*,*,#1741,.T.);
#1094=ORIENTED_EDGE('',*,*,#1524,.F.);
#1095=ORIENTED_EDGE('',*,*,#1579,.F.);
#1096=ORIENTED_EDGE('',*,*,#1700,.F.);
#1097=ORIENTED_EDGE('',*,*,#1536,.F.);
#1098=ORIENTED_EDGE('',*,*,#1742,.F.);
#1099=ORIENTED_EDGE('',*,*,#1557,.F.);
#1100=ORIENTED_EDGE('',*,*,#1742,.T.);
#1101=ORIENTED_EDGE('',*,*,#1535,.F.);
#1102=ORIENTED_EDGE('',*,*,#1743,.F.);
#1103=ORIENTED_EDGE('',*,*,#1698,.F.);
#1104=ORIENTED_EDGE('',*,*,#1743,.T.);
#1105=ORIENTED_EDGE('',*,*,#1534,.F.);
#1106=ORIENTED_EDGE('',*,*,#1744,.F.);
#1107=ORIENTED_EDGE('',*,*,#1693,.F.);
#1108=ORIENTED_EDGE('',*,*,#1744,.T.);
#1109=ORIENTED_EDGE('',*,*,#1533,.F.);
#1110=ORIENTED_EDGE('',*,*,#1745,.F.);
#1111=ORIENTED_EDGE('',*,*,#1696,.F.);
#1112=ORIENTED_EDGE('',*,*,#1702,.F.);
#1113=ORIENTED_EDGE('',*,*,#1553,.F.);
#1114=ORIENTED_EDGE('',*,*,#1745,.T.);
#1115=ORIENTED_EDGE('',*,*,#1532,.F.);
#1116=ORIENTED_EDGE('',*,*,#1746,.F.);
#1117=ORIENTED_EDGE('',*,*,#1650,.F.);
#1118=ORIENTED_EDGE('',*,*,#1747,.F.);
#1119=ORIENTED_EDGE('',*,*,#1695,.F.);
#1120=ORIENTED_EDGE('',*,*,#1747,.T.);
#1121=ORIENTED_EDGE('',*,*,#1649,.F.);
#1122=ORIENTED_EDGE('',*,*,#1748,.F.);
#1123=ORIENTED_EDGE('',*,*,#1699,.F.);
#1124=ORIENTED_EDGE('',*,*,#1746,.T.);
#1125=ORIENTED_EDGE('',*,*,#1697,.F.);
#1126=ORIENTED_EDGE('',*,*,#1749,.F.);
#1127=ORIENTED_EDGE('',*,*,#1647,.F.);
#1128=ORIENTED_EDGE('',*,*,#1748,.T.);
#1129=ORIENTED_EDGE('',*,*,#1648,.F.);
#1130=ORIENTED_EDGE('',*,*,#1749,.T.);
#1131=ORIENTED_EDGE('',*,*,#1559,.F.);
#1132=ORIENTED_EDGE('',*,*,#1471,.F.);
#1133=ORIENTED_EDGE('',*,*,#1645,.T.);
#1134=ORIENTED_EDGE('',*,*,#1472,.F.);
#1135=ORIENTED_EDGE('',*,*,#1644,.T.);
#1136=ORIENTED_EDGE('',*,*,#1473,.F.);
#1137=ORIENTED_EDGE('',*,*,#1643,.T.);
#1138=ORIENTED_EDGE('',*,*,#1474,.F.);
#1139=ORIENTED_EDGE('',*,*,#1642,.T.);
#1140=ORIENTED_EDGE('',*,*,#1470,.F.);
#1141=ORIENTED_EDGE('',*,*,#1646,.T.);
#1142=ORIENTED_EDGE('',*,*,#1613,.F.);
#1143=ORIENTED_EDGE('',*,*,#1521,.F.);
#1144=ORIENTED_EDGE('',*,*,#1484,.F.);
#1145=ORIENTED_EDGE('',*,*,#1750,.T.);
#1146=ORIENTED_EDGE('',*,*,#1741,.F.);
#1147=ORIENTED_EDGE('',*,*,#1609,.F.);
#1148=ORIENTED_EDGE('',*,*,#1751,.F.);
#1149=ORIENTED_EDGE('',*,*,#1479,.F.);
#1150=ORIENTED_EDGE('',*,*,#1605,.F.);
#1151=ORIENTED_EDGE('',*,*,#1724,.F.);
#1152=ORIENTED_EDGE('',*,*,#1487,.F.);
#1153=ORIENTED_EDGE('',*,*,#1752,.T.);
#1154=ORIENTED_EDGE('',*,*,#1516,.F.);
#1155=ORIENTED_EDGE('',*,*,#1601,.F.);
#1156=ORIENTED_EDGE('',*,*,#1753,.F.);
#1157=ORIENTED_EDGE('',*,*,#1492,.F.);
#1158=ORIENTED_EDGE('',*,*,#1632,.F.);
#1159=ORIENTED_EDGE('',*,*,#1518,.F.);
#1160=ORIENTED_EDGE('',*,*,#1490,.F.);
#1161=ORIENTED_EDGE('',*,*,#1754,.T.);
#1162=ORIENTED_EDGE('',*,*,#1544,.F.);
#1163=ORIENTED_EDGE('',*,*,#1638,.F.);
#1164=ORIENTED_EDGE('',*,*,#1755,.F.);
#1165=ORIENTED_EDGE('',*,*,#1482,.F.);
#1166=ORIENTED_EDGE('',*,*,#1756,.F.);
#1167=ORIENTED_EDGE('',*,*,#1757,.F.);
#1168=ORIENTED_EDGE('',*,*,#1758,.F.);
#1169=ORIENTED_EDGE('',*,*,#1759,.F.);
#1170=ORIENTED_EDGE('',*,*,#1760,.F.);
#1171=ORIENTED_EDGE('',*,*,#1761,.F.);
#1172=ORIENTED_EDGE('',*,*,#1762,.F.);
#1173=ORIENTED_EDGE('',*,*,#1763,.F.);
#1174=ORIENTED_EDGE('',*,*,#1764,.F.);
#1175=ORIENTED_EDGE('',*,*,#1765,.F.);
#1176=ORIENTED_EDGE('',*,*,#1766,.F.);
#1177=ORIENTED_EDGE('',*,*,#1483,.F.);
#1178=ORIENTED_EDGE('',*,*,#1489,.T.);
#1179=ORIENTED_EDGE('',*,*,#1767,.F.);
#1180=ORIENTED_EDGE('',*,*,#1768,.F.);
#1181=ORIENTED_EDGE('',*,*,#1769,.F.);
#1182=ORIENTED_EDGE('',*,*,#1770,.F.);
#1183=ORIENTED_EDGE('',*,*,#1771,.F.);
#1184=ORIENTED_EDGE('',*,*,#1772,.F.);
#1185=ORIENTED_EDGE('',*,*,#1773,.F.);
#1186=ORIENTED_EDGE('',*,*,#1774,.F.);
#1187=ORIENTED_EDGE('',*,*,#1775,.F.);
#1188=ORIENTED_EDGE('',*,*,#1776,.F.);
#1189=ORIENTED_EDGE('',*,*,#1777,.F.);
#1190=ORIENTED_EDGE('',*,*,#1600,.T.);
#1191=ORIENTED_EDGE('',*,*,#1778,.T.);
#1192=ORIENTED_EDGE('',*,*,#1767,.T.);
#1193=ORIENTED_EDGE('',*,*,#1753,.T.);
#1194=ORIENTED_EDGE('',*,*,#1777,.T.);
#1195=ORIENTED_EDGE('',*,*,#1779,.F.);
#1196=ORIENTED_EDGE('',*,*,#1633,.T.);
#1197=ORIENTED_EDGE('',*,*,#1754,.F.);
#1198=ORIENTED_EDGE('',*,*,#1766,.T.);
#1199=ORIENTED_EDGE('',*,*,#1780,.F.);
#1200=ORIENTED_EDGE('',*,*,#1614,.T.);
#1201=ORIENTED_EDGE('',*,*,#1750,.F.);
#1202=ORIENTED_EDGE('',*,*,#1781,.F.);
#1203=ORIENTED_EDGE('',*,*,#1782,.T.);
#1204=ORIENTED_EDGE('',*,*,#1783,.F.);
#1205=ORIENTED_EDGE('',*,*,#1486,.F.);
#1206=ORIENTED_EDGE('',*,*,#1475,.T.);
#1207=ORIENTED_EDGE('',*,*,#1480,.F.);
#1208=ORIENTED_EDGE('',*,*,#1637,.T.);
#1209=ORIENTED_EDGE('',*,*,#1784,.T.);
#1210=ORIENTED_EDGE('',*,*,#1756,.T.);
#1211=ORIENTED_EDGE('',*,*,#1755,.T.);
#1212=ORIENTED_EDGE('',*,*,#1785,.F.);
#1213=ORIENTED_EDGE('',*,*,#1786,.F.);
#1214=ORIENTED_EDGE('',*,*,#1787,.F.);
#1215=ORIENTED_EDGE('',*,*,#1788,.F.);
#1216=ORIENTED_EDGE('',*,*,#1789,.F.);
#1217=ORIENTED_EDGE('',*,*,#1790,.F.);
#1218=ORIENTED_EDGE('',*,*,#1791,.F.);
#1219=ORIENTED_EDGE('',*,*,#1792,.F.);
#1220=ORIENTED_EDGE('',*,*,#1793,.F.);
#1221=ORIENTED_EDGE('',*,*,#1794,.F.);
#1222=ORIENTED_EDGE('',*,*,#1795,.F.);
#1223=ORIENTED_EDGE('',*,*,#1796,.F.);
#1224=ORIENTED_EDGE('',*,*,#1797,.F.);
#1225=ORIENTED_EDGE('',*,*,#1798,.F.);
#1226=ORIENTED_EDGE('',*,*,#1799,.F.);
#1227=ORIENTED_EDGE('',*,*,#1800,.F.);
#1228=ORIENTED_EDGE('',*,*,#1801,.F.);
#1229=ORIENTED_EDGE('',*,*,#1802,.F.);
#1230=ORIENTED_EDGE('',*,*,#1803,.F.);
#1231=ORIENTED_EDGE('',*,*,#1804,.F.);
#1232=ORIENTED_EDGE('',*,*,#1805,.F.);
#1233=ORIENTED_EDGE('',*,*,#1806,.F.);
#1234=ORIENTED_EDGE('',*,*,#1807,.F.);
#1235=ORIENTED_EDGE('',*,*,#1808,.F.);
#1236=ORIENTED_EDGE('',*,*,#1809,.F.);
#1237=ORIENTED_EDGE('',*,*,#1810,.F.);
#1238=ORIENTED_EDGE('',*,*,#1811,.F.);
#1239=ORIENTED_EDGE('',*,*,#1812,.F.);
#1240=ORIENTED_EDGE('',*,*,#1813,.F.);
#1241=ORIENTED_EDGE('',*,*,#1814,.F.);
#1242=ORIENTED_EDGE('',*,*,#1815,.F.);
#1243=ORIENTED_EDGE('',*,*,#1816,.F.);
#1244=ORIENTED_EDGE('',*,*,#1817,.F.);
#1245=ORIENTED_EDGE('',*,*,#1818,.T.);
#1246=ORIENTED_EDGE('',*,*,#1819,.F.);
#1247=ORIENTED_EDGE('',*,*,#1820,.F.);
#1248=ORIENTED_EDGE('',*,*,#1821,.F.);
#1249=ORIENTED_EDGE('',*,*,#1822,.F.);
#1250=ORIENTED_EDGE('',*,*,#1823,.F.);
#1251=ORIENTED_EDGE('',*,*,#1824,.F.);
#1252=ORIENTED_EDGE('',*,*,#1825,.F.);
#1253=ORIENTED_EDGE('',*,*,#1826,.F.);
#1254=ORIENTED_EDGE('',*,*,#1827,.F.);
#1255=ORIENTED_EDGE('',*,*,#1828,.F.);
#1256=ORIENTED_EDGE('',*,*,#1829,.F.);
#1257=ORIENTED_EDGE('',*,*,#1830,.F.);
#1258=ORIENTED_EDGE('',*,*,#1831,.F.);
#1259=ORIENTED_EDGE('',*,*,#1832,.F.);
#1260=ORIENTED_EDGE('',*,*,#1833,.F.);
#1261=ORIENTED_EDGE('',*,*,#1834,.F.);
#1262=ORIENTED_EDGE('',*,*,#1835,.F.);
#1263=ORIENTED_EDGE('',*,*,#1836,.F.);
#1264=ORIENTED_EDGE('',*,*,#1837,.F.);
#1265=ORIENTED_EDGE('',*,*,#1838,.F.);
#1266=ORIENTED_EDGE('',*,*,#1803,.T.);
#1267=ORIENTED_EDGE('',*,*,#1839,.F.);
#1268=ORIENTED_EDGE('',*,*,#1599,.T.);
#1269=ORIENTED_EDGE('',*,*,#1840,.F.);
#1270=ORIENTED_EDGE('',*,*,#1615,.T.);
#1271=ORIENTED_EDGE('',*,*,#1841,.F.);
#1272=ORIENTED_EDGE('',*,*,#1797,.T.);
#1273=ORIENTED_EDGE('',*,*,#1842,.F.);
#1274=ORIENTED_EDGE('',*,*,#1807,.T.);
#1275=ORIENTED_EDGE('',*,*,#1843,.F.);
#1276=ORIENTED_EDGE('',*,*,#1801,.T.);
#1277=ORIENTED_EDGE('',*,*,#1844,.F.);
#1278=ORIENTED_EDGE('',*,*,#1811,.T.);
#1279=ORIENTED_EDGE('',*,*,#1845,.F.);
#1280=ORIENTED_EDGE('',*,*,#1805,.T.);
#1281=ORIENTED_EDGE('',*,*,#1846,.F.);
#1282=ORIENTED_EDGE('',*,*,#1815,.T.);
#1283=ORIENTED_EDGE('',*,*,#1847,.F.);
#1284=ORIENTED_EDGE('',*,*,#1809,.T.);
#1285=ORIENTED_EDGE('',*,*,#1848,.F.);
#1286=ORIENTED_EDGE('',*,*,#1634,.T.);
#1287=ORIENTED_EDGE('',*,*,#1849,.F.);
#1288=ORIENTED_EDGE('',*,*,#1813,.T.);
#1289=ORIENTED_EDGE('',*,*,#1850,.F.);
#1290=ORIENTED_EDGE('',*,*,#1799,.T.);
#1291=ORIENTED_EDGE('',*,*,#1851,.F.);
#1292=ORIENTED_EDGE('',*,*,#1793,.T.);
#1293=ORIENTED_EDGE('',*,*,#1852,.F.);
#1294=ORIENTED_EDGE('',*,*,#1795,.T.);
#1295=ORIENTED_EDGE('',*,*,#1853,.F.);
#1296=ORIENTED_EDGE('',*,*,#1789,.T.);
#1297=ORIENTED_EDGE('',*,*,#1854,.F.);
#1298=ORIENTED_EDGE('',*,*,#1791,.T.);
#1299=ORIENTED_EDGE('',*,*,#1855,.F.);
#1300=ORIENTED_EDGE('',*,*,#1785,.T.);
#1301=ORIENTED_EDGE('',*,*,#1856,.F.);
#1302=ORIENTED_EDGE('',*,*,#1787,.T.);
#1303=ORIENTED_EDGE('',*,*,#1857,.F.);
#1304=ORIENTED_EDGE('',*,*,#1636,.T.);
#1305=ORIENTED_EDGE('',*,*,#1858,.F.);
#1306=ORIENTED_EDGE('',*,*,#1598,.T.);
#1307=ORIENTED_EDGE('',*,*,#1597,.F.);
#1308=ORIENTED_EDGE('',*,*,#1596,.T.);
#1309=ORIENTED_EDGE('',*,*,#1859,.F.);
#1310=ORIENTED_EDGE('',*,*,#1819,.T.);
#1311=ORIENTED_EDGE('',*,*,#1818,.F.);
#1312=ORIENTED_EDGE('',*,*,#1817,.T.);
#1313=ORIENTED_EDGE('',*,*,#1860,.T.);
#1314=ORIENTED_EDGE('',*,*,#1860,.F.);
#1315=ORIENTED_EDGE('',*,*,#1838,.T.);
#1316=ORIENTED_EDGE('',*,*,#1861,.T.);
#1317=ORIENTED_EDGE('',*,*,#1840,.T.);
#1318=ORIENTED_EDGE('',*,*,#1861,.F.);
#1319=ORIENTED_EDGE('',*,*,#1837,.T.);
#1320=ORIENTED_EDGE('',*,*,#1862,.T.);
#1321=ORIENTED_EDGE('',*,*,#1804,.T.);
#1322=ORIENTED_EDGE('',*,*,#1862,.F.);
#1323=ORIENTED_EDGE('',*,*,#1836,.T.);
#1324=ORIENTED_EDGE('',*,*,#1863,.T.);
#1325=ORIENTED_EDGE('',*,*,#1844,.T.);
#1326=ORIENTED_EDGE('',*,*,#1863,.F.);
#1327=ORIENTED_EDGE('',*,*,#1835,.T.);
#1328=ORIENTED_EDGE('',*,*,#1864,.T.);
#1329=ORIENTED_EDGE('',*,*,#1808,.T.);
#1330=ORIENTED_EDGE('',*,*,#1864,.F.);
#1331=ORIENTED_EDGE('',*,*,#1834,.T.);
#1332=ORIENTED_EDGE('',*,*,#1865,.T.);
#1333=ORIENTED_EDGE('',*,*,#1846,.T.);
#1334=ORIENTED_EDGE('',*,*,#1865,.F.);
#1335=ORIENTED_EDGE('',*,*,#1833,.T.);
#1336=ORIENTED_EDGE('',*,*,#1866,.T.);
#1337=ORIENTED_EDGE('',*,*,#1812,.T.);
#1338=ORIENTED_EDGE('',*,*,#1866,.F.);
#1339=ORIENTED_EDGE('',*,*,#1832,.T.);
#1340=ORIENTED_EDGE('',*,*,#1867,.T.);
#1341=ORIENTED_EDGE('',*,*,#1848,.T.);
#1342=ORIENTED_EDGE('',*,*,#1867,.F.);
#1343=ORIENTED_EDGE('',*,*,#1831,.T.);
#1344=ORIENTED_EDGE('',*,*,#1868,.T.);
#1345=ORIENTED_EDGE('',*,*,#1816,.T.);
#1346=ORIENTED_EDGE('',*,*,#1868,.F.);
#1347=ORIENTED_EDGE('',*,*,#1830,.T.);
#1348=ORIENTED_EDGE('',*,*,#1869,.T.);
#1349=ORIENTED_EDGE('',*,*,#1850,.T.);
#1350=ORIENTED_EDGE('',*,*,#1869,.F.);
#1351=ORIENTED_EDGE('',*,*,#1829,.T.);
#1352=ORIENTED_EDGE('',*,*,#1870,.T.);
#1353=ORIENTED_EDGE('',*,*,#1635,.T.);
#1354=ORIENTED_EDGE('',*,*,#1870,.F.);
#1355=ORIENTED_EDGE('',*,*,#1828,.T.);
#1356=ORIENTED_EDGE('',*,*,#1871,.T.);
#1357=ORIENTED_EDGE('',*,*,#1858,.T.);
#1358=ORIENTED_EDGE('',*,*,#1871,.F.);
#1359=ORIENTED_EDGE('',*,*,#1827,.T.);
#1360=ORIENTED_EDGE('',*,*,#1872,.T.);
#1361=ORIENTED_EDGE('',*,*,#1788,.T.);
#1362=ORIENTED_EDGE('',*,*,#1872,.F.);
#1363=ORIENTED_EDGE('',*,*,#1826,.T.);
#1364=ORIENTED_EDGE('',*,*,#1873,.T.);
#1365=ORIENTED_EDGE('',*,*,#1856,.T.);
#1366=ORIENTED_EDGE('',*,*,#1873,.F.);
#1367=ORIENTED_EDGE('',*,*,#1825,.T.);
#1368=ORIENTED_EDGE('',*,*,#1874,.T.);
#1369=ORIENTED_EDGE('',*,*,#1792,.T.);
#1370=ORIENTED_EDGE('',*,*,#1874,.F.);
#1371=ORIENTED_EDGE('',*,*,#1824,.T.);
#1372=ORIENTED_EDGE('',*,*,#1875,.T.);
#1373=ORIENTED_EDGE('',*,*,#1854,.T.);
#1374=ORIENTED_EDGE('',*,*,#1875,.F.);
#1375=ORIENTED_EDGE('',*,*,#1823,.T.);
#1376=ORIENTED_EDGE('',*,*,#1876,.T.);
#1377=ORIENTED_EDGE('',*,*,#1796,.T.);
#1378=ORIENTED_EDGE('',*,*,#1876,.F.);
#1379=ORIENTED_EDGE('',*,*,#1822,.T.);
#1380=ORIENTED_EDGE('',*,*,#1877,.T.);
#1381=ORIENTED_EDGE('',*,*,#1852,.T.);
#1382=ORIENTED_EDGE('',*,*,#1877,.F.);
#1383=ORIENTED_EDGE('',*,*,#1821,.T.);
#1384=ORIENTED_EDGE('',*,*,#1878,.T.);
#1385=ORIENTED_EDGE('',*,*,#1800,.T.);
#1386=ORIENTED_EDGE('',*,*,#1878,.F.);
#1387=ORIENTED_EDGE('',*,*,#1820,.T.);
#1388=ORIENTED_EDGE('',*,*,#1859,.T.);
#1389=ORIENTED_EDGE('',*,*,#1842,.T.);
#1390=ORIENTED_EDGE('',*,*,#1783,.T.);
#1391=ORIENTED_EDGE('',*,*,#1782,.F.);
#1392=ORIENTED_EDGE('',*,*,#1781,.T.);
#1393=ORIENTED_EDGE('',*,*,#1751,.T.);
#1394=ORIENTED_EDGE('',*,*,#1608,.T.);
#1395=ORIENTED_EDGE('',*,*,#1607,.F.);
#1396=ORIENTED_EDGE('',*,*,#1606,.T.);
#1397=ORIENTED_EDGE('',*,*,#1752,.F.);
#1398=ORIENTED_EDGE('',*,*,#1778,.F.);
#1399=ORIENTED_EDGE('',*,*,#1839,.T.);
#1400=ORIENTED_EDGE('',*,*,#1879,.T.);
#1401=ORIENTED_EDGE('',*,*,#1768,.T.);
#1402=ORIENTED_EDGE('',*,*,#1879,.F.);
#1403=ORIENTED_EDGE('',*,*,#1802,.T.);
#1404=ORIENTED_EDGE('',*,*,#1880,.T.);
#1405=ORIENTED_EDGE('',*,*,#1769,.T.);
#1406=ORIENTED_EDGE('',*,*,#1880,.F.);
#1407=ORIENTED_EDGE('',*,*,#1843,.T.);
#1408=ORIENTED_EDGE('',*,*,#1881,.T.);
#1409=ORIENTED_EDGE('',*,*,#1770,.T.);
#1410=ORIENTED_EDGE('',*,*,#1881,.F.);
#1411=ORIENTED_EDGE('',*,*,#1806,.T.);
#1412=ORIENTED_EDGE('',*,*,#1882,.T.);
#1413=ORIENTED_EDGE('',*,*,#1771,.T.);
#1414=ORIENTED_EDGE('',*,*,#1882,.F.);
#1415=ORIENTED_EDGE('',*,*,#1845,.T.);
#1416=ORIENTED_EDGE('',*,*,#1883,.T.);
#1417=ORIENTED_EDGE('',*,*,#1772,.T.);
#1418=ORIENTED_EDGE('',*,*,#1883,.F.);
#1419=ORIENTED_EDGE('',*,*,#1810,.T.);
#1420=ORIENTED_EDGE('',*,*,#1884,.T.);
#1421=ORIENTED_EDGE('',*,*,#1773,.T.);
#1422=ORIENTED_EDGE('',*,*,#1884,.F.);
#1423=ORIENTED_EDGE('',*,*,#1847,.T.);
#1424=ORIENTED_EDGE('',*,*,#1885,.T.);
#1425=ORIENTED_EDGE('',*,*,#1774,.T.);
#1426=ORIENTED_EDGE('',*,*,#1885,.F.);
#1427=ORIENTED_EDGE('',*,*,#1814,.T.);
#1428=ORIENTED_EDGE('',*,*,#1886,.T.);
#1429=ORIENTED_EDGE('',*,*,#1775,.T.);
#1430=ORIENTED_EDGE('',*,*,#1886,.F.);
#1431=ORIENTED_EDGE('',*,*,#1849,.T.);
#1432=ORIENTED_EDGE('',*,*,#1779,.T.);
#1433=ORIENTED_EDGE('',*,*,#1776,.T.);
#1434=ORIENTED_EDGE('',*,*,#1784,.F.);
#1435=ORIENTED_EDGE('',*,*,#1857,.T.);
#1436=ORIENTED_EDGE('',*,*,#1887,.T.);
#1437=ORIENTED_EDGE('',*,*,#1757,.T.);
#1438=ORIENTED_EDGE('',*,*,#1887,.F.);
#1439=ORIENTED_EDGE('',*,*,#1786,.T.);
#1440=ORIENTED_EDGE('',*,*,#1888,.T.);
#1441=ORIENTED_EDGE('',*,*,#1758,.T.);
#1442=ORIENTED_EDGE('',*,*,#1888,.F.);
#1443=ORIENTED_EDGE('',*,*,#1855,.T.);
#1444=ORIENTED_EDGE('',*,*,#1889,.T.);
#1445=ORIENTED_EDGE('',*,*,#1759,.T.);
#1446=ORIENTED_EDGE('',*,*,#1889,.F.);
#1447=ORIENTED_EDGE('',*,*,#1790,.T.);
#1448=ORIENTED_EDGE('',*,*,#1890,.T.);
#1449=ORIENTED_EDGE('',*,*,#1760,.T.);
#1450=ORIENTED_EDGE('',*,*,#1890,.F.);
#1451=ORIENTED_EDGE('',*,*,#1853,.T.);
#1452=ORIENTED_EDGE('',*,*,#1891,.T.);
#1453=ORIENTED_EDGE('',*,*,#1761,.T.);
#1454=ORIENTED_EDGE('',*,*,#1891,.F.);
#1455=ORIENTED_EDGE('',*,*,#1794,.T.);
#1456=ORIENTED_EDGE('',*,*,#1892,.T.);
#1457=ORIENTED_EDGE('',*,*,#1762,.T.);
#1458=ORIENTED_EDGE('',*,*,#1892,.F.);
#1459=ORIENTED_EDGE('',*,*,#1851,.T.);
#1460=ORIENTED_EDGE('',*,*,#1893,.T.);
#1461=ORIENTED_EDGE('',*,*,#1763,.T.);
#1462=ORIENTED_EDGE('',*,*,#1893,.F.);
#1463=ORIENTED_EDGE('',*,*,#1798,.T.);
#1464=ORIENTED_EDGE('',*,*,#1894,.T.);
#1465=ORIENTED_EDGE('',*,*,#1764,.T.);
#1466=ORIENTED_EDGE('',*,*,#1894,.F.);
#1467=ORIENTED_EDGE('',*,*,#1841,.T.);
#1468=ORIENTED_EDGE('',*,*,#1780,.T.);
#1469=ORIENTED_EDGE('',*,*,#1765,.T.);
#1470=EDGE_CURVE('',#1895,#1895,#2151,.T.);
#1471=EDGE_CURVE('',#1896,#1896,#2152,.T.);
#1472=EDGE_CURVE('',#1897,#1897,#2153,.T.);
#1473=EDGE_CURVE('',#1898,#1898,#2154,.T.);
#1474=EDGE_CURVE('',#1899,#1899,#2155,.T.);
#1475=EDGE_CURVE('',#1900,#1901,#162,.T.);
#1476=EDGE_CURVE('',#1902,#1900,#163,.T.);
#1477=EDGE_CURVE('',#1902,#1903,#164,.T.);
#1478=EDGE_CURVE('',#1903,#1901,#165,.T.);
#1479=EDGE_CURVE('',#1904,#1905,#166,.F.);
#1480=EDGE_CURVE('',#1905,#1901,#167,.T.);
#1481=EDGE_CURVE('',#1904,#1903,#168,.T.);
#1482=EDGE_CURVE('',#1906,#1907,#169,.F.);
#1483=EDGE_CURVE('',#1907,#1908,#170,.T.);
#1484=EDGE_CURVE('',#1908,#1909,#171,.T.);
#1485=EDGE_CURVE('',#1906,#1909,#172,.T.);
#1486=EDGE_CURVE('',#1900,#1910,#173,.T.);
#1487=EDGE_CURVE('',#1910,#1911,#174,.T.);
#1488=EDGE_CURVE('',#1902,#1911,#175,.T.);
#1489=EDGE_CURVE('',#1912,#1913,#176,.T.);
#1490=EDGE_CURVE('',#1912,#1914,#177,.T.);
#1491=EDGE_CURVE('',#1914,#1915,#178,.T.);
#1492=EDGE_CURVE('',#1915,#1913,#179,.F.);
#1493=EDGE_CURVE('',#1916,#1906,#180,.T.);
#1494=EDGE_CURVE('',#1909,#1917,#181,.F.);
#1495=EDGE_CURVE('',#1917,#1918,#2156,.F.);
#1496=EDGE_CURVE('',#1918,#1919,#182,.F.);
#1497=EDGE_CURVE('',#1919,#1920,#2157,.F.);
#1498=EDGE_CURVE('',#1920,#1921,#183,.F.);
#1499=EDGE_CURVE('',#1921,#1922,#2158,.T.);
#1500=EDGE_CURVE('',#1922,#1923,#184,.F.);
#1501=EDGE_CURVE('',#1923,#1924,#2159,.F.);
#1502=EDGE_CURVE('',#1924,#1925,#185,.F.);
#1503=EDGE_CURVE('',#1925,#1916,#2160,.F.);
#1504=EDGE_CURVE('',#1914,#1926,#186,.T.);
#1505=EDGE_CURVE('',#1926,#1927,#2161,.F.);
#1506=EDGE_CURVE('',#1927,#1928,#187,.T.);
#1507=EDGE_CURVE('',#1928,#1929,#2162,.F.);
#1508=EDGE_CURVE('',#1929,#1930,#188,.T.);
#1509=EDGE_CURVE('',#1930,#1931,#2163,.T.);
#1510=EDGE_CURVE('',#1931,#1932,#189,.T.);
#1511=EDGE_CURVE('',#1932,#1933,#2164,.F.);
#1512=EDGE_CURVE('',#1933,#1934,#190,.T.);
#1513=EDGE_CURVE('',#1934,#1935,#2165,.F.);
#1514=EDGE_CURVE('',#1935,#1915,#191,.F.);
#1515=EDGE_CURVE('',#1936,#1937,#192,.T.);
#1516=EDGE_CURVE('',#1936,#1915,#52,.T.);
#1517=EDGE_CURVE('',#1937,#1935,#2166,.T.);
#1518=EDGE_CURVE('',#1914,#1938,#53,.F.);
#1519=EDGE_CURVE('',#1939,#1938,#193,.F.);
#1520=EDGE_CURVE('',#1939,#1926,#2167,.T.);
#1521=EDGE_CURVE('',#1909,#1940,#54,.F.);
#1522=EDGE_CURVE('',#1941,#1940,#194,.T.);
#1523=EDGE_CURVE('',#1941,#1917,#2168,.T.);
#1524=EDGE_CURVE('',#1942,#1904,#195,.F.);
#1525=EDGE_CURVE('',#1911,#1943,#196,.F.);
#1526=EDGE_CURVE('',#1943,#1944,#197,.T.);
#1527=EDGE_CURVE('',#1944,#1945,#198,.T.);
#1528=EDGE_CURVE('',#1945,#1946,#199,.T.);
#1529=EDGE_CURVE('',#1946,#1947,#200,.T.);
#1530=EDGE_CURVE('',#1948,#1947,#201,.T.);
#1531=EDGE_CURVE('',#1948,#1949,#202,.T.);
#1532=EDGE_CURVE('',#1949,#1950,#203,.T.);
#1533=EDGE_CURVE('',#1950,#1951,#204,.F.);
#1534=EDGE_CURVE('',#1951,#1952,#205,.F.);
#1535=EDGE_CURVE('',#1952,#1953,#206,.T.);
#1536=EDGE_CURVE('',#1953,#1954,#207,.T.);
#1537=EDGE_CURVE('',#1955,#1954,#208,.T.);
#1538=EDGE_CURVE('',#1956,#1955,#209,.T.);
#1539=EDGE_CURVE('',#1957,#1956,#210,.T.);
#1540=EDGE_CURVE('',#1958,#1957,#211,.T.);
#1541=EDGE_CURVE('',#1959,#1958,#212,.T.);
#1542=EDGE_CURVE('',#1942,#1959,#213,.T.);
#1543=EDGE_CURVE('',#1960,#1961,#214,.F.);
#1544=EDGE_CURVE('',#1960,#1906,#55,.T.);
#1545=EDGE_CURVE('',#1961,#1916,#2169,.T.);
#1546=EDGE_CURVE('',#1962,#1955,#215,.T.);
#1547=EDGE_CURVE('',#1962,#1963,#216,.T.);
#1548=EDGE_CURVE('',#1963,#1948,#217,.T.);
#1549=EDGE_CURVE('',#1964,#1947,#218,.T.);
#1550=EDGE_CURVE('',#1965,#1964,#219,.T.);
#1551=EDGE_CURVE('',#1965,#1956,#220,.T.);
#1552=EDGE_CURVE('',#1966,#1967,#221,.T.);
#1553=EDGE_CURVE('',#1967,#1968,#222,.F.);
#1554=EDGE_CURVE('',#1968,#1969,#223,.T.);
#1555=EDGE_CURVE('',#1969,#1970,#224,.T.);
#1556=EDGE_CURVE('',#1971,#1970,#225,.T.);
#1557=EDGE_CURVE('',#1971,#1972,#226,.F.);
#1558=EDGE_CURVE('',#1973,#1972,#227,.T.);
#1559=EDGE_CURVE('',#1973,#1966,#228,.T.);
#1560=EDGE_CURVE('',#1974,#1975,#229,.F.);
#1561=EDGE_CURVE('',#1975,#1976,#230,.F.);
#1562=EDGE_CURVE('',#1976,#1977,#231,.T.);
#1563=EDGE_CURVE('',#1977,#1974,#232,.T.);
#1564=EDGE_CURVE('',#1978,#1979,#233,.F.);
#1565=EDGE_CURVE('',#1979,#1980,#234,.F.);
#1566=EDGE_CURVE('',#1980,#1981,#235,.T.);
#1567=EDGE_CURVE('',#1981,#1978,#236,.T.);
#1568=EDGE_CURVE('',#1982,#1983,#237,.F.);
#1569=EDGE_CURVE('',#1983,#1984,#238,.F.);
#1570=EDGE_CURVE('',#1984,#1985,#239,.T.);
#1571=EDGE_CURVE('',#1985,#1982,#240,.T.);
#1572=EDGE_CURVE('',#1986,#1987,#241,.F.);
#1573=EDGE_CURVE('',#1987,#1988,#242,.F.);
#1574=EDGE_CURVE('',#1988,#1989,#243,.T.);
#1575=EDGE_CURVE('',#1989,#1986,#244,.T.);
#1576=EDGE_CURVE('',#1990,#1991,#245,.T.);
#1577=EDGE_CURVE('',#1990,#1992,#2170,.F.);
#1578=EDGE_CURVE('',#1992,#1993,#246,.T.);
#1579=EDGE_CURVE('',#1993,#1942,#2171,.F.);
#1580=EDGE_CURVE('',#1991,#1959,#247,.T.);
#1581=EDGE_CURVE('',#1994,#1958,#248,.T.);
#1582=EDGE_CURVE('',#1991,#1994,#249,.T.);
#1583=EDGE_CURVE('',#1995,#1957,#250,.T.);
#1584=EDGE_CURVE('',#1994,#1995,#251,.T.);
#1585=EDGE_CURVE('',#1995,#1965,#252,.T.);
#1586=EDGE_CURVE('',#1996,#1946,#253,.T.);
#1587=EDGE_CURVE('',#1996,#1964,#254,.T.);
#1588=EDGE_CURVE('',#1997,#1945,#255,.T.);
#1589=EDGE_CURVE('',#1997,#1996,#256,.T.);
#1590=EDGE_CURVE('',#1998,#1944,#257,.T.);
#1591=EDGE_CURVE('',#1998,#1997,#258,.T.);
#1592=EDGE_CURVE('',#1999,#2000,#259,.T.);
#1593=EDGE_CURVE('',#1999,#2001,#2172,.T.);
#1594=EDGE_CURVE('',#2001,#1998,#260,.T.);
#1595=EDGE_CURVE('',#1943,#2000,#2173,.T.);
#1596=EDGE_CURVE('',#2002,#2003,#261,.F.);
#1597=EDGE_CURVE('',#2002,#2004,#262,.T.);
#1598=EDGE_CURVE('',#2005,#2004,#263,.F.);
#1599=EDGE_CURVE('',#2006,#2005,#264,.F.);
#1600=EDGE_CURVE('',#2007,#2006,#265,.T.);
#1601=EDGE_CURVE('',#2007,#1936,#266,.T.);
#1602=EDGE_CURVE('',#1937,#2008,#267,.F.);
#1603=EDGE_CURVE('',#2008,#1999,#268,.F.);
#1604=EDGE_CURVE('',#2000,#2009,#269,.T.);
#1605=EDGE_CURVE('',#2009,#2010,#270,.F.);
#1606=EDGE_CURVE('',#2011,#2010,#271,.T.);
#1607=EDGE_CURVE('',#2011,#2012,#272,.F.);
#1608=EDGE_CURVE('',#2013,#2012,#273,.T.);
#1609=EDGE_CURVE('',#2013,#2014,#274,.T.);
#1610=EDGE_CURVE('',#2014,#1993,#275,.T.);
#1611=EDGE_CURVE('',#1992,#2015,#276,.F.);
#1612=EDGE_CURVE('',#2015,#1941,#277,.T.);
#1613=EDGE_CURVE('',#1940,#2016,#278,.F.);
#1614=EDGE_CURVE('',#2017,#2016,#279,.T.);
#1615=EDGE_CURVE('',#2003,#2017,#280,.T.);
#1616=EDGE_CURVE('',#2018,#2019,#281,.F.);
#1617=EDGE_CURVE('',#2019,#2020,#282,.T.);
#1618=EDGE_CURVE('',#2020,#2021,#283,.T.);
#1619=EDGE_CURVE('',#2021,#2018,#284,.F.);
#1620=EDGE_CURVE('',#2022,#2023,#285,.F.);
#1621=EDGE_CURVE('',#2023,#2024,#286,.T.);
#1622=EDGE_CURVE('',#2024,#2025,#287,.T.);
#1623=EDGE_CURVE('',#2025,#2022,#288,.F.);
#1624=EDGE_CURVE('',#2026,#2027,#289,.F.);
#1625=EDGE_CURVE('',#2027,#2028,#290,.T.);
#1626=EDGE_CURVE('',#2028,#2029,#291,.T.);
#1627=EDGE_CURVE('',#2029,#2026,#292,.F.);
#1628=EDGE_CURVE('',#2030,#2031,#293,.F.);
#1629=EDGE_CURVE('',#2031,#2032,#294,.T.);
#1630=EDGE_CURVE('',#2032,#2033,#295,.T.);
#1631=EDGE_CURVE('',#2033,#2030,#296,.F.);
#1632=EDGE_CURVE('',#1938,#2034,#297,.F.);
#1633=EDGE_CURVE('',#2035,#2034,#298,.F.);
#1634=EDGE_CURVE('',#2036,#2035,#299,.T.);
#1635=EDGE_CURVE('',#2037,#2036,#300,.T.);
#1636=EDGE_CURVE('',#2038,#2037,#301,.F.);
#1637=EDGE_CURVE('',#2039,#2038,#302,.F.);
#1638=EDGE_CURVE('',#2039,#1960,#303,.T.);
#1639=EDGE_CURVE('',#1961,#2040,#304,.F.);
#1640=EDGE_CURVE('',#2040,#2041,#305,.T.);
#1641=EDGE_CURVE('',#2041,#1939,#306,.T.);
#1642=EDGE_CURVE('',#2042,#2042,#2174,.T.);
#1643=EDGE_CURVE('',#2043,#2043,#2175,.T.);
#1644=EDGE_CURVE('',#2044,#2044,#2176,.T.);
#1645=EDGE_CURVE('',#2045,#2045,#2177,.T.);
#1646=EDGE_CURVE('',#2046,#2046,#2178,.T.);
#1647=EDGE_CURVE('',#2047,#2048,#307,.T.);
#1648=EDGE_CURVE('',#2048,#2049,#308,.F.);
#1649=EDGE_CURVE('',#2049,#2050,#309,.F.);
#1650=EDGE_CURVE('',#2050,#2047,#310,.T.);
#1651=EDGE_CURVE('',#2051,#2052,#2179,.T.);
#1652=EDGE_CURVE('',#2052,#1990,#311,.T.);
#1653=EDGE_CURVE('',#2001,#2053,#312,.T.);
#1654=EDGE_CURVE('',#2053,#2054,#2180,.T.);
#1655=EDGE_CURVE('',#2054,#2055,#313,.F.);
#1656=EDGE_CURVE('',#2055,#2056,#2181,.T.);
#1657=EDGE_CURVE('',#2056,#2057,#314,.F.);
#1658=EDGE_CURVE('',#2057,#2058,#2182,.F.);
#1659=EDGE_CURVE('',#2058,#2059,#315,.F.);
#1660=EDGE_CURVE('',#2059,#2060,#2183,.T.);
#1661=EDGE_CURVE('',#2060,#2061,#316,.F.);
#1662=EDGE_CURVE('',#2061,#2062,#2184,.T.);
#1663=EDGE_CURVE('',#2062,#2063,#317,.F.);
#1664=EDGE_CURVE('',#2063,#2064,#2185,.T.);
#1665=EDGE_CURVE('',#2064,#2065,#318,.T.);
#1666=EDGE_CURVE('',#2065,#2066,#2186,.T.);
#1667=EDGE_CURVE('',#2066,#2067,#319,.T.);
#1668=EDGE_CURVE('',#2067,#2068,#2187,.F.);
#1669=EDGE_CURVE('',#2068,#2069,#320,.T.);
#1670=EDGE_CURVE('',#2069,#2070,#2188,.T.);
#1671=EDGE_CURVE('',#2070,#2051,#321,.T.);
#1672=EDGE_CURVE('',#2020,#2008,#2189,.F.);
#1673=EDGE_CURVE('',#1937,#2021,#2190,.T.);
#1674=EDGE_CURVE('',#2015,#1987,#2191,.F.);
#1675=EDGE_CURVE('',#1986,#1941,#2192,.T.);
#1676=EDGE_CURVE('',#2024,#2019,#2193,.F.);
#1677=EDGE_CURVE('',#2018,#2025,#2194,.T.);
#1678=EDGE_CURVE('',#2028,#2023,#2195,.T.);
#1679=EDGE_CURVE('',#2022,#2029,#2196,.F.);
#1680=EDGE_CURVE('',#2032,#2027,#2197,.F.);
#1681=EDGE_CURVE('',#2026,#2033,#2198,.T.);
#1682=EDGE_CURVE('',#2041,#2031,#2199,.F.);
#1683=EDGE_CURVE('',#2030,#1939,#2200,.T.);
#1684=EDGE_CURVE('',#1988,#1983,#2201,.F.);
#1685=EDGE_CURVE('',#1982,#1989,#2202,.T.);
#1686=EDGE_CURVE('',#1984,#1979,#2203,.T.);
#1687=EDGE_CURVE('',#1978,#1985,#2204,.F.);
#1688=EDGE_CURVE('',#1980,#1975,#2205,.F.);
#1689=EDGE_CURVE('',#1974,#1981,#2206,.T.);
#1690=EDGE_CURVE('',#1976,#2040,#2207,.F.);
#1691=EDGE_CURVE('',#1961,#1977,#2208,.T.);
#1692=EDGE_CURVE('',#2071,#2072,#322,.T.);
#1693=EDGE_CURVE('',#2072,#2073,#323,.T.);
#1694=EDGE_CURVE('',#2074,#2073,#324,.T.);
#1695=EDGE_CURVE('',#2074,#2071,#325,.F.);
#1696=EDGE_CURVE('',#2073,#1967,#326,.T.);
#1697=EDGE_CURVE('',#1966,#2074,#327,.F.);
#1698=EDGE_CURVE('',#1972,#2072,#328,.F.);
#1699=EDGE_CURVE('',#2071,#1973,#329,.T.);
#1700=EDGE_CURVE('',#1954,#1971,#56,.T.);
#1701=EDGE_CURVE('',#1962,#1970,#330,.T.);
#1702=EDGE_CURVE('',#1968,#1949,#57,.F.);
#1703=EDGE_CURVE('',#1963,#1969,#331,.T.);
#1704=EDGE_CURVE('',#2053,#2008,#2209,.T.);
#1705=EDGE_CURVE('',#2054,#2020,#2210,.T.);
#1706=EDGE_CURVE('',#2055,#2019,#2211,.T.);
#1707=EDGE_CURVE('',#2056,#2024,#2212,.T.);
#1708=EDGE_CURVE('',#2057,#2023,#2213,.T.);
#1709=EDGE_CURVE('',#2058,#2028,#2214,.T.);
#1710=EDGE_CURVE('',#2059,#2027,#2215,.T.);
#1711=EDGE_CURVE('',#2060,#2032,#2216,.T.);
#1712=EDGE_CURVE('',#2061,#2031,#2217,.T.);
#1713=EDGE_CURVE('',#2062,#2041,#2218,.T.);
#1714=EDGE_CURVE('',#2063,#2040,#2219,.T.);
#1715=EDGE_CURVE('',#2064,#1976,#2220,.T.);
#1716=EDGE_CURVE('',#2065,#1975,#2221,.T.);
#1717=EDGE_CURVE('',#2066,#1980,#2222,.T.);
#1718=EDGE_CURVE('',#2067,#1979,#2223,.T.);
#1719=EDGE_CURVE('',#2068,#1984,#2224,.T.);
#1720=EDGE_CURVE('',#2069,#1983,#2225,.T.);
#1721=EDGE_CURVE('',#2070,#1988,#2226,.T.);
#1722=EDGE_CURVE('',#2051,#1987,#2227,.T.);
#1723=EDGE_CURVE('',#2052,#2015,#2228,.T.);
#1724=EDGE_CURVE('',#1911,#2009,#58,.F.);
#1725=EDGE_CURVE('',#2021,#1934,#2229,.T.);
#1726=EDGE_CURVE('',#2018,#1933,#2230,.T.);
#1727=EDGE_CURVE('',#2025,#1932,#2231,.T.);
#1728=EDGE_CURVE('',#2022,#1931,#2232,.T.);
#1729=EDGE_CURVE('',#2029,#1930,#2233,.T.);
#1730=EDGE_CURVE('',#2026,#1929,#2234,.T.);
#1731=EDGE_CURVE('',#2033,#1928,#2235,.T.);
#1732=EDGE_CURVE('',#2030,#1927,#2236,.T.);
#1733=EDGE_CURVE('',#1977,#1925,#2237,.T.);
#1734=EDGE_CURVE('',#1974,#1924,#2238,.T.);
#1735=EDGE_CURVE('',#1981,#1923,#2239,.T.);
#1736=EDGE_CURVE('',#1978,#1922,#2240,.T.);
#1737=EDGE_CURVE('',#1985,#1921,#2241,.T.);
#1738=EDGE_CURVE('',#1982,#1920,#2242,.T.);
#1739=EDGE_CURVE('',#1989,#1919,#2243,.T.);
#1740=EDGE_CURVE('',#1986,#1918,#2244,.T.);
#1741=EDGE_CURVE('',#2014,#1904,#59,.F.);
#1742=EDGE_CURVE('',#1972,#1953,#60,.T.);
#1743=EDGE_CURVE('',#2072,#1952,#61,.T.);
#1744=EDGE_CURVE('',#2073,#1951,#62,.T.);
#1745=EDGE_CURVE('',#1967,#1950,#63,.T.);
#1746=EDGE_CURVE('',#2047,#2074,#64,.F.);
#1747=EDGE_CURVE('',#2071,#2050,#65,.T.);
#1748=EDGE_CURVE('',#1973,#2049,#66,.T.);
#1749=EDGE_CURVE('',#2048,#1966,#67,.F.);
#1750=EDGE_CURVE('',#1908,#2016,#68,.F.);
#1751=EDGE_CURVE('',#1905,#2013,#69,.T.);
#1752=EDGE_CURVE('',#1910,#2010,#70,.F.);
#1753=EDGE_CURVE('',#1913,#2007,#71,.F.);
#1754=EDGE_CURVE('',#1912,#2034,#72,.F.);
#1755=EDGE_CURVE('',#1907,#2039,#73,.F.);
#1756=EDGE_CURVE('',#2075,#1907,#332,.T.);
#1757=EDGE_CURVE('',#2076,#2075,#2245,.F.);
#1758=EDGE_CURVE('',#2077,#2076,#333,.F.);
#1759=EDGE_CURVE('',#2078,#2077,#2246,.F.);
#1760=EDGE_CURVE('',#2079,#2078,#334,.F.);
#1761=EDGE_CURVE('',#2080,#2079,#2247,.T.);
#1762=EDGE_CURVE('',#2081,#2080,#335,.F.);
#1763=EDGE_CURVE('',#2082,#2081,#2248,.F.);
#1764=EDGE_CURVE('',#2083,#2082,#336,.F.);
#1765=EDGE_CURVE('',#2084,#2083,#2249,.F.);
#1766=EDGE_CURVE('',#1908,#2084,#337,.F.);
#1767=EDGE_CURVE('',#2085,#1913,#338,.F.);
#1768=EDGE_CURVE('',#2086,#2085,#2250,.F.);
#1769=EDGE_CURVE('',#2087,#2086,#339,.T.);
#1770=EDGE_CURVE('',#2088,#2087,#2251,.F.);
#1771=EDGE_CURVE('',#2089,#2088,#340,.T.);
#1772=EDGE_CURVE('',#2090,#2089,#2252,.T.);
#1773=EDGE_CURVE('',#2091,#2090,#341,.T.);
#1774=EDGE_CURVE('',#2092,#2091,#2253,.F.);
#1775=EDGE_CURVE('',#2093,#2092,#342,.T.);
#1776=EDGE_CURVE('',#2094,#2093,#2254,.F.);
#1777=EDGE_CURVE('',#1912,#2094,#343,.T.);
#1778=EDGE_CURVE('',#2006,#2085,#2255,.T.);
#1779=EDGE_CURVE('',#2035,#2094,#2256,.T.);
#1780=EDGE_CURVE('',#2017,#2084,#2257,.T.);
#1781=EDGE_CURVE('',#2095,#1905,#344,.F.);
#1782=EDGE_CURVE('',#2095,#2096,#345,.T.);
#1783=EDGE_CURVE('',#1910,#2096,#346,.F.);
#1784=EDGE_CURVE('',#2038,#2075,#2258,.T.);
#1785=EDGE_CURVE('',#2097,#2098,#347,.F.);
#1786=EDGE_CURVE('',#2099,#2097,#348,.T.);
#1787=EDGE_CURVE('',#2100,#2099,#349,.T.);
#1788=EDGE_CURVE('',#2098,#2100,#350,.F.);
#1789=EDGE_CURVE('',#2101,#2102,#351,.F.);
#1790=EDGE_CURVE('',#2103,#2101,#352,.T.);
#1791=EDGE_CURVE('',#2104,#2103,#353,.T.);
#1792=EDGE_CURVE('',#2102,#2104,#354,.F.);
#1793=EDGE_CURVE('',#2105,#2106,#355,.F.);
#1794=EDGE_CURVE('',#2107,#2105,#356,.T.);
#1795=EDGE_CURVE('',#2108,#2107,#357,.T.);
#1796=EDGE_CURVE('',#2106,#2108,#358,.F.);
#1797=EDGE_CURVE('',#2109,#2110,#359,.F.);
#1798=EDGE_CURVE('',#2111,#2109,#360,.T.);
#1799=EDGE_CURVE('',#2112,#2111,#361,.T.);
#1800=EDGE_CURVE('',#2110,#2112,#362,.F.);
#1801=EDGE_CURVE('',#2113,#2114,#363,.F.);
#1802=EDGE_CURVE('',#2115,#2113,#364,.F.);
#1803=EDGE_CURVE('',#2116,#2115,#365,.T.);
#1804=EDGE_CURVE('',#2114,#2116,#366,.T.);
#1805=EDGE_CURVE('',#2117,#2118,#367,.F.);
#1806=EDGE_CURVE('',#2119,#2117,#368,.F.);
#1807=EDGE_CURVE('',#2120,#2119,#369,.T.);
#1808=EDGE_CURVE('',#2118,#2120,#370,.T.);
#1809=EDGE_CURVE('',#2121,#2122,#371,.F.);
#1810=EDGE_CURVE('',#2123,#2121,#372,.F.);
#1811=EDGE_CURVE('',#2124,#2123,#373,.T.);
#1812=EDGE_CURVE('',#2122,#2124,#374,.T.);
#1813=EDGE_CURVE('',#2125,#2126,#375,.F.);
#1814=EDGE_CURVE('',#2127,#2125,#376,.F.);
#1815=EDGE_CURVE('',#2128,#2127,#377,.T.);
#1816=EDGE_CURVE('',#2126,#2128,#378,.T.);
#1817=EDGE_CURVE('',#2129,#2130,#379,.T.);
#1818=EDGE_CURVE('',#2129,#2131,#380,.F.);
#1819=EDGE_CURVE('',#2132,#2131,#381,.T.);
#1820=EDGE_CURVE('',#2133,#2132,#2259,.T.);
#1821=EDGE_CURVE('',#2134,#2133,#382,.T.);
#1822=EDGE_CURVE('',#2135,#2134,#2260,.T.);
#1823=EDGE_CURVE('',#2136,#2135,#383,.T.);
#1824=EDGE_CURVE('',#2137,#2136,#2261,.F.);
#1825=EDGE_CURVE('',#2138,#2137,#384,.T.);
#1826=EDGE_CURVE('',#2139,#2138,#2262,.T.);
#1827=EDGE_CURVE('',#2140,#2139,#385,.T.);
#1828=EDGE_CURVE('',#2141,#2140,#2263,.T.);
#1829=EDGE_CURVE('',#2142,#2141,#386,.F.);
#1830=EDGE_CURVE('',#2143,#2142,#2264,.T.);
#1831=EDGE_CURVE('',#2144,#2143,#387,.F.);
#1832=EDGE_CURVE('',#2145,#2144,#2265,.T.);
#1833=EDGE_CURVE('',#2146,#2145,#388,.F.);
#1834=EDGE_CURVE('',#2147,#2146,#2266,.F.);
#1835=EDGE_CURVE('',#2148,#2147,#389,.F.);
#1836=EDGE_CURVE('',#2149,#2148,#2267,.T.);
#1837=EDGE_CURVE('',#2150,#2149,#390,.F.);
#1838=EDGE_CURVE('',#2130,#2150,#2268,.T.);
#1839=EDGE_CURVE('',#2006,#2115,#2269,.T.);
#1840=EDGE_CURVE('',#2116,#2005,#2270,.F.);
#1841=EDGE_CURVE('',#2109,#2017,#2271,.T.);
#1842=EDGE_CURVE('',#2003,#2110,#2272,.F.);
#1843=EDGE_CURVE('',#2113,#2119,#2273,.T.);
#1844=EDGE_CURVE('',#2120,#2114,#2274,.F.);
#1845=EDGE_CURVE('',#2117,#2123,#2275,.F.);
#1846=EDGE_CURVE('',#2124,#2118,#2276,.T.);
#1847=EDGE_CURVE('',#2121,#2127,#2277,.T.);
#1848=EDGE_CURVE('',#2128,#2122,#2278,.F.);
#1849=EDGE_CURVE('',#2125,#2035,#2279,.T.);
#1850=EDGE_CURVE('',#2036,#2126,#2280,.F.);
#1851=EDGE_CURVE('',#2105,#2111,#2281,.T.);
#1852=EDGE_CURVE('',#2112,#2106,#2282,.F.);
#1853=EDGE_CURVE('',#2101,#2107,#2283,.F.);
#1854=EDGE_CURVE('',#2108,#2102,#2284,.T.);
#1855=EDGE_CURVE('',#2097,#2103,#2285,.T.);
#1856=EDGE_CURVE('',#2104,#2098,#2286,.F.);
#1857=EDGE_CURVE('',#2038,#2099,#2287,.T.);
#1858=EDGE_CURVE('',#2100,#2037,#2288,.F.);
#1859=EDGE_CURVE('',#2132,#2003,#2289,.T.);
#1860=EDGE_CURVE('',#2130,#2005,#2290,.T.);
#1861=EDGE_CURVE('',#2150,#2116,#2291,.T.);
#1862=EDGE_CURVE('',#2149,#2114,#2292,.T.);
#1863=EDGE_CURVE('',#2148,#2120,#2293,.T.);
#1864=EDGE_CURVE('',#2147,#2118,#2294,.T.);
#1865=EDGE_CURVE('',#2146,#2124,#2295,.T.);
#1866=EDGE_CURVE('',#2145,#2122,#2296,.T.);
#1867=EDGE_CURVE('',#2144,#2128,#2297,.T.);
#1868=EDGE_CURVE('',#2143,#2126,#2298,.T.);
#1869=EDGE_CURVE('',#2142,#2036,#2299,.T.);
#1870=EDGE_CURVE('',#2141,#2037,#2300,.T.);
#1871=EDGE_CURVE('',#2140,#2100,#2301,.T.);
#1872=EDGE_CURVE('',#2139,#2098,#2302,.T.);
#1873=EDGE_CURVE('',#2138,#2104,#2303,.T.);
#1874=EDGE_CURVE('',#2137,#2102,#2304,.T.);
#1875=EDGE_CURVE('',#2136,#2108,#2305,.T.);
#1876=EDGE_CURVE('',#2135,#2106,#2306,.T.);
#1877=EDGE_CURVE('',#2134,#2112,#2307,.T.);
#1878=EDGE_CURVE('',#2133,#2110,#2308,.T.);
#1879=EDGE_CURVE('',#2115,#2086,#2309,.T.);
#1880=EDGE_CURVE('',#2113,#2087,#2310,.T.);
#1881=EDGE_CURVE('',#2119,#2088,#2311,.T.);
#1882=EDGE_CURVE('',#2117,#2089,#2312,.T.);
#1883=EDGE_CURVE('',#2123,#2090,#2313,.T.);
#1884=EDGE_CURVE('',#2121,#2091,#2314,.T.);
#1885=EDGE_CURVE('',#2127,#2092,#2315,.T.);
#1886=EDGE_CURVE('',#2125,#2093,#2316,.T.);
#1887=EDGE_CURVE('',#2099,#2076,#2317,.T.);
#1888=EDGE_CURVE('',#2097,#2077,#2318,.T.);
#1889=EDGE_CURVE('',#2103,#2078,#2319,.T.);
#1890=EDGE_CURVE('',#2101,#2079,#2320,.T.);
#1891=EDGE_CURVE('',#2107,#2080,#2321,.T.);
#1892=EDGE_CURVE('',#2105,#2081,#2322,.T.);
#1893=EDGE_CURVE('',#2111,#2082,#2323,.T.);
#1894=EDGE_CURVE('',#2109,#2083,#2324,.T.);
#1895=VERTEX_POINT('',#4289);
#1896=VERTEX_POINT('',#4291);
#1897=VERTEX_POINT('',#4293);
#1898=VERTEX_POINT('',#4295);
#1899=VERTEX_POINT('',#4297);
#1900=VERTEX_POINT('',#4299);
#1901=VERTEX_POINT('',#4300);
#1902=VERTEX_POINT('',#4302);
#1903=VERTEX_POINT('',#4304);
#1904=VERTEX_POINT('',#4308);
#1905=VERTEX_POINT('',#4309);
#1906=VERTEX_POINT('',#4314);
#1907=VERTEX_POINT('',#4315);
#1908=VERTEX_POINT('',#4317);
#1909=VERTEX_POINT('',#4319);
#1910=VERTEX_POINT('',#4323);
#1911=VERTEX_POINT('',#4325);
#1912=VERTEX_POINT('',#4329);
#1913=VERTEX_POINT('',#4330);
#1914=VERTEX_POINT('',#4332);
#1915=VERTEX_POINT('',#4334);
#1916=VERTEX_POINT('',#4338);
#1917=VERTEX_POINT('',#4340);
#1918=VERTEX_POINT('',#4342);
#1919=VERTEX_POINT('',#4344);
#1920=VERTEX_POINT('',#4346);
#1921=VERTEX_POINT('',#4348);
#1922=VERTEX_POINT('',#4350);
#1923=VERTEX_POINT('',#4352);
#1924=VERTEX_POINT('',#4354);
#1925=VERTEX_POINT('',#4356);
#1926=VERTEX_POINT('',#4360);
#1927=VERTEX_POINT('',#4362);
#1928=VERTEX_POINT('',#4364);
#1929=VERTEX_POINT('',#4366);
#1930=VERTEX_POINT('',#4368);
#1931=VERTEX_POINT('',#4370);
#1932=VERTEX_POINT('',#4372);
#1933=VERTEX_POINT('',#4374);
#1934=VERTEX_POINT('',#4376);
#1935=VERTEX_POINT('',#4378);
#1936=VERTEX_POINT('',#4382);
#1937=VERTEX_POINT('',#4383);
#1938=VERTEX_POINT('',#4388);
#1939=VERTEX_POINT('',#4390);
#1940=VERTEX_POINT('',#4394);
#1941=VERTEX_POINT('',#4396);
#1942=VERTEX_POINT('',#4400);
#1943=VERTEX_POINT('',#4402);
#1944=VERTEX_POINT('',#4404);
#1945=VERTEX_POINT('',#4406);
#1946=VERTEX_POINT('',#4408);
#1947=VERTEX_POINT('',#4410);
#1948=VERTEX_POINT('',#4412);
#1949=VERTEX_POINT('',#4414);
#1950=VERTEX_POINT('',#4416);
#1951=VERTEX_POINT('',#4418);
#1952=VERTEX_POINT('',#4420);
#1953=VERTEX_POINT('',#4422);
#1954=VERTEX_POINT('',#4424);
#1955=VERTEX_POINT('',#4426);
#1956=VERTEX_POINT('',#4428);
#1957=VERTEX_POINT('',#4430);
#1958=VERTEX_POINT('',#4432);
#1959=VERTEX_POINT('',#4434);
#1960=VERTEX_POINT('',#4438);
#1961=VERTEX_POINT('',#4439);
#1962=VERTEX_POINT('',#4444);
#1963=VERTEX_POINT('',#4446);
#1964=VERTEX_POINT('',#4449);
#1965=VERTEX_POINT('',#4451);
#1966=VERTEX_POINT('',#4455);
#1967=VERTEX_POINT('',#4456);
#1968=VERTEX_POINT('',#4458);
#1969=VERTEX_POINT('',#4460);
#1970=VERTEX_POINT('',#4462);
#1971=VERTEX_POINT('',#4464);
#1972=VERTEX_POINT('',#4466);
#1973=VERTEX_POINT('',#4468);
#1974=VERTEX_POINT('',#4472);
#1975=VERTEX_POINT('',#4473);
#1976=VERTEX_POINT('',#4475);
#1977=VERTEX_POINT('',#4477);
#1978=VERTEX_POINT('',#4481);
#1979=VERTEX_POINT('',#4482);
#1980=VERTEX_POINT('',#4484);
#1981=VERTEX_POINT('',#4486);
#1982=VERTEX_POINT('',#4490);
#1983=VERTEX_POINT('',#4491);
#1984=VERTEX_POINT('',#4493);
#1985=VERTEX_POINT('',#4495);
#1986=VERTEX_POINT('',#4499);
#1987=VERTEX_POINT('',#4500);
#1988=VERTEX_POINT('',#4502);
#1989=VERTEX_POINT('',#4504);
#1990=VERTEX_POINT('',#4508);
#1991=VERTEX_POINT('',#4509);
#1992=VERTEX_POINT('',#4511);
#1993=VERTEX_POINT('',#4513);
#1994=VERTEX_POINT('',#4518);
#1995=VERTEX_POINT('',#4522);
#1996=VERTEX_POINT('',#4528);
#1997=VERTEX_POINT('',#4532);
#1998=VERTEX_POINT('',#4536);
#1999=VERTEX_POINT('',#4540);
#2000=VERTEX_POINT('',#4541);
#2001=VERTEX_POINT('',#4543);
#2002=VERTEX_POINT('',#4548);
#2003=VERTEX_POINT('',#4549);
#2004=VERTEX_POINT('',#4551);
#2005=VERTEX_POINT('',#4553);
#2006=VERTEX_POINT('',#4555);
#2007=VERTEX_POINT('',#4557);
#2008=VERTEX_POINT('',#4560);
#2009=VERTEX_POINT('',#4563);
#2010=VERTEX_POINT('',#4565);
#2011=VERTEX_POINT('',#4567);
#2012=VERTEX_POINT('',#4569);
#2013=VERTEX_POINT('',#4571);
#2014=VERTEX_POINT('',#4573);
#2015=VERTEX_POINT('',#4576);
#2016=VERTEX_POINT('',#4579);
#2017=VERTEX_POINT('',#4581);
#2018=VERTEX_POINT('',#4585);
#2019=VERTEX_POINT('',#4586);
#2020=VERTEX_POINT('',#4588);
#2021=VERTEX_POINT('',#4590);
#2022=VERTEX_POINT('',#4594);
#2023=VERTEX_POINT('',#4595);
#2024=VERTEX_POINT('',#4597);
#2025=VERTEX_POINT('',#4599);
#2026=VERTEX_POINT('',#4603);
#2027=VERTEX_POINT('',#4604);
#2028=VERTEX_POINT('',#4606);
#2029=VERTEX_POINT('',#4608);
#2030=VERTEX_POINT('',#4612);
#2031=VERTEX_POINT('',#4613);
#2032=VERTEX_POINT('',#4615);
#2033=VERTEX_POINT('',#4617);
#2034=VERTEX_POINT('',#4621);
#2035=VERTEX_POINT('',#4623);
#2036=VERTEX_POINT('',#4625);
#2037=VERTEX_POINT('',#4627);
#2038=VERTEX_POINT('',#4629);
#2039=VERTEX_POINT('',#4631);
#2040=VERTEX_POINT('',#4634);
#2041=VERTEX_POINT('',#4636);
#2042=VERTEX_POINT('',#4639);
#2043=VERTEX_POINT('',#4641);
#2044=VERTEX_POINT('',#4643);
#2045=VERTEX_POINT('',#4645);
#2046=VERTEX_POINT('',#4647);
#2047=VERTEX_POINT('',#4650);
#2048=VERTEX_POINT('',#4651);
#2049=VERTEX_POINT('',#4653);
#2050=VERTEX_POINT('',#4655);
#2051=VERTEX_POINT('',#4658);
#2052=VERTEX_POINT('',#4659);
#2053=VERTEX_POINT('',#4662);
#2054=VERTEX_POINT('',#4664);
#2055=VERTEX_POINT('',#4666);
#2056=VERTEX_POINT('',#4668);
#2057=VERTEX_POINT('',#4670);
#2058=VERTEX_POINT('',#4672);
#2059=VERTEX_POINT('',#4674);
#2060=VERTEX_POINT('',#4676);
#2061=VERTEX_POINT('',#4678);
#2062=VERTEX_POINT('',#4680);
#2063=VERTEX_POINT('',#4682);
#2064=VERTEX_POINT('',#4684);
#2065=VERTEX_POINT('',#4686);
#2066=VERTEX_POINT('',#4688);
#2067=VERTEX_POINT('',#4690);
#2068=VERTEX_POINT('',#4692);
#2069=VERTEX_POINT('',#4694);
#2070=VERTEX_POINT('',#4696);
#2071=VERTEX_POINT('',#4730);
#2072=VERTEX_POINT('',#4731);
#2073=VERTEX_POINT('',#4733);
#2074=VERTEX_POINT('',#4735);
#2075=VERTEX_POINT('',#4865);
#2076=VERTEX_POINT('',#4867);
#2077=VERTEX_POINT('',#4869);
#2078=VERTEX_POINT('',#4871);
#2079=VERTEX_POINT('',#4873);
#2080=VERTEX_POINT('',#4875);
#2081=VERTEX_POINT('',#4877);
#2082=VERTEX_POINT('',#4879);
#2083=VERTEX_POINT('',#4881);
#2084=VERTEX_POINT('',#4883);
#2085=VERTEX_POINT('',#4887);
#2086=VERTEX_POINT('',#4889);
#2087=VERTEX_POINT('',#4891);
#2088=VERTEX_POINT('',#4893);
#2089=VERTEX_POINT('',#4895);
#2090=VERTEX_POINT('',#4897);
#2091=VERTEX_POINT('',#4899);
#2092=VERTEX_POINT('',#4901);
#2093=VERTEX_POINT('',#4903);
#2094=VERTEX_POINT('',#4905);
#2095=VERTEX_POINT('',#4915);
#2096=VERTEX_POINT('',#4917);
#2097=VERTEX_POINT('',#4923);
#2098=VERTEX_POINT('',#4924);
#2099=VERTEX_POINT('',#4926);
#2100=VERTEX_POINT('',#4928);
#2101=VERTEX_POINT('',#4932);
#2102=VERTEX_POINT('',#4933);
#2103=VERTEX_POINT('',#4935);
#2104=VERTEX_POINT('',#4937);
#2105=VERTEX_POINT('',#4941);
#2106=VERTEX_POINT('',#4942);
#2107=VERTEX_POINT('',#4944);
#2108=VERTEX_POINT('',#4946);
#2109=VERTEX_POINT('',#4950);
#2110=VERTEX_POINT('',#4951);
#2111=VERTEX_POINT('',#4953);
#2112=VERTEX_POINT('',#4955);
#2113=VERTEX_POINT('',#4959);
#2114=VERTEX_POINT('',#4960);
#2115=VERTEX_POINT('',#4962);
#2116=VERTEX_POINT('',#4964);
#2117=VERTEX_POINT('',#4968);
#2118=VERTEX_POINT('',#4969);
#2119=VERTEX_POINT('',#4971);
#2120=VERTEX_POINT('',#4973);
#2121=VERTEX_POINT('',#4977);
#2122=VERTEX_POINT('',#4978);
#2123=VERTEX_POINT('',#4980);
#2124=VERTEX_POINT('',#4982);
#2125=VERTEX_POINT('',#4986);
#2126=VERTEX_POINT('',#4987);
#2127=VERTEX_POINT('',#4989);
#2128=VERTEX_POINT('',#4991);
#2129=VERTEX_POINT('',#4995);
#2130=VERTEX_POINT('',#4996);
#2131=VERTEX_POINT('',#4998);
#2132=VERTEX_POINT('',#5000);
#2133=VERTEX_POINT('',#5002);
#2134=VERTEX_POINT('',#5004);
#2135=VERTEX_POINT('',#5006);
#2136=VERTEX_POINT('',#5008);
#2137=VERTEX_POINT('',#5010);
#2138=VERTEX_POINT('',#5012);
#2139=VERTEX_POINT('',#5014);
#2140=VERTEX_POINT('',#5016);
#2141=VERTEX_POINT('',#5018);
#2142=VERTEX_POINT('',#5020);
#2143=VERTEX_POINT('',#5022);
#2144=VERTEX_POINT('',#5024);
#2145=VERTEX_POINT('',#5026);
#2146=VERTEX_POINT('',#5028);
#2147=VERTEX_POINT('',#5030);
#2148=VERTEX_POINT('',#5032);
#2149=VERTEX_POINT('',#5034);
#2150=VERTEX_POINT('',#5036);
#2151=CIRCLE('',#2943,0.012);
#2152=CIRCLE('',#2944,0.00175);
#2153=CIRCLE('',#2945,0.00175);
#2154=CIRCLE('',#2946,0.00175);
#2155=CIRCLE('',#2947,0.00175);
#2156=CIRCLE('',#2953,0.002);
#2157=CIRCLE('',#2954,0.002);
#2158=CIRCLE('',#2955,0.004);
#2159=CIRCLE('',#2956,0.002);
#2160=CIRCLE('',#2957,0.002);
#2161=CIRCLE('',#2959,0.002);
#2162=CIRCLE('',#2960,0.002);
#2163=CIRCLE('',#2961,0.004);
#2164=CIRCLE('',#2962,0.002);
#2165=CIRCLE('',#2963,0.002);
#2166=CIRCLE('',#2966,0.001);
#2167=CIRCLE('',#2969,0.001);
#2168=CIRCLE('',#2972,0.001);
#2169=CIRCLE('',#2976,0.001);
#2170=CIRCLE('',#2984,0.001);
#2171=CIRCLE('',#2985,0.001);
#2172=CIRCLE('',#2993,0.001);
#2173=CIRCLE('',#2994,0.001);
#2174=CIRCLE('',#3001,0.00175);
#2175=CIRCLE('',#3002,0.00175);
#2176=CIRCLE('',#3003,0.00175);
#2177=CIRCLE('',#3004,0.00175);
#2178=CIRCLE('',#3005,0.012);
#2179=CIRCLE('',#3007,0.002);
#2180=CIRCLE('',#3008,0.002);
#2181=CIRCLE('',#3009,0.002);
#2182=CIRCLE('',#3010,0.004);
#2183=CIRCLE('',#3011,0.002);
#2184=CIRCLE('',#3012,0.002);
#2185=CIRCLE('',#3013,0.002);
#2186=CIRCLE('',#3014,0.002);
#2187=CIRCLE('',#3015,0.004);
#2188=CIRCLE('',#3016,0.002);
#2189=CIRCLE('',#3018,0.003);
#2190=CIRCLE('',#3019,0.003);
#2191=CIRCLE('',#3021,0.003);
#2192=CIRCLE('',#3022,0.003);
#2193=CIRCLE('',#3024,0.003);
#2194=CIRCLE('',#3025,0.003);
#2195=CIRCLE('',#3027,0.003);
#2196=CIRCLE('',#3028,0.003);
#2197=CIRCLE('',#3030,0.003);
#2198=CIRCLE('',#3031,0.003);
#2199=CIRCLE('',#3033,0.003);
#2200=CIRCLE('',#3034,0.003);
#2201=CIRCLE('',#3036,0.003);
#2202=CIRCLE('',#3037,0.003);
#2203=CIRCLE('',#3039,0.003);
#2204=CIRCLE('',#3040,0.003);
#2205=CIRCLE('',#3042,0.003);
#2206=CIRCLE('',#3043,0.003);
#2207=CIRCLE('',#3045,0.003);
#2208=CIRCLE('',#3046,0.003);
#2209=CIRCLE('',#3056,0.001);
#2210=CIRCLE('',#3058,0.001);
#2211=CIRCLE('',#3060,0.001);
#2212=CIRCLE('',#3062,0.001);
#2213=CIRCLE('',#3064,0.001);
#2214=CIRCLE('',#3066,0.001);
#2215=CIRCLE('',#3068,0.001);
#2216=CIRCLE('',#3070,0.001);
#2217=CIRCLE('',#3072,0.001);
#2218=CIRCLE('',#3074,0.001);
#2219=CIRCLE('',#3076,0.001);
#2220=CIRCLE('',#3078,0.001);
#2221=CIRCLE('',#3080,0.001);
#2222=CIRCLE('',#3082,0.001);
#2223=CIRCLE('',#3084,0.001);
#2224=CIRCLE('',#3086,0.001);
#2225=CIRCLE('',#3088,0.001);
#2226=CIRCLE('',#3090,0.001);
#2227=CIRCLE('',#3092,0.001);
#2228=CIRCLE('',#3094,0.001);
#2229=CIRCLE('',#3099,0.001);
#2230=CIRCLE('',#3101,0.001);
#2231=CIRCLE('',#3103,0.001);
#2232=CIRCLE('',#3105,0.001);
#2233=CIRCLE('',#3107,0.001);
#2234=CIRCLE('',#3109,0.001);
#2235=CIRCLE('',#3111,0.001);
#2236=CIRCLE('',#3113,0.001);
#2237=CIRCLE('',#3116,0.001);
#2238=CIRCLE('',#3118,0.001);
#2239=CIRCLE('',#3120,0.001);
#2240=CIRCLE('',#3122,0.001);
#2241=CIRCLE('',#3124,0.001);
#2242=CIRCLE('',#3126,0.001);
#2243=CIRCLE('',#3128,0.001);
#2244=CIRCLE('',#3130,0.001);
#2245=CIRCLE('',#3169,0.002);
#2246=CIRCLE('',#3170,0.002);
#2247=CIRCLE('',#3171,0.004);
#2248=CIRCLE('',#3172,0.002);
#2249=CIRCLE('',#3173,0.002);
#2250=CIRCLE('',#3175,0.002);
#2251=CIRCLE('',#3176,0.002);
#2252=CIRCLE('',#3177,0.004);
#2253=CIRCLE('',#3178,0.002);
#2254=CIRCLE('',#3179,0.002);
#2255=CIRCLE('',#3181,0.001);
#2256=CIRCLE('',#3183,0.001);
#2257=CIRCLE('',#3185,0.001);
#2258=CIRCLE('',#3188,0.001);
#2259=CIRCLE('',#3198,0.002);
#2260=CIRCLE('',#3199,0.002);
#2261=CIRCLE('',#3200,0.004);
#2262=CIRCLE('',#3201,0.002);
#2263=CIRCLE('',#3202,0.002);
#2264=CIRCLE('',#3203,0.002);
#2265=CIRCLE('',#3204,0.002);
#2266=CIRCLE('',#3205,0.004);
#2267=CIRCLE('',#3206,0.002);
#2268=CIRCLE('',#3207,0.002);
#2269=CIRCLE('',#3209,0.003);
#2270=CIRCLE('',#3210,0.003);
#2271=CIRCLE('',#3212,0.003);
#2272=CIRCLE('',#3213,0.003);
#2273=CIRCLE('',#3215,0.003);
#2274=CIRCLE('',#3216,0.003);
#2275=CIRCLE('',#3218,0.003);
#2276=CIRCLE('',#3219,0.003);
#2277=CIRCLE('',#3221,0.003);
#2278=CIRCLE('',#3222,0.003);
#2279=CIRCLE('',#3224,0.003);
#2280=CIRCLE('',#3225,0.003);
#2281=CIRCLE('',#3227,0.003);
#2282=CIRCLE('',#3228,0.003);
#2283=CIRCLE('',#3230,0.003);
#2284=CIRCLE('',#3231,0.003);
#2285=CIRCLE('',#3233,0.003);
#2286=CIRCLE('',#3234,0.003);
#2287=CIRCLE('',#3236,0.003);
#2288=CIRCLE('',#3237,0.003);
#2289=CIRCLE('',#3239,0.001);
#2290=CIRCLE('',#3240,0.001);
#2291=CIRCLE('',#3242,0.001);
#2292=CIRCLE('',#3244,0.001);
#2293=CIRCLE('',#3246,0.001);
#2294=CIRCLE('',#3248,0.001);
#2295=CIRCLE('',#3250,0.001);
#2296=CIRCLE('',#3252,0.001);
#2297=CIRCLE('',#3254,0.001);
#2298=CIRCLE('',#3256,0.001);
#2299=CIRCLE('',#3258,0.001);
#2300=CIRCLE('',#3260,0.001);
#2301=CIRCLE('',#3262,0.001);
#2302=CIRCLE('',#3264,0.001);
#2303=CIRCLE('',#3266,0.001);
#2304=CIRCLE('',#3268,0.001);
#2305=CIRCLE('',#3270,0.001);
#2306=CIRCLE('',#3272,0.001);
#2307=CIRCLE('',#3274,0.001);
#2308=CIRCLE('',#3276,0.001);
#2309=CIRCLE('',#3280,0.001);
#2310=CIRCLE('',#3282,0.001);
#2311=CIRCLE('',#3284,0.001);
#2312=CIRCLE('',#3286,0.001);
#2313=CIRCLE('',#3288,0.001);
#2314=CIRCLE('',#3290,0.001);
#2315=CIRCLE('',#3292,0.001);
#2316=CIRCLE('',#3294,0.001);
#2317=CIRCLE('',#3297,0.001);
#2318=CIRCLE('',#3299,0.001);
#2319=CIRCLE('',#3301,0.001);
#2320=CIRCLE('',#3303,0.001);
#2321=CIRCLE('',#3305,0.001);
#2322=CIRCLE('',#3307,0.001);
#2323=CIRCLE('',#3309,0.001);
#2324=CIRCLE('',#3311,0.001);
#2325=EDGE_LOOP('',(#620));
#2326=EDGE_LOOP('',(#621));
#2327=EDGE_LOOP('',(#622));
#2328=EDGE_LOOP('',(#623));
#2329=EDGE_LOOP('',(#624));
#2330=EDGE_LOOP('',(#625,#626,#627,#628));
#2331=EDGE_LOOP('',(#629,#630,#631,#632));
#2332=EDGE_LOOP('',(#633,#634,#635,#636));
#2333=EDGE_LOOP('',(#637,#638,#639,#640));
#2334=EDGE_LOOP('',(#641,#642,#643,#644));
#2335=EDGE_LOOP('',(#645,#646,#647,#648,#649,#650,#651,#652,#653,#654,#655,
#656));
#2336=EDGE_LOOP('',(#657,#658,#659,#660,#661,#662,#663,#664,#665,#666,#667,
#668));
#2337=EDGE_LOOP('',(#669,#670,#671,#672));
#2338=EDGE_LOOP('',(#673,#674,#675,#676));
#2339=EDGE_LOOP('',(#677,#678,#679,#680));
#2340=EDGE_LOOP('',(#681,#682,#683,#684,#685,#686,#687,#688,#689,#690,#691,
#692,#693,#694,#695,#696,#697,#698,#699,#700,#701,#702));
#2341=EDGE_LOOP('',(#703,#704,#705,#706));
#2342=EDGE_LOOP('',(#707,#708,#709,#710,#711,#712,#713,#714));
#2343=EDGE_LOOP('',(#715,#716,#717,#718,#719,#720,#721,#722));
#2344=EDGE_LOOP('',(#723,#724,#725,#726));
#2345=EDGE_LOOP('',(#727,#728,#729,#730));
#2346=EDGE_LOOP('',(#731,#732,#733,#734));
#2347=EDGE_LOOP('',(#735,#736,#737,#738));
#2348=EDGE_LOOP('',(#739,#740,#741,#742,#743,#744));
#2349=EDGE_LOOP('',(#745,#746,#747,#748));
#2350=EDGE_LOOP('',(#749,#750,#751,#752));
#2351=EDGE_LOOP('',(#753,#754,#755,#756));
#2352=EDGE_LOOP('',(#757,#758,#759,#760));
#2353=EDGE_LOOP('',(#761,#762,#763,#764));
#2354=EDGE_LOOP('',(#765,#766,#767,#768));
#2355=EDGE_LOOP('',(#769,#770,#771,#772,#773,#774));
#2356=EDGE_LOOP('',(#775,#776,#777,#778,#779,#780,#781,#782,#783,#784,#785,
#786,#787,#788,#789,#790,#791,#792,#793,#794,#795,#796,#797,#798));
#2357=EDGE_LOOP('',(#799,#800,#801,#802));
#2358=EDGE_LOOP('',(#803,#804,#805,#806));
#2359=EDGE_LOOP('',(#807,#808,#809,#810));
#2360=EDGE_LOOP('',(#811,#812,#813,#814));
#2361=EDGE_LOOP('',(#815,#816,#817,#818,#819,#820,#821,#822,#823,#824,#825,
#826));
#2362=EDGE_LOOP('',(#827));
#2363=EDGE_LOOP('',(#828));
#2364=EDGE_LOOP('',(#829));
#2365=EDGE_LOOP('',(#830));
#2366=EDGE_LOOP('',(#831));
#2367=EDGE_LOOP('',(#832,#833,#834,#835));
#2368=EDGE_LOOP('',(#836,#837,#838,#839,#840,#841,#842,#843,#844,#845,#846,
#847,#848,#849,#850,#851,#852,#853,#854,#855,#856,#857,#858,#859,#860,#861,
#862,#863,#864,#865));
#2369=EDGE_LOOP('',(#866,#867,#868,#869));
#2370=EDGE_LOOP('',(#870,#871,#872,#873));
#2371=EDGE_LOOP('',(#874,#875,#876,#877));
#2372=EDGE_LOOP('',(#878,#879,#880,#881));
#2373=EDGE_LOOP('',(#882,#883,#884,#885));
#2374=EDGE_LOOP('',(#886,#887,#888,#889));
#2375=EDGE_LOOP('',(#890,#891,#892,#893));
#2376=EDGE_LOOP('',(#894,#895,#896,#897));
#2377=EDGE_LOOP('',(#898,#899,#900,#901));
#2378=EDGE_LOOP('',(#902,#903,#904,#905));
#2379=EDGE_LOOP('',(#906,#907,#908,#909));
#2380=EDGE_LOOP('',(#910,#911,#912,#913));
#2381=EDGE_LOOP('',(#914,#915,#916,#917));
#2382=EDGE_LOOP('',(#918,#919,#920,#921,#922));
#2383=EDGE_LOOP('',(#923,#924,#925,#926,#927));
#2384=EDGE_LOOP('',(#928,#929,#930,#931));
#2385=EDGE_LOOP('',(#932,#933,#934,#935));
#2386=EDGE_LOOP('',(#936,#937,#938,#939));
#2387=EDGE_LOOP('',(#940,#941,#942,#943));
#2388=EDGE_LOOP('',(#944,#945,#946,#947));
#2389=EDGE_LOOP('',(#948,#949,#950,#951));
#2390=EDGE_LOOP('',(#952,#953,#954,#955));
#2391=EDGE_LOOP('',(#956,#957,#958,#959));
#2392=EDGE_LOOP('',(#960,#961,#962,#963));
#2393=EDGE_LOOP('',(#964,#965,#966,#967));
#2394=EDGE_LOOP('',(#968,#969,#970,#971));
#2395=EDGE_LOOP('',(#972,#973,#974,#975));
#2396=EDGE_LOOP('',(#976,#977,#978,#979));
#2397=EDGE_LOOP('',(#980,#981,#982,#983));
#2398=EDGE_LOOP('',(#984,#985,#986,#987));
#2399=EDGE_LOOP('',(#988,#989,#990,#991));
#2400=EDGE_LOOP('',(#992,#993,#994,#995));
#2401=EDGE_LOOP('',(#996,#997,#998,#999));
#2402=EDGE_LOOP('',(#1000,#1001,#1002,#1003));
#2403=EDGE_LOOP('',(#1004,#1005,#1006,#1007));
#2404=EDGE_LOOP('',(#1008,#1009,#1010,#1011));
#2405=EDGE_LOOP('',(#1012,#1013,#1014,#1015));
#2406=EDGE_LOOP('',(#1016,#1017,#1018,#1019));
#2407=EDGE_LOOP('',(#1020,#1021,#1022,#1023));
#2408=EDGE_LOOP('',(#1024,#1025,#1026,#1027));
#2409=EDGE_LOOP('',(#1028,#1029,#1030,#1031));
#2410=EDGE_LOOP('',(#1032,#1033,#1034,#1035));
#2411=EDGE_LOOP('',(#1036,#1037,#1038,#1039));
#2412=EDGE_LOOP('',(#1040,#1041,#1042,#1043));
#2413=EDGE_LOOP('',(#1044,#1045,#1046,#1047));
#2414=EDGE_LOOP('',(#1048,#1049,#1050,#1051));
#2415=EDGE_LOOP('',(#1052,#1053,#1054,#1055));
#2416=EDGE_LOOP('',(#1056,#1057,#1058,#1059));
#2417=EDGE_LOOP('',(#1060,#1061,#1062,#1063));
#2418=EDGE_LOOP('',(#1064,#1065,#1066,#1067));
#2419=EDGE_LOOP('',(#1068,#1069,#1070,#1071));
#2420=EDGE_LOOP('',(#1072,#1073,#1074,#1075));
#2421=EDGE_LOOP('',(#1076,#1077,#1078,#1079));
#2422=EDGE_LOOP('',(#1080,#1081,#1082,#1083));
#2423=EDGE_LOOP('',(#1084,#1085,#1086,#1087));
#2424=EDGE_LOOP('',(#1088,#1089,#1090,#1091));
#2425=EDGE_LOOP('',(#1092,#1093,#1094,#1095));
#2426=EDGE_LOOP('',(#1096,#1097,#1098,#1099));
#2427=EDGE_LOOP('',(#1100,#1101,#1102,#1103));
#2428=EDGE_LOOP('',(#1104,#1105,#1106,#1107));
#2429=EDGE_LOOP('',(#1108,#1109,#1110,#1111));
#2430=EDGE_LOOP('',(#1112,#1113,#1114,#1115));
#2431=EDGE_LOOP('',(#1116,#1117,#1118,#1119));
#2432=EDGE_LOOP('',(#1120,#1121,#1122,#1123));
#2433=EDGE_LOOP('',(#1124,#1125,#1126,#1127));
#2434=EDGE_LOOP('',(#1128,#1129,#1130,#1131));
#2435=EDGE_LOOP('',(#1132));
#2436=EDGE_LOOP('',(#1133));
#2437=EDGE_LOOP('',(#1134));
#2438=EDGE_LOOP('',(#1135));
#2439=EDGE_LOOP('',(#1136));
#2440=EDGE_LOOP('',(#1137));
#2441=EDGE_LOOP('',(#1138));
#2442=EDGE_LOOP('',(#1139));
#2443=EDGE_LOOP('',(#1140));
#2444=EDGE_LOOP('',(#1141));
#2445=EDGE_LOOP('',(#1142,#1143,#1144,#1145));
#2446=EDGE_LOOP('',(#1146,#1147,#1148,#1149));
#2447=EDGE_LOOP('',(#1150,#1151,#1152,#1153));
#2448=EDGE_LOOP('',(#1154,#1155,#1156,#1157));
#2449=EDGE_LOOP('',(#1158,#1159,#1160,#1161));
#2450=EDGE_LOOP('',(#1162,#1163,#1164,#1165));
#2451=EDGE_LOOP('',(#1166,#1167,#1168,#1169,#1170,#1171,#1172,#1173,#1174,
#1175,#1176,#1177));
#2452=EDGE_LOOP('',(#1178,#1179,#1180,#1181,#1182,#1183,#1184,#1185,#1186,
#1187,#1188,#1189));
#2453=EDGE_LOOP('',(#1190,#1191,#1192,#1193));
#2454=EDGE_LOOP('',(#1194,#1195,#1196,#1197));
#2455=EDGE_LOOP('',(#1198,#1199,#1200,#1201));
#2456=EDGE_LOOP('',(#1202,#1203,#1204,#1205,#1206,#1207));
#2457=EDGE_LOOP('',(#1208,#1209,#1210,#1211));
#2458=EDGE_LOOP('',(#1212,#1213,#1214,#1215));
#2459=EDGE_LOOP('',(#1216,#1217,#1218,#1219));
#2460=EDGE_LOOP('',(#1220,#1221,#1222,#1223));
#2461=EDGE_LOOP('',(#1224,#1225,#1226,#1227));
#2462=EDGE_LOOP('',(#1228,#1229,#1230,#1231));
#2463=EDGE_LOOP('',(#1232,#1233,#1234,#1235));
#2464=EDGE_LOOP('',(#1236,#1237,#1238,#1239));
#2465=EDGE_LOOP('',(#1240,#1241,#1242,#1243));
#2466=EDGE_LOOP('',(#1244,#1245,#1246,#1247,#1248,#1249,#1250,#1251,#1252,
#1253,#1254,#1255,#1256,#1257,#1258,#1259,#1260,#1261,#1262,#1263,#1264,
#1265));
#2467=EDGE_LOOP('',(#1266,#1267,#1268,#1269));
#2468=EDGE_LOOP('',(#1270,#1271,#1272,#1273));
#2469=EDGE_LOOP('',(#1274,#1275,#1276,#1277));
#2470=EDGE_LOOP('',(#1278,#1279,#1280,#1281));
#2471=EDGE_LOOP('',(#1282,#1283,#1284,#1285));
#2472=EDGE_LOOP('',(#1286,#1287,#1288,#1289));
#2473=EDGE_LOOP('',(#1290,#1291,#1292,#1293));
#2474=EDGE_LOOP('',(#1294,#1295,#1296,#1297));
#2475=EDGE_LOOP('',(#1298,#1299,#1300,#1301));
#2476=EDGE_LOOP('',(#1302,#1303,#1304,#1305));
#2477=EDGE_LOOP('',(#1306,#1307,#1308,#1309,#1310,#1311,#1312,#1313));
#2478=EDGE_LOOP('',(#1314,#1315,#1316,#1317));
#2479=EDGE_LOOP('',(#1318,#1319,#1320,#1321));
#2480=EDGE_LOOP('',(#1322,#1323,#1324,#1325));
#2481=EDGE_LOOP('',(#1326,#1327,#1328,#1329));
#2482=EDGE_LOOP('',(#1330,#1331,#1332,#1333));
#2483=EDGE_LOOP('',(#1334,#1335,#1336,#1337));
#2484=EDGE_LOOP('',(#1338,#1339,#1340,#1341));
#2485=EDGE_LOOP('',(#1342,#1343,#1344,#1345));
#2486=EDGE_LOOP('',(#1346,#1347,#1348,#1349));
#2487=EDGE_LOOP('',(#1350,#1351,#1352,#1353));
#2488=EDGE_LOOP('',(#1354,#1355,#1356,#1357));
#2489=EDGE_LOOP('',(#1358,#1359,#1360,#1361));
#2490=EDGE_LOOP('',(#1362,#1363,#1364,#1365));
#2491=EDGE_LOOP('',(#1366,#1367,#1368,#1369));
#2492=EDGE_LOOP('',(#1370,#1371,#1372,#1373));
#2493=EDGE_LOOP('',(#1374,#1375,#1376,#1377));
#2494=EDGE_LOOP('',(#1378,#1379,#1380,#1381));
#2495=EDGE_LOOP('',(#1382,#1383,#1384,#1385));
#2496=EDGE_LOOP('',(#1386,#1387,#1388,#1389));
#2497=EDGE_LOOP('',(#1390,#1391,#1392,#1393,#1394,#1395,#1396,#1397));
#2498=EDGE_LOOP('',(#1398,#1399,#1400,#1401));
#2499=EDGE_LOOP('',(#1402,#1403,#1404,#1405));
#2500=EDGE_LOOP('',(#1406,#1407,#1408,#1409));
#2501=EDGE_LOOP('',(#1410,#1411,#1412,#1413));
#2502=EDGE_LOOP('',(#1414,#1415,#1416,#1417));
#2503=EDGE_LOOP('',(#1418,#1419,#1420,#1421));
#2504=EDGE_LOOP('',(#1422,#1423,#1424,#1425));
#2505=EDGE_LOOP('',(#1426,#1427,#1428,#1429));
#2506=EDGE_LOOP('',(#1430,#1431,#1432,#1433));
#2507=EDGE_LOOP('',(#1434,#1435,#1436,#1437));
#2508=EDGE_LOOP('',(#1438,#1439,#1440,#1441));
#2509=EDGE_LOOP('',(#1442,#1443,#1444,#1445));
#2510=EDGE_LOOP('',(#1446,#1447,#1448,#1449));
#2511=EDGE_LOOP('',(#1450,#1451,#1452,#1453));
#2512=EDGE_LOOP('',(#1454,#1455,#1456,#1457));
#2513=EDGE_LOOP('',(#1458,#1459,#1460,#1461));
#2514=EDGE_LOOP('',(#1462,#1463,#1464,#1465));
#2515=EDGE_LOOP('',(#1466,#1467,#1468,#1469));
#2516=FACE_BOUND('',#2325,.T.);
#2517=FACE_BOUND('',#2326,.T.);
#2518=FACE_BOUND('',#2327,.T.);
#2519=FACE_BOUND('',#2328,.T.);
#2520=FACE_BOUND('',#2329,.T.);
#2521=FACE_BOUND('',#2330,.T.);
#2522=FACE_BOUND('',#2331,.T.);
#2523=FACE_BOUND('',#2332,.T.);
#2524=FACE_BOUND('',#2333,.T.);
#2525=FACE_BOUND('',#2334,.T.);
#2526=FACE_BOUND('',#2335,.T.);
#2527=FACE_BOUND('',#2336,.T.);
#2528=FACE_BOUND('',#2337,.T.);
#2529=FACE_BOUND('',#2338,.T.);
#2530=FACE_BOUND('',#2339,.T.);
#2531=FACE_BOUND('',#2340,.T.);
#2532=FACE_BOUND('',#2341,.T.);
#2533=FACE_BOUND('',#2342,.T.);
#2534=FACE_BOUND('',#2343,.T.);
#2535=FACE_BOUND('',#2344,.T.);
#2536=FACE_BOUND('',#2345,.T.);
#2537=FACE_BOUND('',#2346,.T.);
#2538=FACE_BOUND('',#2347,.T.);
#2539=FACE_BOUND('',#2348,.T.);
#2540=FACE_BOUND('',#2349,.T.);
#2541=FACE_BOUND('',#2350,.T.);
#2542=FACE_BOUND('',#2351,.T.);
#2543=FACE_BOUND('',#2352,.T.);
#2544=FACE_BOUND('',#2353,.T.);
#2545=FACE_BOUND('',#2354,.T.);
#2546=FACE_BOUND('',#2355,.T.);
#2547=FACE_BOUND('',#2356,.T.);
#2548=FACE_BOUND('',#2357,.T.);
#2549=FACE_BOUND('',#2358,.T.);
#2550=FACE_BOUND('',#2359,.T.);
#2551=FACE_BOUND('',#2360,.T.);
#2552=FACE_BOUND('',#2361,.T.);
#2553=FACE_BOUND('',#2362,.T.);
#2554=FACE_BOUND('',#2363,.T.);
#2555=FACE_BOUND('',#2364,.T.);
#2556=FACE_BOUND('',#2365,.T.);
#2557=FACE_BOUND('',#2366,.T.);
#2558=FACE_BOUND('',#2367,.T.);
#2559=FACE_BOUND('',#2368,.T.);
#2560=FACE_BOUND('',#2369,.T.);
#2561=FACE_BOUND('',#2370,.T.);
#2562=FACE_BOUND('',#2371,.T.);
#2563=FACE_BOUND('',#2372,.T.);
#2564=FACE_BOUND('',#2373,.T.);
#2565=FACE_BOUND('',#2374,.T.);
#2566=FACE_BOUND('',#2375,.T.);
#2567=FACE_BOUND('',#2376,.T.);
#2568=FACE_BOUND('',#2377,.T.);
#2569=FACE_BOUND('',#2378,.T.);
#2570=FACE_BOUND('',#2379,.T.);
#2571=FACE_BOUND('',#2380,.T.);
#2572=FACE_BOUND('',#2381,.T.);
#2573=FACE_BOUND('',#2382,.T.);
#2574=FACE_BOUND('',#2383,.T.);
#2575=FACE_BOUND('',#2384,.T.);
#2576=FACE_BOUND('',#2385,.T.);
#2577=FACE_BOUND('',#2386,.T.);
#2578=FACE_BOUND('',#2387,.T.);
#2579=FACE_BOUND('',#2388,.T.);
#2580=FACE_BOUND('',#2389,.T.);
#2581=FACE_BOUND('',#2390,.T.);
#2582=FACE_BOUND('',#2391,.T.);
#2583=FACE_BOUND('',#2392,.T.);
#2584=FACE_BOUND('',#2393,.T.);
#2585=FACE_BOUND('',#2394,.T.);
#2586=FACE_BOUND('',#2395,.T.);
#2587=FACE_BOUND('',#2396,.T.);
#2588=FACE_BOUND('',#2397,.T.);
#2589=FACE_BOUND('',#2398,.T.);
#2590=FACE_BOUND('',#2399,.T.);
#2591=FACE_BOUND('',#2400,.T.);
#2592=FACE_BOUND('',#2401,.T.);
#2593=FACE_BOUND('',#2402,.T.);
#2594=FACE_BOUND('',#2403,.T.);
#2595=FACE_BOUND('',#2404,.T.);
#2596=FACE_BOUND('',#2405,.T.);
#2597=FACE_BOUND('',#2406,.T.);
#2598=FACE_BOUND('',#2407,.T.);
#2599=FACE_BOUND('',#2408,.T.);
#2600=FACE_BOUND('',#2409,.T.);
#2601=FACE_BOUND('',#2410,.T.);
#2602=FACE_BOUND('',#2411,.T.);
#2603=FACE_BOUND('',#2412,.T.);
#2604=FACE_BOUND('',#2413,.T.);
#2605=FACE_BOUND('',#2414,.T.);
#2606=FACE_BOUND('',#2415,.T.);
#2607=FACE_BOUND('',#2416,.T.);
#2608=FACE_BOUND('',#2417,.T.);
#2609=FACE_BOUND('',#2418,.T.);
#2610=FACE_BOUND('',#2419,.T.);
#2611=FACE_BOUND('',#2420,.T.);
#2612=FACE_BOUND('',#2421,.T.);
#2613=FACE_BOUND('',#2422,.T.);
#2614=FACE_BOUND('',#2423,.T.);
#2615=FACE_BOUND('',#2424,.T.);
#2616=FACE_BOUND('',#2425,.T.);
#2617=FACE_BOUND('',#2426,.T.);
#2618=FACE_BOUND('',#2427,.T.);
#2619=FACE_BOUND('',#2428,.T.);
#2620=FACE_BOUND('',#2429,.T.);
#2621=FACE_BOUND('',#2430,.T.);
#2622=FACE_BOUND('',#2431,.T.);
#2623=FACE_BOUND('',#2432,.T.);
#2624=FACE_BOUND('',#2433,.T.);
#2625=FACE_BOUND('',#2434,.T.);
#2626=FACE_BOUND('',#2435,.T.);
#2627=FACE_BOUND('',#2436,.T.);
#2628=FACE_BOUND('',#2437,.T.);
#2629=FACE_BOUND('',#2438,.T.);
#2630=FACE_BOUND('',#2439,.T.);
#2631=FACE_BOUND('',#2440,.T.);
#2632=FACE_BOUND('',#2441,.T.);
#2633=FACE_BOUND('',#2442,.T.);
#2634=FACE_BOUND('',#2443,.T.);
#2635=FACE_BOUND('',#2444,.T.);
#2636=FACE_BOUND('',#2445,.T.);
#2637=FACE_BOUND('',#2446,.T.);
#2638=FACE_BOUND('',#2447,.T.);
#2639=FACE_BOUND('',#2448,.T.);
#2640=FACE_BOUND('',#2449,.T.);
#2641=FACE_BOUND('',#2450,.T.);
#2642=FACE_BOUND('',#2451,.T.);
#2643=FACE_BOUND('',#2452,.T.);
#2644=FACE_BOUND('',#2453,.T.);
#2645=FACE_BOUND('',#2454,.T.);
#2646=FACE_BOUND('',#2455,.T.);
#2647=FACE_BOUND('',#2456,.T.);
#2648=FACE_BOUND('',#2457,.T.);
#2649=FACE_BOUND('',#2458,.T.);
#2650=FACE_BOUND('',#2459,.T.);
#2651=FACE_BOUND('',#2460,.T.);
#2652=FACE_BOUND('',#2461,.T.);
#2653=FACE_BOUND('',#2462,.T.);
#2654=FACE_BOUND('',#2463,.T.);
#2655=FACE_BOUND('',#2464,.T.);
#2656=FACE_BOUND('',#2465,.T.);
#2657=FACE_BOUND('',#2466,.T.);
#2658=FACE_BOUND('',#2467,.T.);
#2659=FACE_BOUND('',#2468,.T.);
#2660=FACE_BOUND('',#2469,.T.);
#2661=FACE_BOUND('',#2470,.T.);
#2662=FACE_BOUND('',#2471,.T.);
#2663=FACE_BOUND('',#2472,.T.);
#2664=FACE_BOUND('',#2473,.T.);
#2665=FACE_BOUND('',#2474,.T.);
#2666=FACE_BOUND('',#2475,.T.);
#2667=FACE_BOUND('',#2476,.T.);
#2668=FACE_BOUND('',#2477,.T.);
#2669=FACE_BOUND('',#2478,.T.);
#2670=FACE_BOUND('',#2479,.T.);
#2671=FACE_BOUND('',#2480,.T.);
#2672=FACE_BOUND('',#2481,.T.);
#2673=FACE_BOUND('',#2482,.T.);
#2674=FACE_BOUND('',#2483,.T.);
#2675=FACE_BOUND('',#2484,.T.);
#2676=FACE_BOUND('',#2485,.T.);
#2677=FACE_BOUND('',#2486,.T.);
#2678=FACE_BOUND('',#2487,.T.);
#2679=FACE_BOUND('',#2488,.T.);
#2680=FACE_BOUND('',#2489,.T.);
#2681=FACE_BOUND('',#2490,.T.);
#2682=FACE_BOUND('',#2491,.T.);
#2683=FACE_BOUND('',#2492,.T.);
#2684=FACE_BOUND('',#2493,.T.);
#2685=FACE_BOUND('',#2494,.T.);
#2686=FACE_BOUND('',#2495,.T.);
#2687=FACE_BOUND('',#2496,.T.);
#2688=FACE_BOUND('',#2497,.T.);
#2689=FACE_BOUND('',#2498,.T.);
#2690=FACE_BOUND('',#2499,.T.);
#2691=FACE_BOUND('',#2500,.T.);
#2692=FACE_BOUND('',#2501,.T.);
#2693=FACE_BOUND('',#2502,.T.);
#2694=FACE_BOUND('',#2503,.T.);
#2695=FACE_BOUND('',#2504,.T.);
#2696=FACE_BOUND('',#2505,.T.);
#2697=FACE_BOUND('',#2506,.T.);
#2698=FACE_BOUND('',#2507,.T.);
#2699=FACE_BOUND('',#2508,.T.);
#2700=FACE_BOUND('',#2509,.T.);
#2701=FACE_BOUND('',#2510,.T.);
#2702=FACE_BOUND('',#2511,.T.);
#2703=FACE_BOUND('',#2512,.T.);
#2704=FACE_BOUND('',#2513,.T.);
#2705=FACE_BOUND('',#2514,.T.);
#2706=FACE_BOUND('',#2515,.T.);
#2707=PLANE('',#2942);
#2708=PLANE('',#2948);
#2709=PLANE('',#2949);
#2710=PLANE('',#2950);
#2711=PLANE('',#2951);
#2712=PLANE('',#2952);
#2713=PLANE('',#2958);
#2714=PLANE('',#2973);
#2715=PLANE('',#2977);
#2716=PLANE('',#2978);
#2717=PLANE('',#2979);
#2718=PLANE('',#2980);
#2719=PLANE('',#2981);
#2720=PLANE('',#2982);
#2721=PLANE('',#2983);
#2722=PLANE('',#2986);
#2723=PLANE('',#2987);
#2724=PLANE('',#2988);
#2725=PLANE('',#2989);
#2726=PLANE('',#2990);
#2727=PLANE('',#2991);
#2728=PLANE('',#2992);
#2729=PLANE('',#2995);
#2730=PLANE('',#2996);
#2731=PLANE('',#2997);
#2732=PLANE('',#2998);
#2733=PLANE('',#2999);
#2734=PLANE('',#3000);
#2735=PLANE('',#3006);
#2736=PLANE('',#3047);
#2737=PLANE('',#3048);
#2738=PLANE('',#3049);
#2739=PLANE('',#3050);
#2740=PLANE('',#3052);
#2741=PLANE('',#3054);
#2742=PLANE('',#3168);
#2743=PLANE('',#3174);
#2744=PLANE('',#3186);
#2745=PLANE('',#3189);
#2746=PLANE('',#3190);
#2747=PLANE('',#3191);
#2748=PLANE('',#3192);
#2749=PLANE('',#3193);
#2750=PLANE('',#3194);
#2751=PLANE('',#3195);
#2752=PLANE('',#3196);
#2753=PLANE('',#3197);
#2754=ADVANCED_FACE('',(#2516,#2517,#2518,#2519,#2520,#2521),#2707,.F.);
#2755=ADVANCED_FACE('',(#2522),#2708,.T.);
#2756=ADVANCED_FACE('',(#2523),#2709,.T.);
#2757=ADVANCED_FACE('',(#2524),#2710,.T.);
#2758=ADVANCED_FACE('',(#2525),#2711,.F.);
#2759=ADVANCED_FACE('',(#2526),#2712,.F.);
#2760=ADVANCED_FACE('',(#2527),#2713,.F.);
#2761=ADVANCED_FACE('',(#2528),#74,.T.);
#2762=ADVANCED_FACE('',(#2529),#75,.T.);
#2763=ADVANCED_FACE('',(#2530),#76,.T.);
#2764=ADVANCED_FACE('',(#2531),#2714,.F.);
#2765=ADVANCED_FACE('',(#2532),#77,.T.);
#2766=ADVANCED_FACE('',(#2533),#2715,.F.);
#2767=ADVANCED_FACE('',(#2534),#2716,.T.);
#2768=ADVANCED_FACE('',(#2535),#2717,.F.);
#2769=ADVANCED_FACE('',(#2536),#2718,.F.);
#2770=ADVANCED_FACE('',(#2537),#2719,.F.);
#2771=ADVANCED_FACE('',(#2538),#2720,.F.);
#2772=ADVANCED_FACE('',(#2539),#2721,.F.);
#2773=ADVANCED_FACE('',(#2540),#2722,.F.);
#2774=ADVANCED_FACE('',(#2541),#2723,.F.);
#2775=ADVANCED_FACE('',(#2542),#2724,.F.);
#2776=ADVANCED_FACE('',(#2543),#2725,.T.);
#2777=ADVANCED_FACE('',(#2544),#2726,.T.);
#2778=ADVANCED_FACE('',(#2545),#2727,.T.);
#2779=ADVANCED_FACE('',(#2546),#2728,.T.);
#2780=ADVANCED_FACE('',(#2547),#2729,.F.);
#2781=ADVANCED_FACE('',(#2548),#2730,.T.);
#2782=ADVANCED_FACE('',(#2549),#2731,.T.);
#2783=ADVANCED_FACE('',(#2550),#2732,.T.);
#2784=ADVANCED_FACE('',(#2551),#2733,.T.);
#2785=ADVANCED_FACE('',(#2552,#2553,#2554,#2555,#2556,#2557),#2734,.T.);
#2786=ADVANCED_FACE('',(#2558,#2559),#2735,.T.);
#2787=ADVANCED_FACE('',(#2560),#78,.T.);
#2788=ADVANCED_FACE('',(#2561),#79,.T.);
#2789=ADVANCED_FACE('',(#2562),#80,.T.);
#2790=ADVANCED_FACE('',(#2563),#81,.F.);
#2791=ADVANCED_FACE('',(#2564),#82,.T.);
#2792=ADVANCED_FACE('',(#2565),#83,.T.);
#2793=ADVANCED_FACE('',(#2566),#84,.T.);
#2794=ADVANCED_FACE('',(#2567),#85,.F.);
#2795=ADVANCED_FACE('',(#2568),#86,.T.);
#2796=ADVANCED_FACE('',(#2569),#87,.T.);
#2797=ADVANCED_FACE('',(#2570),#2736,.F.);
#2798=ADVANCED_FACE('',(#2571),#2737,.F.);
#2799=ADVANCED_FACE('',(#2572),#2738,.T.);
#2800=ADVANCED_FACE('',(#2573),#2739,.T.);
#2801=ADVANCED_FACE('',(#2574),#2740,.F.);
#2802=ADVANCED_FACE('',(#2575),#2741,.F.);
#2803=ADVANCED_FACE('',(#2576),#88,.T.);
#2804=ADVANCED_FACE('',(#2577),#12,.T.);
#2805=ADVANCED_FACE('',(#2578),#89,.T.);
#2806=ADVANCED_FACE('',(#2579),#13,.T.);
#2807=ADVANCED_FACE('',(#2580),#90,.T.);
#2808=ADVANCED_FACE('',(#2581),#14,.T.);
#2809=ADVANCED_FACE('',(#2582),#91,.T.);
#2810=ADVANCED_FACE('',(#2583),#15,.T.);
#2811=ADVANCED_FACE('',(#2584),#92,.T.);
#2812=ADVANCED_FACE('',(#2585),#16,.T.);
#2813=ADVANCED_FACE('',(#2586),#93,.T.);
#2814=ADVANCED_FACE('',(#2587),#17,.T.);
#2815=ADVANCED_FACE('',(#2588),#94,.T.);
#2816=ADVANCED_FACE('',(#2589),#18,.T.);
#2817=ADVANCED_FACE('',(#2590),#95,.T.);
#2818=ADVANCED_FACE('',(#2591),#19,.T.);
#2819=ADVANCED_FACE('',(#2592),#96,.T.);
#2820=ADVANCED_FACE('',(#2593),#20,.T.);
#2821=ADVANCED_FACE('',(#2594),#97,.T.);
#2822=ADVANCED_FACE('',(#2595),#21,.T.);
#2823=ADVANCED_FACE('',(#2596),#98,.T.);
#2824=ADVANCED_FACE('',(#2597),#99,.T.);
#2825=ADVANCED_FACE('',(#2598),#22,.T.);
#2826=ADVANCED_FACE('',(#2599),#100,.T.);
#2827=ADVANCED_FACE('',(#2600),#23,.T.);
#2828=ADVANCED_FACE('',(#2601),#101,.T.);
#2829=ADVANCED_FACE('',(#2602),#24,.T.);
#2830=ADVANCED_FACE('',(#2603),#102,.T.);
#2831=ADVANCED_FACE('',(#2604),#25,.T.);
#2832=ADVANCED_FACE('',(#2605),#103,.T.);
#2833=ADVANCED_FACE('',(#2606),#26,.T.);
#2834=ADVANCED_FACE('',(#2607),#27,.T.);
#2835=ADVANCED_FACE('',(#2608),#104,.T.);
#2836=ADVANCED_FACE('',(#2609),#28,.T.);
#2837=ADVANCED_FACE('',(#2610),#105,.T.);
#2838=ADVANCED_FACE('',(#2611),#29,.T.);
#2839=ADVANCED_FACE('',(#2612),#106,.T.);
#2840=ADVANCED_FACE('',(#2613),#30,.T.);
#2841=ADVANCED_FACE('',(#2614),#107,.T.);
#2842=ADVANCED_FACE('',(#2615),#31,.T.);
#2843=ADVANCED_FACE('',(#2616),#108,.T.);
#2844=ADVANCED_FACE('',(#2617),#109,.T.);
#2845=ADVANCED_FACE('',(#2618),#110,.T.);
#2846=ADVANCED_FACE('',(#2619),#111,.T.);
#2847=ADVANCED_FACE('',(#2620),#112,.T.);
#2848=ADVANCED_FACE('',(#2621),#113,.T.);
#2849=ADVANCED_FACE('',(#2622),#114,.T.);
#2850=ADVANCED_FACE('',(#2623),#115,.T.);
#2851=ADVANCED_FACE('',(#2624),#116,.T.);
#2852=ADVANCED_FACE('',(#2625),#117,.T.);
#2853=ADVANCED_FACE('',(#2626,#2627),#118,.F.);
#2854=ADVANCED_FACE('',(#2628,#2629),#119,.F.);
#2855=ADVANCED_FACE('',(#2630,#2631),#120,.F.);
#2856=ADVANCED_FACE('',(#2632,#2633),#121,.F.);
#2857=ADVANCED_FACE('',(#2634,#2635),#122,.F.);
#2858=ADVANCED_FACE('',(#2636),#123,.T.);
#2859=ADVANCED_FACE('',(#2637),#124,.T.);
#2860=ADVANCED_FACE('',(#2638),#125,.T.);
#2861=ADVANCED_FACE('',(#2639),#126,.T.);
#2862=ADVANCED_FACE('',(#2640),#127,.T.);
#2863=ADVANCED_FACE('',(#2641),#128,.T.);
#2864=ADVANCED_FACE('',(#2642),#2742,.F.);
#2865=ADVANCED_FACE('',(#2643),#2743,.F.);
#2866=ADVANCED_FACE('',(#2644),#129,.T.);
#2867=ADVANCED_FACE('',(#2645),#130,.T.);
#2868=ADVANCED_FACE('',(#2646),#131,.T.);
#2869=ADVANCED_FACE('',(#2647),#2744,.F.);
#2870=ADVANCED_FACE('',(#2648),#132,.T.);
#2871=ADVANCED_FACE('',(#2649),#2745,.F.);
#2872=ADVANCED_FACE('',(#2650),#2746,.F.);
#2873=ADVANCED_FACE('',(#2651),#2747,.F.);
#2874=ADVANCED_FACE('',(#2652),#2748,.F.);
#2875=ADVANCED_FACE('',(#2653),#2749,.T.);
#2876=ADVANCED_FACE('',(#2654),#2750,.T.);
#2877=ADVANCED_FACE('',(#2655),#2751,.T.);
#2878=ADVANCED_FACE('',(#2656),#2752,.T.);
#2879=ADVANCED_FACE('',(#2657),#2753,.T.);
#2880=ADVANCED_FACE('',(#2658),#133,.T.);
#2881=ADVANCED_FACE('',(#2659),#134,.T.);
#2882=ADVANCED_FACE('',(#2660),#135,.T.);
#2883=ADVANCED_FACE('',(#2661),#136,.F.);
#2884=ADVANCED_FACE('',(#2662),#137,.T.);
#2885=ADVANCED_FACE('',(#2663),#138,.T.);
#2886=ADVANCED_FACE('',(#2664),#139,.T.);
#2887=ADVANCED_FACE('',(#2665),#140,.F.);
#2888=ADVANCED_FACE('',(#2666),#141,.T.);
#2889=ADVANCED_FACE('',(#2667),#142,.T.);
#2890=ADVANCED_FACE('',(#2668),#143,.T.);
#2891=ADVANCED_FACE('',(#2669),#32,.T.);
#2892=ADVANCED_FACE('',(#2670),#144,.T.);
#2893=ADVANCED_FACE('',(#2671),#33,.T.);
#2894=ADVANCED_FACE('',(#2672),#145,.T.);
#2895=ADVANCED_FACE('',(#2673),#34,.T.);
#2896=ADVANCED_FACE('',(#2674),#146,.T.);
#2897=ADVANCED_FACE('',(#2675),#35,.T.);
#2898=ADVANCED_FACE('',(#2676),#147,.T.);
#2899=ADVANCED_FACE('',(#2677),#36,.T.);
#2900=ADVANCED_FACE('',(#2678),#148,.T.);
#2901=ADVANCED_FACE('',(#2679),#37,.T.);
#2902=ADVANCED_FACE('',(#2680),#149,.T.);
#2903=ADVANCED_FACE('',(#2681),#38,.T.);
#2904=ADVANCED_FACE('',(#2682),#150,.T.);
#2905=ADVANCED_FACE('',(#2683),#39,.T.);
#2906=ADVANCED_FACE('',(#2684),#151,.T.);
#2907=ADVANCED_FACE('',(#2685),#40,.T.);
#2908=ADVANCED_FACE('',(#2686),#152,.T.);
#2909=ADVANCED_FACE('',(#2687),#41,.T.);
#2910=ADVANCED_FACE('',(#2688),#153,.T.);
#2911=ADVANCED_FACE('',(#2689),#42,.T.);
#2912=ADVANCED_FACE('',(#2690),#154,.T.);
#2913=ADVANCED_FACE('',(#2691),#43,.T.);
#2914=ADVANCED_FACE('',(#2692),#155,.T.);
#2915=ADVANCED_FACE('',(#2693),#44,.T.);
#2916=ADVANCED_FACE('',(#2694),#156,.T.);
#2917=ADVANCED_FACE('',(#2695),#45,.T.);
#2918=ADVANCED_FACE('',(#2696),#157,.T.);
#2919=ADVANCED_FACE('',(#2697),#46,.T.);
#2920=ADVANCED_FACE('',(#2698),#47,.T.);
#2921=ADVANCED_FACE('',(#2699),#158,.T.);
#2922=ADVANCED_FACE('',(#2700),#48,.T.);
#2923=ADVANCED_FACE('',(#2701),#159,.T.);
#2924=ADVANCED_FACE('',(#2702),#49,.T.);
#2925=ADVANCED_FACE('',(#2703),#160,.T.);
#2926=ADVANCED_FACE('',(#2704),#50,.T.);
#2927=ADVANCED_FACE('',(#2705),#161,.T.);
#2928=ADVANCED_FACE('',(#2706),#51,.T.);
#2929=CLOSED_SHELL('',(#2754,#2755,#2756,#2757,#2758,#2759,#2760,#2761,
#2762,#2763,#2764,#2765,#2766,#2767,#2768,#2769,#2770,#2771,#2772,#2773,
#2774,#2775,#2776,#2777,#2778,#2779,#2780,#2781,#2782,#2783,#2784,#2785,
#2786,#2787,#2788,#2789,#2790,#2791,#2792,#2793,#2794,#2795,#2796,#2797,
#2798,#2799,#2800,#2801,#2802,#2803,#2804,#2805,#2806,#2807,#2808,#2809,
#2810,#2811,#2812,#2813,#2814,#2815,#2816,#2817,#2818,#2819,#2820,#2821,
#2822,#2823,#2824,#2825,#2826,#2827,#2828,#2829,#2830,#2831,#2832,#2833,
#2834,#2835,#2836,#2837,#2838,#2839,#2840,#2841,#2842,#2843,#2844,#2845,
#2846,#2847,#2848,#2849,#2850,#2851,#2852,#2853,#2854,#2855,#2856,#2857,
#2858,#2859,#2860,#2861,#2862,#2863,#2864,#2865,#2866,#2867,#2868,#2869,
#2870,#2871,#2872,#2873,#2874,#2875,#2876,#2877,#2878,#2879,#2880,#2881,
#2882,#2883,#2884,#2885,#2886,#2887,#2888,#2889,#2890,#2891,#2892,#2893,
#2894,#2895,#2896,#2897,#2898,#2899,#2900,#2901,#2902,#2903,#2904,#2905,
#2906,#2907,#2908,#2909,#2910,#2911,#2912,#2913,#2914,#2915,#2916,#2917,
#2918,#2919,#2920,#2921,#2922,#2923,#2924,#2925,#2926,#2927,#2928));
#2930=STYLED_ITEM('',(#2931),#2938);
#2931=PRESENTATION_STYLE_ASSIGNMENT((#2932));
#2932=SURFACE_STYLE_USAGE(.BOTH.,#2933);
#2933=SURFACE_SIDE_STYLE('',(#2934));
#2934=SURFACE_STYLE_FILL_AREA(#2935);
#2935=FILL_AREA_STYLE('',(#2936));
#2936=FILL_AREA_STYLE_COLOUR('',#2937);
#2937=COLOUR_RGB('',0.917647058823529,0.917647058823529,0.917647058823529);
#2938=MANIFOLD_SOLID_BREP('End Plate',#2929);
#2939=SHAPE_DEFINITION_REPRESENTATION(#5149,#2940);
#2940=SHAPE_REPRESENTATION('End Plate',(#2941),#5144);
#2941=AXIS2_PLACEMENT_3D('',#4286,#3313,#3314);
#2942=AXIS2_PLACEMENT_3D('',#4287,#3315,#3316);
#2943=AXIS2_PLACEMENT_3D('',#4288,#3317,#3318);
#2944=AXIS2_PLACEMENT_3D('',#4290,#3319,#3320);
#2945=AXIS2_PLACEMENT_3D('',#4292,#3321,#3322);
#2946=AXIS2_PLACEMENT_3D('',#4294,#3323,#3324);
#2947=AXIS2_PLACEMENT_3D('',#4296,#3325,#3326);
#2948=AXIS2_PLACEMENT_3D('',#4306,#3331,#3332);
#2949=AXIS2_PLACEMENT_3D('',#4312,#3336,#3337);
#2950=AXIS2_PLACEMENT_3D('',#4321,#3342,#3343);
#2951=AXIS2_PLACEMENT_3D('',#4327,#3347,#3348);
#2952=AXIS2_PLACEMENT_3D('',#4336,#3353,#3354);
#2953=AXIS2_PLACEMENT_3D('',#4341,#3357,#3358);
#2954=AXIS2_PLACEMENT_3D('',#4345,#3360,#3361);
#2955=AXIS2_PLACEMENT_3D('',#4349,#3363,#3364);
#2956=AXIS2_PLACEMENT_3D('',#4353,#3366,#3367);
#2957=AXIS2_PLACEMENT_3D('',#4357,#3369,#3370);
#2958=AXIS2_PLACEMENT_3D('',#4358,#3371,#3372);
#2959=AXIS2_PLACEMENT_3D('',#4361,#3374,#3375);
#2960=AXIS2_PLACEMENT_3D('',#4365,#3377,#3378);
#2961=AXIS2_PLACEMENT_3D('',#4369,#3380,#3381);
#2962=AXIS2_PLACEMENT_3D('',#4373,#3383,#3384);
#2963=AXIS2_PLACEMENT_3D('',#4377,#3386,#3387);
#2964=AXIS2_PLACEMENT_3D('',#4380,#3389,#3390);
#2965=AXIS2_PLACEMENT_3D('',#4384,#3392,#3393);
#2966=AXIS2_PLACEMENT_3D('',#4385,#3394,#3395);
#2967=AXIS2_PLACEMENT_3D('',#4386,#3396,#3397);
#2968=AXIS2_PLACEMENT_3D('',#4387,#3398,#3399);
#2969=AXIS2_PLACEMENT_3D('',#4391,#3401,#3402);
#2970=AXIS2_PLACEMENT_3D('',#4392,#3403,#3404);
#2971=AXIS2_PLACEMENT_3D('',#4393,#3405,#3406);
#2972=AXIS2_PLACEMENT_3D('',#4397,#3408,#3409);
#2973=AXIS2_PLACEMENT_3D('',#4398,#3410,#3411);
#2974=AXIS2_PLACEMENT_3D('',#4436,#3431,#3432);
#2975=AXIS2_PLACEMENT_3D('',#4440,#3434,#3435);
#2976=AXIS2_PLACEMENT_3D('',#4441,#3436,#3437);
#2977=AXIS2_PLACEMENT_3D('',#4442,#3438,#3439);
#2978=AXIS2_PLACEMENT_3D('',#4453,#3446,#3447);
#2979=AXIS2_PLACEMENT_3D('',#4470,#3456,#3457);
#2980=AXIS2_PLACEMENT_3D('',#4479,#3462,#3463);
#2981=AXIS2_PLACEMENT_3D('',#4488,#3468,#3469);
#2982=AXIS2_PLACEMENT_3D('',#4497,#3474,#3475);
#2983=AXIS2_PLACEMENT_3D('',#4506,#3480,#3481);
#2984=AXIS2_PLACEMENT_3D('',#4510,#3483,#3484);
#2985=AXIS2_PLACEMENT_3D('',#4514,#3486,#3487);
#2986=AXIS2_PLACEMENT_3D('',#4516,#3489,#3490);
#2987=AXIS2_PLACEMENT_3D('',#4520,#3493,#3494);
#2988=AXIS2_PLACEMENT_3D('',#4524,#3497,#3498);
#2989=AXIS2_PLACEMENT_3D('',#4526,#3500,#3501);
#2990=AXIS2_PLACEMENT_3D('',#4530,#3504,#3505);
#2991=AXIS2_PLACEMENT_3D('',#4534,#3508,#3509);
#2992=AXIS2_PLACEMENT_3D('',#4538,#3512,#3513);
#2993=AXIS2_PLACEMENT_3D('',#4542,#3515,#3516);
#2994=AXIS2_PLACEMENT_3D('',#4545,#3518,#3519);
#2995=AXIS2_PLACEMENT_3D('',#4546,#3520,#3521);
#2996=AXIS2_PLACEMENT_3D('',#4583,#3542,#3543);
#2997=AXIS2_PLACEMENT_3D('',#4592,#3548,#3549);
#2998=AXIS2_PLACEMENT_3D('',#4601,#3554,#3555);
#2999=AXIS2_PLACEMENT_3D('',#4610,#3560,#3561);
#3000=AXIS2_PLACEMENT_3D('',#4619,#3566,#3567);
#3001=AXIS2_PLACEMENT_3D('',#4638,#3578,#3579);
#3002=AXIS2_PLACEMENT_3D('',#4640,#3580,#3581);
#3003=AXIS2_PLACEMENT_3D('',#4642,#3582,#3583);
#3004=AXIS2_PLACEMENT_3D('',#4644,#3584,#3585);
#3005=AXIS2_PLACEMENT_3D('',#4646,#3586,#3587);
#3006=AXIS2_PLACEMENT_3D('',#4648,#3588,#3589);
#3007=AXIS2_PLACEMENT_3D('',#4657,#3594,#3595);
#3008=AXIS2_PLACEMENT_3D('',#4663,#3598,#3599);
#3009=AXIS2_PLACEMENT_3D('',#4667,#3601,#3602);
#3010=AXIS2_PLACEMENT_3D('',#4671,#3604,#3605);
#3011=AXIS2_PLACEMENT_3D('',#4675,#3607,#3608);
#3012=AXIS2_PLACEMENT_3D('',#4679,#3610,#3611);
#3013=AXIS2_PLACEMENT_3D('',#4683,#3613,#3614);
#3014=AXIS2_PLACEMENT_3D('',#4687,#3616,#3617);
#3015=AXIS2_PLACEMENT_3D('',#4691,#3619,#3620);
#3016=AXIS2_PLACEMENT_3D('',#4695,#3622,#3623);
#3017=AXIS2_PLACEMENT_3D('',#4698,#3625,#3626);
#3018=AXIS2_PLACEMENT_3D('',#4699,#3627,#3628);
#3019=AXIS2_PLACEMENT_3D('',#4700,#3629,#3630);
#3020=AXIS2_PLACEMENT_3D('',#4701,#3631,#3632);
#3021=AXIS2_PLACEMENT_3D('',#4702,#3633,#3634);
#3022=AXIS2_PLACEMENT_3D('',#4703,#3635,#3636);
#3023=AXIS2_PLACEMENT_3D('',#4704,#3637,#3638);
#3024=AXIS2_PLACEMENT_3D('',#4705,#3639,#3640);
#3025=AXIS2_PLACEMENT_3D('',#4706,#3641,#3642);
#3026=AXIS2_PLACEMENT_3D('',#4707,#3643,#3644);
#3027=AXIS2_PLACEMENT_3D('',#4708,#3645,#3646);
#3028=AXIS2_PLACEMENT_3D('',#4709,#3647,#3648);
#3029=AXIS2_PLACEMENT_3D('',#4710,#3649,#3650);
#3030=AXIS2_PLACEMENT_3D('',#4711,#3651,#3652);
#3031=AXIS2_PLACEMENT_3D('',#4712,#3653,#3654);
#3032=AXIS2_PLACEMENT_3D('',#4713,#3655,#3656);
#3033=AXIS2_PLACEMENT_3D('',#4714,#3657,#3658);
#3034=AXIS2_PLACEMENT_3D('',#4715,#3659,#3660);
#3035=AXIS2_PLACEMENT_3D('',#4716,#3661,#3662);
#3036=AXIS2_PLACEMENT_3D('',#4717,#3663,#3664);
#3037=AXIS2_PLACEMENT_3D('',#4718,#3665,#3666);
#3038=AXIS2_PLACEMENT_3D('',#4719,#3667,#3668);
#3039=AXIS2_PLACEMENT_3D('',#4720,#3669,#3670);
#3040=AXIS2_PLACEMENT_3D('',#4721,#3671,#3672);
#3041=AXIS2_PLACEMENT_3D('',#4722,#3673,#3674);
#3042=AXIS2_PLACEMENT_3D('',#4723,#3675,#3676);
#3043=AXIS2_PLACEMENT_3D('',#4724,#3677,#3678);
#3044=AXIS2_PLACEMENT_3D('',#4725,#3679,#3680);
#3045=AXIS2_PLACEMENT_3D('',#4726,#3681,#3682);
#3046=AXIS2_PLACEMENT_3D('',#4727,#3683,#3684);
#3047=AXIS2_PLACEMENT_3D('',#4728,#3685,#3686);
#3048=AXIS2_PLACEMENT_3D('',#4737,#3691,#3692);
#3049=AXIS2_PLACEMENT_3D('',#4740,#3695,#3696);
#3050=AXIS2_PLACEMENT_3D('',#4743,#3699,#3700);
#3051=AXIS2_PLACEMENT_3D('',#4744,#3701,#3702);
#3052=AXIS2_PLACEMENT_3D('',#4746,#3704,#3705);
#3053=AXIS2_PLACEMENT_3D('',#4747,#3706,#3707);
#3054=AXIS2_PLACEMENT_3D('',#4749,#3709,#3710);
#3055=AXIS2_PLACEMENT_3D('',#4750,#3711,#3712);
#3056=AXIS2_PLACEMENT_3D('',#4751,#3713,#3714);
#3057=AXIS2_PLACEMENT_3D('',#4752,#3715,#3716);
#3058=AXIS2_PLACEMENT_3D('',#4753,#3717,#3718);
#3059=AXIS2_PLACEMENT_3D('',#4754,#3719,#3720);
#3060=AXIS2_PLACEMENT_3D('',#4755,#3721,#3722);
#3061=AXIS2_PLACEMENT_3D('',#4756,#3723,#3724);
#3062=AXIS2_PLACEMENT_3D('',#4757,#3725,#3726);
#3063=AXIS2_PLACEMENT_3D('',#4758,#3727,#3728);
#3064=AXIS2_PLACEMENT_3D('',#4759,#3729,#3730);
#3065=AXIS2_PLACEMENT_3D('',#4760,#3731,#3732);
#3066=AXIS2_PLACEMENT_3D('',#4761,#3733,#3734);
#3067=AXIS2_PLACEMENT_3D('',#4762,#3735,#3736);
#3068=AXIS2_PLACEMENT_3D('',#4763,#3737,#3738);
#3069=AXIS2_PLACEMENT_3D('',#4764,#3739,#3740);
#3070=AXIS2_PLACEMENT_3D('',#4765,#3741,#3742);
#3071=AXIS2_PLACEMENT_3D('',#4766,#3743,#3744);
#3072=AXIS2_PLACEMENT_3D('',#4767,#3745,#3746);
#3073=AXIS2_PLACEMENT_3D('',#4768,#3747,#3748);
#3074=AXIS2_PLACEMENT_3D('',#4769,#3749,#3750);
#3075=AXIS2_PLACEMENT_3D('',#4770,#3751,#3752);
#3076=AXIS2_PLACEMENT_3D('',#4771,#3753,#3754);
#3077=AXIS2_PLACEMENT_3D('',#4772,#3755,#3756);
#3078=AXIS2_PLACEMENT_3D('',#4773,#3757,#3758);
#3079=AXIS2_PLACEMENT_3D('',#4774,#3759,#3760);
#3080=AXIS2_PLACEMENT_3D('',#4775,#3761,#3762);
#3081=AXIS2_PLACEMENT_3D('',#4776,#3763,#3764);
#3082=AXIS2_PLACEMENT_3D('',#4777,#3765,#3766);
#3083=AXIS2_PLACEMENT_3D('',#4778,#3767,#3768);
#3084=AXIS2_PLACEMENT_3D('',#4779,#3769,#3770);
#3085=AXIS2_PLACEMENT_3D('',#4780,#3771,#3772);
#3086=AXIS2_PLACEMENT_3D('',#4781,#3773,#3774);
#3087=AXIS2_PLACEMENT_3D('',#4782,#3775,#3776);
#3088=AXIS2_PLACEMENT_3D('',#4783,#3777,#3778);
#3089=AXIS2_PLACEMENT_3D('',#4784,#3779,#3780);
#3090=AXIS2_PLACEMENT_3D('',#4785,#3781,#3782);
#3091=AXIS2_PLACEMENT_3D('',#4786,#3783,#3784);
#3092=AXIS2_PLACEMENT_3D('',#4787,#3785,#3786);
#3093=AXIS2_PLACEMENT_3D('',#4788,#3787,#3788);
#3094=AXIS2_PLACEMENT_3D('',#4789,#3789,#3790);
#3095=AXIS2_PLACEMENT_3D('',#4790,#3791,#3792);
#3096=AXIS2_PLACEMENT_3D('',#4791,#3793,#3794);
#3097=AXIS2_PLACEMENT_3D('',#4792,#3795,#3796);
#3098=AXIS2_PLACEMENT_3D('',#4793,#3797,#3798);
#3099=AXIS2_PLACEMENT_3D('',#4794,#3799,#3800);
#3100=AXIS2_PLACEMENT_3D('',#4795,#3801,#3802);
#3101=AXIS2_PLACEMENT_3D('',#4796,#3803,#3804);
#3102=AXIS2_PLACEMENT_3D('',#4797,#3805,#3806);
#3103=AXIS2_PLACEMENT_3D('',#4798,#3807,#3808);
#3104=AXIS2_PLACEMENT_3D('',#4799,#3809,#3810);
#3105=AXIS2_PLACEMENT_3D('',#4800,#3811,#3812);
#3106=AXIS2_PLACEMENT_3D('',#4801,#3813,#3814);
#3107=AXIS2_PLACEMENT_3D('',#4802,#3815,#3816);
#3108=AXIS2_PLACEMENT_3D('',#4803,#3817,#3818);
#3109=AXIS2_PLACEMENT_3D('',#4804,#3819,#3820);
#3110=AXIS2_PLACEMENT_3D('',#4805,#3821,#3822);
#3111=AXIS2_PLACEMENT_3D('',#4806,#3823,#3824);
#3112=AXIS2_PLACEMENT_3D('',#4807,#3825,#3826);
#3113=AXIS2_PLACEMENT_3D('',#4808,#3827,#3828);
#3114=AXIS2_PLACEMENT_3D('',#4809,#3829,#3830);
#3115=AXIS2_PLACEMENT_3D('',#4810,#3831,#3832);
#3116=AXIS2_PLACEMENT_3D('',#4811,#3833,#3834);
#3117=AXIS2_PLACEMENT_3D('',#4812,#3835,#3836);
#3118=AXIS2_PLACEMENT_3D('',#4813,#3837,#3838);
#3119=AXIS2_PLACEMENT_3D('',#4814,#3839,#3840);
#3120=AXIS2_PLACEMENT_3D('',#4815,#3841,#3842);
#3121=AXIS2_PLACEMENT_3D('',#4816,#3843,#3844);
#3122=AXIS2_PLACEMENT_3D('',#4817,#3845,#3846);
#3123=AXIS2_PLACEMENT_3D('',#4818,#3847,#3848);
#3124=AXIS2_PLACEMENT_3D('',#4819,#3849,#3850);
#3125=AXIS2_PLACEMENT_3D('',#4820,#3851,#3852);
#3126=AXIS2_PLACEMENT_3D('',#4821,#3853,#3854);
#3127=AXIS2_PLACEMENT_3D('',#4822,#3855,#3856);
#3128=AXIS2_PLACEMENT_3D('',#4823,#3857,#3858);
#3129=AXIS2_PLACEMENT_3D('',#4824,#3859,#3860);
#3130=AXIS2_PLACEMENT_3D('',#4825,#3861,#3862);
#3131=AXIS2_PLACEMENT_3D('',#4826,#3863,#3864);
#3132=AXIS2_PLACEMENT_3D('',#4827,#3865,#3866);
#3133=AXIS2_PLACEMENT_3D('',#4828,#3867,#3868);
#3134=AXIS2_PLACEMENT_3D('',#4829,#3869,#3870);
#3135=AXIS2_PLACEMENT_3D('',#4830,#3871,#3872);
#3136=AXIS2_PLACEMENT_3D('',#4831,#3873,#3874);
#3137=AXIS2_PLACEMENT_3D('',#4832,#3875,#3876);
#3138=AXIS2_PLACEMENT_3D('',#4833,#3877,#3878);
#3139=AXIS2_PLACEMENT_3D('',#4834,#3879,#3880);
#3140=AXIS2_PLACEMENT_3D('',#4835,#3881,#3882);
#3141=AXIS2_PLACEMENT_3D('',#4836,#3883,#3884);
#3142=AXIS2_PLACEMENT_3D('',#4837,#3885,#3886);
#3143=AXIS2_PLACEMENT_3D('',#4838,#3887,#3888);
#3144=AXIS2_PLACEMENT_3D('',#4839,#3889,#3890);
#3145=AXIS2_PLACEMENT_3D('',#4840,#3891,#3892);
#3146=AXIS2_PLACEMENT_3D('',#4841,#3893,#3894);
#3147=AXIS2_PLACEMENT_3D('',#4842,#3895,#3896);
#3148=AXIS2_PLACEMENT_3D('',#4843,#3897,#3898);
#3149=AXIS2_PLACEMENT_3D('',#4844,#3899,#3900);
#3150=AXIS2_PLACEMENT_3D('',#4845,#3901,#3902);
#3151=AXIS2_PLACEMENT_3D('',#4846,#3903,#3904);
#3152=AXIS2_PLACEMENT_3D('',#4847,#3905,#3906);
#3153=AXIS2_PLACEMENT_3D('',#4848,#3907,#3908);
#3154=AXIS2_PLACEMENT_3D('',#4849,#3909,#3910);
#3155=AXIS2_PLACEMENT_3D('',#4850,#3911,#3912);
#3156=AXIS2_PLACEMENT_3D('',#4851,#3913,#3914);
#3157=AXIS2_PLACEMENT_3D('',#4852,#3915,#3916);
#3158=AXIS2_PLACEMENT_3D('',#4853,#3917,#3918);
#3159=AXIS2_PLACEMENT_3D('',#4854,#3919,#3920);
#3160=AXIS2_PLACEMENT_3D('',#4855,#3921,#3922);
#3161=AXIS2_PLACEMENT_3D('',#4856,#3923,#3924);
#3162=AXIS2_PLACEMENT_3D('',#4857,#3925,#3926);
#3163=AXIS2_PLACEMENT_3D('',#4858,#3927,#3928);
#3164=AXIS2_PLACEMENT_3D('',#4859,#3929,#3930);
#3165=AXIS2_PLACEMENT_3D('',#4860,#3931,#3932);
#3166=AXIS2_PLACEMENT_3D('',#4861,#3933,#3934);
#3167=AXIS2_PLACEMENT_3D('',#4862,#3935,#3936);
#3168=AXIS2_PLACEMENT_3D('',#4863,#3937,#3938);
#3169=AXIS2_PLACEMENT_3D('',#4866,#3940,#3941);
#3170=AXIS2_PLACEMENT_3D('',#4870,#3943,#3944);
#3171=AXIS2_PLACEMENT_3D('',#4874,#3946,#3947);
#3172=AXIS2_PLACEMENT_3D('',#4878,#3949,#3950);
#3173=AXIS2_PLACEMENT_3D('',#4882,#3952,#3953);
#3174=AXIS2_PLACEMENT_3D('',#4885,#3955,#3956);
#3175=AXIS2_PLACEMENT_3D('',#4888,#3958,#3959);
#3176=AXIS2_PLACEMENT_3D('',#4892,#3961,#3962);
#3177=AXIS2_PLACEMENT_3D('',#4896,#3964,#3965);
#3178=AXIS2_PLACEMENT_3D('',#4900,#3967,#3968);
#3179=AXIS2_PLACEMENT_3D('',#4904,#3970,#3971);
#3180=AXIS2_PLACEMENT_3D('',#4907,#3973,#3974);
#3181=AXIS2_PLACEMENT_3D('',#4908,#3975,#3976);
#3182=AXIS2_PLACEMENT_3D('',#4909,#3977,#3978);
#3183=AXIS2_PLACEMENT_3D('',#4910,#3979,#3980);
#3184=AXIS2_PLACEMENT_3D('',#4911,#3981,#3982);
#3185=AXIS2_PLACEMENT_3D('',#4912,#3983,#3984);
#3186=AXIS2_PLACEMENT_3D('',#4913,#3985,#3986);
#3187=AXIS2_PLACEMENT_3D('',#4919,#3990,#3991);
#3188=AXIS2_PLACEMENT_3D('',#4920,#3992,#3993);
#3189=AXIS2_PLACEMENT_3D('',#4921,#3994,#3995);
#3190=AXIS2_PLACEMENT_3D('',#4930,#4000,#4001);
#3191=AXIS2_PLACEMENT_3D('',#4939,#4006,#4007);
#3192=AXIS2_PLACEMENT_3D('',#4948,#4012,#4013);
#3193=AXIS2_PLACEMENT_3D('',#4957,#4018,#4019);
#3194=AXIS2_PLACEMENT_3D('',#4966,#4024,#4025);
#3195=AXIS2_PLACEMENT_3D('',#4975,#4030,#4031);
#3196=AXIS2_PLACEMENT_3D('',#4984,#4036,#4037);
#3197=AXIS2_PLACEMENT_3D('',#4993,#4042,#4043);
#3198=AXIS2_PLACEMENT_3D('',#5001,#4047,#4048);
#3199=AXIS2_PLACEMENT_3D('',#5005,#4050,#4051);
#3200=AXIS2_PLACEMENT_3D('',#5009,#4053,#4054);
#3201=AXIS2_PLACEMENT_3D('',#5013,#4056,#4057);
#3202=AXIS2_PLACEMENT_3D('',#5017,#4059,#4060);
#3203=AXIS2_PLACEMENT_3D('',#5021,#4062,#4063);
#3204=AXIS2_PLACEMENT_3D('',#5025,#4065,#4066);
#3205=AXIS2_PLACEMENT_3D('',#5029,#4068,#4069);
#3206=AXIS2_PLACEMENT_3D('',#5033,#4071,#4072);
#3207=AXIS2_PLACEMENT_3D('',#5037,#4074,#4075);
#3208=AXIS2_PLACEMENT_3D('',#5038,#4076,#4077);
#3209=AXIS2_PLACEMENT_3D('',#5039,#4078,#4079);
#3210=AXIS2_PLACEMENT_3D('',#5040,#4080,#4081);
#3211=AXIS2_PLACEMENT_3D('',#5041,#4082,#4083);
#3212=AXIS2_PLACEMENT_3D('',#5042,#4084,#4085);
#3213=AXIS2_PLACEMENT_3D('',#5043,#4086,#4087);
#3214=AXIS2_PLACEMENT_3D('',#5044,#4088,#4089);
#3215=AXIS2_PLACEMENT_3D('',#5045,#4090,#4091);
#3216=AXIS2_PLACEMENT_3D('',#5046,#4092,#4093);
#3217=AXIS2_PLACEMENT_3D('',#5047,#4094,#4095);
#3218=AXIS2_PLACEMENT_3D('',#5048,#4096,#4097);
#3219=AXIS2_PLACEMENT_3D('',#5049,#4098,#4099);
#3220=AXIS2_PLACEMENT_3D('',#5050,#4100,#4101);
#3221=AXIS2_PLACEMENT_3D('',#5051,#4102,#4103);
#3222=AXIS2_PLACEMENT_3D('',#5052,#4104,#4105);
#3223=AXIS2_PLACEMENT_3D('',#5053,#4106,#4107);
#3224=AXIS2_PLACEMENT_3D('',#5054,#4108,#4109);
#3225=AXIS2_PLACEMENT_3D('',#5055,#4110,#4111);
#3226=AXIS2_PLACEMENT_3D('',#5056,#4112,#4113);
#3227=AXIS2_PLACEMENT_3D('',#5057,#4114,#4115);
#3228=AXIS2_PLACEMENT_3D('',#5058,#4116,#4117);
#3229=AXIS2_PLACEMENT_3D('',#5059,#4118,#4119);
#3230=AXIS2_PLACEMENT_3D('',#5060,#4120,#4121);
#3231=AXIS2_PLACEMENT_3D('',#5061,#4122,#4123);
#3232=AXIS2_PLACEMENT_3D('',#5062,#4124,#4125);
#3233=AXIS2_PLACEMENT_3D('',#5063,#4126,#4127);
#3234=AXIS2_PLACEMENT_3D('',#5064,#4128,#4129);
#3235=AXIS2_PLACEMENT_3D('',#5065,#4130,#4131);
#3236=AXIS2_PLACEMENT_3D('',#5066,#4132,#4133);
#3237=AXIS2_PLACEMENT_3D('',#5067,#4134,#4135);
#3238=AXIS2_PLACEMENT_3D('',#5068,#4136,#4137);
#3239=AXIS2_PLACEMENT_3D('',#5069,#4138,#4139);
#3240=AXIS2_PLACEMENT_3D('',#5070,#4140,#4141);
#3241=AXIS2_PLACEMENT_3D('',#5071,#4142,#4143);
#3242=AXIS2_PLACEMENT_3D('',#5072,#4144,#4145);
#3243=AXIS2_PLACEMENT_3D('',#5073,#4146,#4147);
#3244=AXIS2_PLACEMENT_3D('',#5074,#4148,#4149);
#3245=AXIS2_PLACEMENT_3D('',#5075,#4150,#4151);
#3246=AXIS2_PLACEMENT_3D('',#5076,#4152,#4153);
#3247=AXIS2_PLACEMENT_3D('',#5077,#4154,#4155);
#3248=AXIS2_PLACEMENT_3D('',#5078,#4156,#4157);
#3249=AXIS2_PLACEMENT_3D('',#5079,#4158,#4159);
#3250=AXIS2_PLACEMENT_3D('',#5080,#4160,#4161);
#3251=AXIS2_PLACEMENT_3D('',#5081,#4162,#4163);
#3252=AXIS2_PLACEMENT_3D('',#5082,#4164,#4165);
#3253=AXIS2_PLACEMENT_3D('',#5083,#4166,#4167);
#3254=AXIS2_PLACEMENT_3D('',#5084,#4168,#4169);
#3255=AXIS2_PLACEMENT_3D('',#5085,#4170,#4171);
#3256=AXIS2_PLACEMENT_3D('',#5086,#4172,#4173);
#3257=AXIS2_PLACEMENT_3D('',#5087,#4174,#4175);
#3258=AXIS2_PLACEMENT_3D('',#5088,#4176,#4177);
#3259=AXIS2_PLACEMENT_3D('',#5089,#4178,#4179);
#3260=AXIS2_PLACEMENT_3D('',#5090,#4180,#4181);
#3261=AXIS2_PLACEMENT_3D('',#5091,#4182,#4183);
#3262=AXIS2_PLACEMENT_3D('',#5092,#4184,#4185);
#3263=AXIS2_PLACEMENT_3D('',#5093,#4186,#4187);
#3264=AXIS2_PLACEMENT_3D('',#5094,#4188,#4189);
#3265=AXIS2_PLACEMENT_3D('',#5095,#4190,#4191);
#3266=AXIS2_PLACEMENT_3D('',#5096,#4192,#4193);
#3267=AXIS2_PLACEMENT_3D('',#5097,#4194,#4195);
#3268=AXIS2_PLACEMENT_3D('',#5098,#4196,#4197);
#3269=AXIS2_PLACEMENT_3D('',#5099,#4198,#4199);
#3270=AXIS2_PLACEMENT_3D('',#5100,#4200,#4201);
#3271=AXIS2_PLACEMENT_3D('',#5101,#4202,#4203);
#3272=AXIS2_PLACEMENT_3D('',#5102,#4204,#4205);
#3273=AXIS2_PLACEMENT_3D('',#5103,#4206,#4207);
#3274=AXIS2_PLACEMENT_3D('',#5104,#4208,#4209);
#3275=AXIS2_PLACEMENT_3D('',#5105,#4210,#4211);
#3276=AXIS2_PLACEMENT_3D('',#5106,#4212,#4213);
#3277=AXIS2_PLACEMENT_3D('',#5107,#4214,#4215);
#3278=AXIS2_PLACEMENT_3D('',#5108,#4216,#4217);
#3279=AXIS2_PLACEMENT_3D('',#5109,#4218,#4219);
#3280=AXIS2_PLACEMENT_3D('',#5110,#4220,#4221);
#3281=AXIS2_PLACEMENT_3D('',#5111,#4222,#4223);
#3282=AXIS2_PLACEMENT_3D('',#5112,#4224,#4225);
#3283=AXIS2_PLACEMENT_3D('',#5113,#4226,#4227);
#3284=AXIS2_PLACEMENT_3D('',#5114,#4228,#4229);
#3285=AXIS2_PLACEMENT_3D('',#5115,#4230,#4231);
#3286=AXIS2_PLACEMENT_3D('',#5116,#4232,#4233);
#3287=AXIS2_PLACEMENT_3D('',#5117,#4234,#4235);
#3288=AXIS2_PLACEMENT_3D('',#5118,#4236,#4237);
#3289=AXIS2_PLACEMENT_3D('',#5119,#4238,#4239);
#3290=AXIS2_PLACEMENT_3D('',#5120,#4240,#4241);
#3291=AXIS2_PLACEMENT_3D('',#5121,#4242,#4243);
#3292=AXIS2_PLACEMENT_3D('',#5122,#4244,#4245);
#3293=AXIS2_PLACEMENT_3D('',#5123,#4246,#4247);
#3294=AXIS2_PLACEMENT_3D('',#5124,#4248,#4249);
#3295=AXIS2_PLACEMENT_3D('',#5125,#4250,#4251);
#3296=AXIS2_PLACEMENT_3D('',#5126,#4252,#4253);
#3297=AXIS2_PLACEMENT_3D('',#5127,#4254,#4255);
#3298=AXIS2_PLACEMENT_3D('',#5128,#4256,#4257);
#3299=AXIS2_PLACEMENT_3D('',#5129,#4258,#4259);
#3300=AXIS2_PLACEMENT_3D('',#5130,#4260,#4261);
#3301=AXIS2_PLACEMENT_3D('',#5131,#4262,#4263);
#3302=AXIS2_PLACEMENT_3D('',#5132,#4264,#4265);
#3303=AXIS2_PLACEMENT_3D('',#5133,#4266,#4267);
#3304=AXIS2_PLACEMENT_3D('',#5134,#4268,#4269);
#3305=AXIS2_PLACEMENT_3D('',#5135,#4270,#4271);
#3306=AXIS2_PLACEMENT_3D('',#5136,#4272,#4273);
#3307=AXIS2_PLACEMENT_3D('',#5137,#4274,#4275);
#3308=AXIS2_PLACEMENT_3D('',#5138,#4276,#4277);
#3309=AXIS2_PLACEMENT_3D('',#5139,#4278,#4279);
#3310=AXIS2_PLACEMENT_3D('',#5140,#4280,#4281);
#3311=AXIS2_PLACEMENT_3D('',#5141,#4282,#4283);
#3312=AXIS2_PLACEMENT_3D('',#5142,#4284,#4285);
#3313=DIRECTION('',(0.,0.,1.));
#3314=DIRECTION('',(1.,0.,0.));
#3315=DIRECTION('',(-2.42861286636753E-16,1.,0.));
#3316=DIRECTION('',(1.,2.42861286636753E-16,0.));
#3317=DIRECTION('',(-2.42861286636753E-16,1.,0.));
#3318=DIRECTION('',(1.,2.42861286636753E-16,0.));
#3319=DIRECTION('',(-2.42861286636753E-16,1.,0.));
#3320=DIRECTION('',(1.,2.42861286636753E-16,0.));
#3321=DIRECTION('',(-2.42861286636753E-16,1.,0.));
#3322=DIRECTION('',(1.,2.42861286636753E-16,0.));
#3323=DIRECTION('',(-2.42861286636753E-16,1.,0.));
#3324=DIRECTION('',(1.,2.42861286636753E-16,0.));
#3325=DIRECTION('',(-2.42861286636753E-16,1.,0.));
#3326=DIRECTION('',(1.,2.42861286636753E-16,0.));
#3327=DIRECTION('',(-1.,-2.42861286636753E-16,0.));
#3328=DIRECTION('',(-1.59514802388672E-16,-3.87399701457203E-32,-1.));
#3329=DIRECTION('',(-1.,-2.42861286636753E-16,0.));
#3330=DIRECTION('',(0.,0.,-1.));
#3331=DIRECTION('',(1.,2.42861286636753E-16,0.));
#3332=DIRECTION('',(2.42861286636753E-16,-1.,0.));
#3333=DIRECTION('',(0.,0.,1.));
#3334=DIRECTION('',(-2.42861286636753E-16,1.,0.));
#3335=DIRECTION('',(-2.42861286636753E-16,1.,0.));
#3336=DIRECTION('',(-1.,7.67306334726194E-17,0.));
#3337=DIRECTION('',(7.67306334726194E-17,1.,0.));
#3338=DIRECTION('',(0.,0.,1.));
#3339=DIRECTION('',(-7.67306334726194E-17,-1.,0.));
#3340=DIRECTION('',(0.,0.,1.));
#3341=DIRECTION('',(-7.67306334726194E-17,-1.,0.));
#3342=DIRECTION('',(-1.,1.53461266945239E-16,0.));
#3343=DIRECTION('',(1.53461266945239E-16,1.,0.));
#3344=DIRECTION('',(-1.53461266945239E-16,-1.,0.));
#3345=DIRECTION('',(0.,0.,1.));
#3346=DIRECTION('',(-1.53461266945239E-16,-1.,0.));
#3347=DIRECTION('',(-1.,1.53461266945239E-16,0.));
#3348=DIRECTION('',(1.53461266945239E-16,1.,0.));
#3349=DIRECTION('',(-1.53461266945239E-16,-1.,0.));
#3350=DIRECTION('',(0.,0.,1.));
#3351=DIRECTION('',(-1.53461266945239E-16,-1.,0.));
#3352=DIRECTION('',(0.,0.,1.));
#3353=DIRECTION('',(0.,0.,1.));
#3354=DIRECTION('',(1.,0.,0.));
#3355=DIRECTION('',(1.,2.42861286636753E-16,0.));
#3356=DIRECTION('',(1.,2.97381167310309E-16,0.));
#3357=DIRECTION('',(0.,0.,1.));
#3358=DIRECTION('',(0.,-1.,0.));
#3359=DIRECTION('',(0.,-1.,0.));
#3360=DIRECTION('',(0.,0.,1.));
#3361=DIRECTION('',(0.,-1.,0.));
#3362=DIRECTION('',(-0.323834847946941,-0.946113624917843,0.));
#3363=DIRECTION('',(0.,0.,1.));
#3364=DIRECTION('',(0.,-1.,0.));
#3365=DIRECTION('',(0.323834847946941,-0.946113624917843,0.));
#3366=DIRECTION('',(0.,0.,1.));
#3367=DIRECTION('',(0.,-1.,0.));
#3368=DIRECTION('',(0.,-1.,0.));
#3369=DIRECTION('',(0.,0.,1.));
#3370=DIRECTION('',(0.,-1.,0.));
#3371=DIRECTION('',(0.,0.,1.));
#3372=DIRECTION('',(1.,0.,0.));
#3373=DIRECTION('',(1.,2.42861286636753E-16,0.));
#3374=DIRECTION('',(0.,0.,1.));
#3375=DIRECTION('',(0.,-1.,0.));
#3376=DIRECTION('',(0.,-1.,0.));
#3377=DIRECTION('',(0.,0.,1.));
#3378=DIRECTION('',(0.,-1.,0.));
#3379=DIRECTION('',(-0.323834847946941,-0.946113624917844,0.));
#3380=DIRECTION('',(0.,0.,1.));
#3381=DIRECTION('',(0.,-1.,0.));
#3382=DIRECTION('',(0.323834847946941,-0.946113624917843,0.));
#3383=DIRECTION('',(0.,0.,1.));
#3384=DIRECTION('',(0.,-1.,0.));
#3385=DIRECTION('',(0.,-1.,0.));
#3386=DIRECTION('',(0.,0.,1.));
#3387=DIRECTION('',(0.,-1.,0.));
#3388=DIRECTION('',(1.,1.98254111540206E-16,0.));
#3389=DIRECTION('',(1.,1.98254111540206E-16,0.));
#3390=DIRECTION('',(1.98254111540206E-16,-1.,0.));
#3391=DIRECTION('',(1.,1.98254111540206E-16,0.));
#3392=DIRECTION('',(0.707106781186548,1.40186826668194E-16,0.707106781186548));
#3393=DIRECTION('',(-0.707106781186548,-1.40186826668194E-16,0.707106781186548));
#3394=DIRECTION('',(1.,0.,0.));
#3395=DIRECTION('',(0.,-1.,0.));
#3396=DIRECTION('',(-1.,-2.42861286636753E-16,0.));
#3397=DIRECTION('',(-2.42861286636753E-16,1.,0.));
#3398=DIRECTION('',(-0.707106781186548,-1.71728862668538E-16,-0.707106781186548));
#3399=DIRECTION('',(0.707106781186548,1.71728862668538E-16,-0.707106781186548));
#3400=DIRECTION('',(1.,2.42861286636753E-16,0.));
#3401=DIRECTION('',(-1.,0.,0.));
#3402=DIRECTION('',(0.,1.,0.));
#3403=DIRECTION('',(1.,2.97381167310309E-16,0.));
#3404=DIRECTION('',(2.97381167310309E-16,-1.,0.));
#3405=DIRECTION('',(0.707106781186548,2.10280240002291E-16,-0.707106781186548));
#3406=DIRECTION('',(-0.707106781186548,-2.10280240002291E-16,-0.707106781186548));
#3407=DIRECTION('',(1.,2.97381167310309E-16,0.));
#3408=DIRECTION('',(1.,0.,0.));
#3409=DIRECTION('',(0.,-1.,0.));
#3410=DIRECTION('',(0.,0.,1.));
#3411=DIRECTION('',(1.,0.,0.));
#3412=DIRECTION('',(1.,2.97381167310309E-16,0.));
#3413=DIRECTION('',(1.,1.98254111540206E-16,0.));
#3414=DIRECTION('',(6.59921977075705E-16,1.,0.));
#3415=DIRECTION('',(-0.707106781186548,0.707106781186547,0.));
#3416=DIRECTION('',(0.707106781186547,0.707106781186549,0.));
#3417=DIRECTION('',(0.,1.,0.));
#3418=DIRECTION('',(1.,0.,0.));
#3419=DIRECTION('',(0.,1.,0.));
#3420=DIRECTION('',(1.,2.51078397838749E-16,0.));
#3421=DIRECTION('',(0.,-1.,0.));
#3422=DIRECTION('',(1.,1.82602471155453E-16,0.));
#3423=DIRECTION('',(0.,-1.,0.));
#3424=DIRECTION('',(1.,2.51078397838749E-16,0.));
#3425=DIRECTION('',(0.,1.,0.));
#3426=DIRECTION('',(1.,0.,0.));
#3427=DIRECTION('',(0.,1.,0.));
#3428=DIRECTION('',(-0.707106781186547,0.707106781186548,0.));
#3429=DIRECTION('',(0.707106781186548,0.707106781186547,0.));
#3430=DIRECTION('',(-6.59921977075705E-16,1.,0.));
#3431=DIRECTION('',(-1.,-2.42861286636753E-16,0.));
#3432=DIRECTION('',(-2.42861286636753E-16,1.,0.));
#3433=DIRECTION('',(1.,2.42861286636753E-16,0.));
#3434=DIRECTION('',(-0.707106781186548,-1.71728862668538E-16,0.707106781186548));
#3435=DIRECTION('',(0.707106781186548,1.71728862668538E-16,0.707106781186548));
#3436=DIRECTION('',(-1.,0.,0.));
#3437=DIRECTION('',(0.,1.,0.));
#3438=DIRECTION('',(0.,1.,0.));
#3439=DIRECTION('',(1.,0.,0.));
#3440=DIRECTION('',(0.5,0.,-0.866025403784439));
#3441=DIRECTION('',(1.,0.,0.));
#3442=DIRECTION('',(-0.5,0.,-0.866025403784438));
#3443=DIRECTION('',(0.,0.,-1.));
#3444=DIRECTION('',(1.,0.,0.));
#3445=DIRECTION('',(0.,0.,-1.));
#3446=DIRECTION('',(-2.51078397838749E-16,1.,0.));
#3447=DIRECTION('',(1.,2.51078397838749E-16,0.));
#3448=DIRECTION('',(0.,0.,-1.));
#3449=DIRECTION('',(1.,2.51078397838749E-16,0.));
#3450=DIRECTION('',(0.5,1.25539198919374E-16,0.866025403784438));
#3451=DIRECTION('',(-1.,-2.51078397838749E-16,0.));
#3452=DIRECTION('',(-0.5,-1.25539198919374E-16,0.866025403784439));
#3453=DIRECTION('',(1.,2.51078397838749E-16,0.));
#3454=DIRECTION('',(0.,0.,-1.));
#3455=DIRECTION('',(1.,2.51078397838749E-16,0.));
#3456=DIRECTION('',(1.,0.,0.));
#3457=DIRECTION('',(0.,-1.,0.));
#3458=DIRECTION('',(0.,0.,-1.));
#3459=DIRECTION('',(0.,-1.,0.));
#3460=DIRECTION('',(0.,0.,-1.));
#3461=DIRECTION('',(0.,-1.,0.));
#3462=DIRECTION('',(0.946113624917843,0.323834847946941,0.));
#3463=DIRECTION('',(0.323834847946941,-0.946113624917843,0.));
#3464=DIRECTION('',(0.,0.,-1.));
#3465=DIRECTION('',(0.323834847946941,-0.946113624917843,0.));
#3466=DIRECTION('',(0.,0.,-1.));
#3467=DIRECTION('',(0.323834847946941,-0.946113624917843,0.));
#3468=DIRECTION('',(0.946113624917843,-0.323834847946941,0.));
#3469=DIRECTION('',(-0.323834847946941,-0.946113624917843,0.));
#3470=DIRECTION('',(0.,0.,-1.));
#3471=DIRECTION('',(-0.323834847946941,-0.946113624917843,0.));
#3472=DIRECTION('',(0.,0.,-1.));
#3473=DIRECTION('',(-0.323834847946941,-0.946113624917843,0.));
#3474=DIRECTION('',(1.,0.,0.));
#3475=DIRECTION('',(0.,-1.,0.));
#3476=DIRECTION('',(0.,0.,-1.));
#3477=DIRECTION('',(0.,-1.,0.));
#3478=DIRECTION('',(0.,0.,-1.));
#3479=DIRECTION('',(0.,-1.,0.));
#3480=DIRECTION('',(-1.,-6.59921977075705E-16,0.));
#3481=DIRECTION('',(-6.59921977075705E-16,1.,0.));
#3482=DIRECTION('',(-6.59921977075705E-16,1.,0.));
#3483=DIRECTION('',(-1.,-6.59921977075705E-16,0.));
#3484=DIRECTION('',(-6.59921977075705E-16,1.,0.));
#3485=DIRECTION('',(0.,0.,-1.));
#3486=DIRECTION('',(-1.,-6.59921977075705E-16,0.));
#3487=DIRECTION('',(-6.59921977075705E-16,1.,0.));
#3488=DIRECTION('',(0.,0.,-1.));
#3489=DIRECTION('',(-0.707106781186547,0.707106781186548,0.));
#3490=DIRECTION('',(0.707106781186548,0.707106781186547,0.));
#3491=DIRECTION('',(0.,0.,-1.));
#3492=DIRECTION('',(0.707106781186548,0.707106781186547,0.));
#3493=DIRECTION('',(-0.707106781186548,-0.707106781186547,0.));
#3494=DIRECTION('',(-0.707106781186547,0.707106781186548,0.));
#3495=DIRECTION('',(0.,0.,-1.));
#3496=DIRECTION('',(-0.707106781186547,0.707106781186548,0.));
#3497=DIRECTION('',(-1.,0.,0.));
#3498=DIRECTION('',(0.,1.,0.));
#3499=DIRECTION('',(0.,1.,0.));
#3500=DIRECTION('',(-1.,0.,0.));
#3501=DIRECTION('',(0.,1.,0.));
#3502=DIRECTION('',(0.,0.,-1.));
#3503=DIRECTION('',(0.,1.,0.));
#3504=DIRECTION('',(-0.707106781186549,0.707106781186547,0.));
#3505=DIRECTION('',(0.707106781186547,0.707106781186549,0.));
#3506=DIRECTION('',(0.,0.,-1.));
#3507=DIRECTION('',(0.707106781186547,0.707106781186549,0.));
#3508=DIRECTION('',(-0.707106781186547,-0.707106781186548,0.));
#3509=DIRECTION('',(-0.707106781186548,0.707106781186547,0.));
#3510=DIRECTION('',(0.,0.,-1.));
#3511=DIRECTION('',(-0.707106781186548,0.707106781186547,0.));
#3512=DIRECTION('',(-1.,6.59921977075705E-16,0.));
#3513=DIRECTION('',(6.59921977075705E-16,1.,0.));
#3514=DIRECTION('',(0.,0.,-1.));
#3515=DIRECTION('',(-1.,6.59921977075705E-16,0.));
#3516=DIRECTION('',(6.59921977075705E-16,1.,0.));
#3517=DIRECTION('',(6.59921977075705E-16,1.,0.));
#3518=DIRECTION('',(-1.,6.59921977075705E-16,0.));
#3519=DIRECTION('',(6.59921977075705E-16,1.,0.));
#3520=DIRECTION('',(-1.98254111540206E-16,1.,0.));
#3521=DIRECTION('',(1.,1.98254111540206E-16,0.));
#3522=DIRECTION('',(1.,2.97381167310309E-16,0.));
#3523=DIRECTION('',(1.,1.98254111540206E-16,0.));
#3524=DIRECTION('',(1.,1.98254111540206E-16,0.));
#3525=DIRECTION('',(0.,0.,1.));
#3526=DIRECTION('',(1.,1.98254111540206E-16,0.));
#3527=DIRECTION('',(0.,0.,1.));
#3528=DIRECTION('',(0.,0.,-1.));
#3529=DIRECTION('',(1.,1.98254111540206E-16,0.));
#3530=DIRECTION('',(1.,1.98254111540206E-16,0.));
#3531=DIRECTION('',(0.,0.,1.));
#3532=DIRECTION('',(1.,1.98254111540206E-16,0.));
#3533=DIRECTION('',(1.,1.98254111540206E-16,0.));
#3534=DIRECTION('',(1.,2.97381167310309E-16,0.));
#3535=DIRECTION('',(0.,0.,1.));
#3536=DIRECTION('',(1.,2.97381167310309E-16,0.));
#3537=DIRECTION('',(1.,2.97381167310309E-16,0.));
#3538=DIRECTION('',(0.,0.,-1.));
#3539=DIRECTION('',(0.,0.,1.));
#3540=DIRECTION('',(1.,2.97381167310309E-16,0.));
#3541=DIRECTION('',(0.,0.,1.));
#3542=DIRECTION('',(1.,0.,0.));
#3543=DIRECTION('',(0.,-1.,0.));
#3544=DIRECTION('',(0.,0.,-1.));
#3545=DIRECTION('',(0.,-1.,0.));
#3546=DIRECTION('',(0.,0.,-1.));
#3547=DIRECTION('',(0.,-1.,0.));
#3548=DIRECTION('',(0.946113624917843,0.323834847946941,0.));
#3549=DIRECTION('',(0.323834847946941,-0.946113624917843,0.));
#3550=DIRECTION('',(0.,0.,-1.));
#3551=DIRECTION('',(0.323834847946941,-0.946113624917843,0.));
#3552=DIRECTION('',(0.,0.,-1.));
#3553=DIRECTION('',(0.323834847946941,-0.946113624917843,0.));
#3554=DIRECTION('',(0.946113624917844,-0.323834847946941,0.));
#3555=DIRECTION('',(-0.323834847946941,-0.946113624917844,0.));
#3556=DIRECTION('',(0.,0.,-1.));
#3557=DIRECTION('',(-0.323834847946941,-0.946113624917844,0.));
#3558=DIRECTION('',(0.,0.,-1.));
#3559=DIRECTION('',(-0.323834847946941,-0.946113624917844,0.));
#3560=DIRECTION('',(1.,0.,0.));
#3561=DIRECTION('',(0.,-1.,0.));
#3562=DIRECTION('',(0.,0.,-1.));
#3563=DIRECTION('',(0.,-1.,0.));
#3564=DIRECTION('',(0.,0.,-1.));
#3565=DIRECTION('',(0.,-1.,0.));
#3566=DIRECTION('',(-2.42861286636753E-16,1.,0.));
#3567=DIRECTION('',(1.,2.42861286636753E-16,0.));
#3568=DIRECTION('',(0.,0.,1.));
#3569=DIRECTION('',(1.,2.42861286636753E-16,0.));
#3570=DIRECTION('',(0.,0.,1.));
#3571=DIRECTION('',(1.,2.42861286636753E-16,0.));
#3572=DIRECTION('',(0.,0.,1.));
#3573=DIRECTION('',(1.,2.42861286636753E-16,0.));
#3574=DIRECTION('',(0.,0.,1.));
#3575=DIRECTION('',(0.,0.,-1.));
#3576=DIRECTION('',(1.,2.42861286636753E-16,0.));
#3577=DIRECTION('',(0.,0.,-1.));
#3578=DIRECTION('',(-2.42861286636753E-16,1.,0.));
#3579=DIRECTION('',(1.,2.42861286636753E-16,0.));
#3580=DIRECTION('',(-2.42861286636753E-16,1.,0.));
#3581=DIRECTION('',(1.,2.42861286636753E-16,0.));
#3582=DIRECTION('',(-2.42861286636753E-16,1.,0.));
#3583=DIRECTION('',(1.,2.42861286636753E-16,0.));
#3584=DIRECTION('',(-2.42861286636753E-16,1.,0.));
#3585=DIRECTION('',(1.,2.42861286636753E-16,0.));
#3586=DIRECTION('',(-2.42861286636753E-16,1.,0.));
#3587=DIRECTION('',(1.,2.42861286636753E-16,0.));
#3588=DIRECTION('',(0.,0.,1.));
#3589=DIRECTION('',(1.,0.,0.));
#3590=DIRECTION('',(0.,-1.,0.));
#3591=DIRECTION('',(1.,2.51078397838749E-16,0.));
#3592=DIRECTION('',(0.,-1.,0.));
#3593=DIRECTION('',(1.,1.82602471155453E-16,0.));
#3594=DIRECTION('',(0.,0.,1.));
#3595=DIRECTION('',(0.,-1.,0.));
#3596=DIRECTION('',(1.,2.97381167310309E-16,0.));
#3597=DIRECTION('',(1.,1.98254111540206E-16,0.));
#3598=DIRECTION('',(0.,0.,1.));
#3599=DIRECTION('',(0.,-1.,0.));
#3600=DIRECTION('',(0.,-1.,0.));
#3601=DIRECTION('',(0.,0.,1.));
#3602=DIRECTION('',(0.,-1.,0.));
#3603=DIRECTION('',(0.323834847946941,-0.946113624917843,0.));
#3604=DIRECTION('',(0.,0.,1.));
#3605=DIRECTION('',(0.,-1.,0.));
#3606=DIRECTION('',(-0.323834847946941,-0.946113624917844,0.));
#3607=DIRECTION('',(0.,0.,1.));
#3608=DIRECTION('',(0.,-1.,0.));
#3609=DIRECTION('',(0.,-1.,0.));
#3610=DIRECTION('',(0.,0.,1.));
#3611=DIRECTION('',(0.,-1.,0.));
#3612=DIRECTION('',(1.,2.42861286636753E-16,0.));
#3613=DIRECTION('',(0.,0.,1.));
#3614=DIRECTION('',(0.,-1.,0.));
#3615=DIRECTION('',(0.,-1.,0.));
#3616=DIRECTION('',(0.,0.,1.));
#3617=DIRECTION('',(0.,-1.,0.));
#3618=DIRECTION('',(0.323834847946941,-0.946113624917843,0.));
#3619=DIRECTION('',(0.,0.,1.));
#3620=DIRECTION('',(0.,-1.,0.));
#3621=DIRECTION('',(-0.323834847946941,-0.946113624917843,0.));
#3622=DIRECTION('',(0.,0.,1.));
#3623=DIRECTION('',(0.,-1.,0.));
#3624=DIRECTION('',(0.,-1.,0.));
#3625=DIRECTION('',(0.,0.,1.));
#3626=DIRECTION('',(0.,-1.,0.));
#3627=DIRECTION('',(0.,0.,1.));
#3628=DIRECTION('',(0.,-1.,0.));
#3629=DIRECTION('',(0.,0.,1.));
#3630=DIRECTION('',(0.,-1.,0.));
#3631=DIRECTION('',(0.,0.,-1.));
#3632=DIRECTION('',(0.,1.,0.));
#3633=DIRECTION('',(0.,0.,1.));
#3634=DIRECTION('',(0.,-1.,0.));
#3635=DIRECTION('',(0.,0.,1.));
#3636=DIRECTION('',(0.,-1.,0.));
#3637=DIRECTION('',(0.,0.,-1.));
#3638=DIRECTION('',(0.,1.,0.));
#3639=DIRECTION('',(0.,0.,1.));
#3640=DIRECTION('',(0.,-1.,0.));
#3641=DIRECTION('',(0.,0.,1.));
#3642=DIRECTION('',(0.,-1.,0.));
#3643=DIRECTION('',(0.,0.,1.));
#3644=DIRECTION('',(0.,-1.,0.));
#3645=DIRECTION('',(0.,0.,1.));
#3646=DIRECTION('',(0.,-1.,0.));
#3647=DIRECTION('',(0.,0.,1.));
#3648=DIRECTION('',(0.,-1.,0.));
#3649=DIRECTION('',(0.,0.,-1.));
#3650=DIRECTION('',(0.,1.,0.));
#3651=DIRECTION('',(0.,0.,1.));
#3652=DIRECTION('',(0.,-1.,0.));
#3653=DIRECTION('',(0.,0.,1.));
#3654=DIRECTION('',(0.,-1.,0.));
#3655=DIRECTION('',(0.,0.,-1.));
#3656=DIRECTION('',(0.,1.,0.));
#3657=DIRECTION('',(0.,0.,1.));
#3658=DIRECTION('',(0.,-1.,0.));
#3659=DIRECTION('',(0.,0.,1.));
#3660=DIRECTION('',(0.,-1.,0.));
#3661=DIRECTION('',(0.,0.,-1.));
#3662=DIRECTION('',(0.,1.,0.));
#3663=DIRECTION('',(0.,0.,1.));
#3664=DIRECTION('',(0.,-1.,0.));
#3665=DIRECTION('',(0.,0.,1.));
#3666=DIRECTION('',(0.,-1.,0.));
#3667=DIRECTION('',(0.,0.,1.));
#3668=DIRECTION('',(0.,-1.,0.));
#3669=DIRECTION('',(0.,0.,1.));
#3670=DIRECTION('',(0.,-1.,0.));
#3671=DIRECTION('',(0.,0.,1.));
#3672=DIRECTION('',(0.,-1.,0.));
#3673=DIRECTION('',(0.,0.,-1.));
#3674=DIRECTION('',(0.,1.,0.));
#3675=DIRECTION('',(0.,0.,1.));
#3676=DIRECTION('',(0.,-1.,0.));
#3677=DIRECTION('',(0.,0.,1.));
#3678=DIRECTION('',(0.,-1.,0.));
#3679=DIRECTION('',(0.,0.,1.));
#3680=DIRECTION('',(0.,-1.,0.));
#3681=DIRECTION('',(0.,0.,1.));
#3682=DIRECTION('',(0.,-1.,0.));
#3683=DIRECTION('',(0.,0.,1.));
#3684=DIRECTION('',(0.,-1.,0.));
#3685=DIRECTION('',(-1.82602471155453E-16,1.,0.));
#3686=DIRECTION('',(1.,1.82602471155453E-16,0.));
#3687=DIRECTION('',(0.,0.,-1.));
#3688=DIRECTION('',(1.,1.82602471155453E-16,0.));
#3689=DIRECTION('',(0.,0.,-1.));
#3690=DIRECTION('',(1.,1.82602471155453E-16,0.));
#3691=DIRECTION('',(1.,0.,0.));
#3692=DIRECTION('',(0.,-1.,0.));
#3693=DIRECTION('',(0.,-1.,0.));
#3694=DIRECTION('',(0.,-1.,0.));
#3695=DIRECTION('',(1.,0.,0.));
#3696=DIRECTION('',(0.,-1.,0.));
#3697=DIRECTION('',(0.,-1.,0.));
#3698=DIRECTION('',(0.,-1.,0.));
#3699=DIRECTION('',(0.866025403784439,0.,0.5));
#3700=DIRECTION('',(0.5,0.,-0.866025403784439));
#3701=DIRECTION('',(0.866025403784439,0.,0.5));
#3702=DIRECTION('',(-0.5,-5.02156795677497E-16,0.866025403784439));
#3703=DIRECTION('',(0.,1.,0.));
#3704=DIRECTION('',(0.866025403784438,0.,-0.5));
#3705=DIRECTION('',(-0.5,0.,-0.866025403784438));
#3706=DIRECTION('',(0.866025403784438,0.,-0.5));
#3707=DIRECTION('',(-0.5,-5.02156795677496E-16,-0.866025403784438));
#3708=DIRECTION('',(0.,1.,0.));
#3709=DIRECTION('',(0.,0.,1.));
#3710=DIRECTION('',(0.,-1.,0.));
#3711=DIRECTION('',(-1.,-1.98254111540206E-16,0.));
#3712=DIRECTION('',(-1.98254111540206E-16,1.,0.));
#3713=DIRECTION('',(1.,0.,0.));
#3714=DIRECTION('',(0.,-1.,0.));
#3715=DIRECTION('',(0.,0.,1.));
#3716=DIRECTION('',(0.,-1.,0.));
#3717=DIRECTION('',(0.,1.,0.));
#3718=DIRECTION('',(1.,0.,0.));
#3719=DIRECTION('',(0.,-1.,0.));
#3720=DIRECTION('',(-1.,0.,0.));
#3721=DIRECTION('',(0.,1.,0.));
#3722=DIRECTION('',(1.,0.,0.));
#3723=DIRECTION('',(0.,0.,1.));
#3724=DIRECTION('',(0.,-1.,0.));
#3725=DIRECTION('',(-0.323834847946941,0.946113624917844,0.));
#3726=DIRECTION('',(0.946113624917844,0.323834847946941,0.));
#3727=DIRECTION('',(0.323834847946941,-0.946113624917843,0.));
#3728=DIRECTION('',(-0.946113624917843,-0.323834847946941,0.));
#3729=DIRECTION('',(-0.323834847946941,0.946113624917843,0.));
#3730=DIRECTION('',(0.946113624917844,0.323834847946941,0.));
#3731=DIRECTION('',(0.,0.,1.));
#3732=DIRECTION('',(0.,-1.,0.));
#3733=DIRECTION('',(0.32383484794694,0.946113624917844,0.));
#3734=DIRECTION('',(0.946113624917844,-0.32383484794694,0.));
#3735=DIRECTION('',(-0.323834847946941,-0.946113624917844,0.));
#3736=DIRECTION('',(-0.946113624917844,0.323834847946941,0.));
#3737=DIRECTION('',(0.32383484794694,0.946113624917844,0.));
#3738=DIRECTION('',(0.946113624917844,-0.32383484794694,0.));
#3739=DIRECTION('',(0.,0.,1.));
#3740=DIRECTION('',(0.,-1.,0.));
#3741=DIRECTION('',(0.,1.,0.));
#3742=DIRECTION('',(1.,0.,0.));
#3743=DIRECTION('',(0.,-1.,0.));
#3744=DIRECTION('',(-1.,0.,0.));
#3745=DIRECTION('',(0.,1.,0.));
#3746=DIRECTION('',(1.,0.,0.));
#3747=DIRECTION('',(0.,0.,1.));
#3748=DIRECTION('',(0.,-1.,0.));
#3749=DIRECTION('',(-1.,0.,0.));
#3750=DIRECTION('',(0.,1.,0.));
#3751=DIRECTION('',(1.,2.42861286636753E-16,0.));
#3752=DIRECTION('',(2.42861286636753E-16,-1.,0.));
#3753=DIRECTION('',(-1.,0.,0.));
#3754=DIRECTION('',(0.,1.,0.));
#3755=DIRECTION('',(0.,0.,1.));
#3756=DIRECTION('',(0.,-1.,0.));
#3757=DIRECTION('',(0.,-1.,0.));
#3758=DIRECTION('',(-1.,0.,0.));
#3759=DIRECTION('',(0.,1.,0.));
#3760=DIRECTION('',(1.,0.,0.));
#3761=DIRECTION('',(0.,-1.,0.));
#3762=DIRECTION('',(-1.,0.,0.));
#3763=DIRECTION('',(0.,0.,1.));
#3764=DIRECTION('',(0.,-1.,0.));
#3765=DIRECTION('',(0.323834847946941,-0.946113624917844,0.));
#3766=DIRECTION('',(-0.946113624917844,-0.323834847946941,0.));
#3767=DIRECTION('',(-0.323834847946941,0.946113624917843,0.));
#3768=DIRECTION('',(0.946113624917843,0.323834847946941,0.));
#3769=DIRECTION('',(0.32383484794694,-0.946113624917844,0.));
#3770=DIRECTION('',(-0.946113624917844,-0.32383484794694,0.));
#3771=DIRECTION('',(0.,0.,1.));
#3772=DIRECTION('',(0.,-1.,0.));
#3773=DIRECTION('',(-0.32383484794694,-0.946113624917844,0.));
#3774=DIRECTION('',(-0.946113624917844,0.32383484794694,0.));
#3775=DIRECTION('',(0.323834847946941,0.946113624917843,0.));
#3776=DIRECTION('',(0.946113624917843,-0.323834847946941,0.));
#3777=DIRECTION('',(-0.32383484794694,-0.946113624917844,0.));
#3778=DIRECTION('',(-0.946113624917844,0.32383484794694,0.));
#3779=DIRECTION('',(0.,0.,1.));
#3780=DIRECTION('',(0.,-1.,0.));
#3781=DIRECTION('',(0.,-1.,0.));
#3782=DIRECTION('',(-1.,0.,0.));
#3783=DIRECTION('',(0.,1.,0.));
#3784=DIRECTION('',(1.,0.,0.));
#3785=DIRECTION('',(0.,-1.,0.));
#3786=DIRECTION('',(-1.,0.,0.));
#3787=DIRECTION('',(0.,0.,1.));
#3788=DIRECTION('',(0.,-1.,0.));
#3789=DIRECTION('',(1.,0.,0.));
#3790=DIRECTION('',(0.,-1.,0.));
#3791=DIRECTION('',(-1.,-2.97381167310309E-16,0.));
#3792=DIRECTION('',(-2.97381167310309E-16,1.,0.));
#3793=DIRECTION('',(1.,1.98254111540206E-16,0.));
#3794=DIRECTION('',(1.98254111540206E-16,-1.,0.));
#3795=DIRECTION('',(0.707106781186548,1.40186826668194E-16,-0.707106781186548));
#3796=DIRECTION('',(-0.707106781186548,-1.40186826668194E-16,-0.707106781186548));
#3797=DIRECTION('',(0.,0.,1.));
#3798=DIRECTION('',(0.,-1.,0.));
#3799=DIRECTION('',(0.,1.,0.));
#3800=DIRECTION('',(1.,0.,0.));
#3801=DIRECTION('',(0.,1.,0.));
#3802=DIRECTION('',(1.,0.,0.));
#3803=DIRECTION('',(0.,1.,0.));
#3804=DIRECTION('',(1.,0.,0.));
#3805=DIRECTION('',(0.,0.,1.));
#3806=DIRECTION('',(0.,-1.,0.));
#3807=DIRECTION('',(-0.32383484794694,0.946113624917844,-6.05810136205247E-16));
#3808=DIRECTION('',(0.946113624917844,0.32383484794694,0.));
#3809=DIRECTION('',(-0.323834847946941,0.946113624917843,0.));
#3810=DIRECTION('',(0.946113624917843,0.323834847946941,0.));
#3811=DIRECTION('',(-0.32383484794694,0.946113624917844,-4.10311379021624E-16));
#3812=DIRECTION('',(0.946113624917844,0.323834847946941,0.));
#3813=DIRECTION('',(0.,0.,1.));
#3814=DIRECTION('',(0.,-1.,0.));
#3815=DIRECTION('',(0.32383484794694,0.946113624917844,0.));
#3816=DIRECTION('',(0.946113624917844,-0.32383484794694,0.));
#3817=DIRECTION('',(0.323834847946941,0.946113624917844,0.));
#3818=DIRECTION('',(0.946113624917844,-0.323834847946941,0.));
#3819=DIRECTION('',(0.32383484794694,0.946113624917844,6.05810136205247E-16));
#3820=DIRECTION('',(0.946113624917844,-0.32383484794694,0.));
#3821=DIRECTION('',(0.,0.,1.));
#3822=DIRECTION('',(0.,-1.,0.));
#3823=DIRECTION('',(0.,1.,0.));
#3824=DIRECTION('',(1.,0.,0.));
#3825=DIRECTION('',(0.,1.,0.));
#3826=DIRECTION('',(1.,0.,0.));
#3827=DIRECTION('',(0.,1.,0.));
#3828=DIRECTION('',(1.,0.,0.));
#3829=DIRECTION('',(0.,0.,1.));
#3830=DIRECTION('',(0.,-1.,0.));
#3831=DIRECTION('',(0.,0.,1.));
#3832=DIRECTION('',(0.,-1.,0.));
#3833=DIRECTION('',(0.,-1.,0.));
#3834=DIRECTION('',(-1.,0.,0.));
#3835=DIRECTION('',(0.,-1.,0.));
#3836=DIRECTION('',(-1.,0.,0.));
#3837=DIRECTION('',(0.,-1.,0.));
#3838=DIRECTION('',(-1.,0.,0.));
#3839=DIRECTION('',(0.,0.,1.));
#3840=DIRECTION('',(0.,-1.,0.));
#3841=DIRECTION('',(0.32383484794694,-0.946113624917844,-6.05810136205247E-16));
#3842=DIRECTION('',(-0.946113624917844,-0.32383484794694,0.));
#3843=DIRECTION('',(0.323834847946941,-0.946113624917843,0.));
#3844=DIRECTION('',(-0.946113624917843,-0.323834847946941,0.));
#3845=DIRECTION('',(0.32383484794694,-0.946113624917843,4.10311379021625E-16));
#3846=DIRECTION('',(-0.946113624917844,-0.323834847946941,0.));
#3847=DIRECTION('',(0.,0.,1.));
#3848=DIRECTION('',(0.,-1.,0.));
#3849=DIRECTION('',(-0.32383484794694,-0.946113624917844,0.));
#3850=DIRECTION('',(-0.946113624917844,0.32383484794694,0.));
#3851=DIRECTION('',(-0.323834847946941,-0.946113624917843,0.));
#3852=DIRECTION('',(-0.946113624917843,0.323834847946941,0.));
#3853=DIRECTION('',(-0.32383484794694,-0.946113624917844,0.));
#3854=DIRECTION('',(-0.946113624917844,0.32383484794694,0.));
#3855=DIRECTION('',(0.,0.,1.));
#3856=DIRECTION('',(0.,-1.,0.));
#3857=DIRECTION('',(0.,-1.,0.));
#3858=DIRECTION('',(-1.,0.,0.));
#3859=DIRECTION('',(0.,-1.,0.));
#3860=DIRECTION('',(-1.,0.,0.));
#3861=DIRECTION('',(0.,-1.,0.));
#3862=DIRECTION('',(-1.,0.,0.));
#3863=DIRECTION('',(0.,0.,1.));
#3864=DIRECTION('',(0.,-1.,0.));
#3865=DIRECTION('',(1.,2.97381167310309E-16,0.));
#3866=DIRECTION('',(2.97381167310309E-16,-1.,0.));
#3867=DIRECTION('',(-0.707106781186548,-2.10280240002291E-16,-0.707106781186548));
#3868=DIRECTION('',(0.707106781186548,2.10280240002291E-16,-0.707106781186548));
#3869=DIRECTION('',(-1.,-2.51078397838749E-16,0.));
#3870=DIRECTION('',(-2.51078397838749E-16,1.,0.));
#3871=DIRECTION('',(-0.707106781186548,0.707106781186548,0.));
#3872=DIRECTION('',(-0.707106781186548,-0.707106781186548,0.));
#3873=DIRECTION('',(0.,1.,0.));
#3874=DIRECTION('',(1.,0.,0.));
#3875=DIRECTION('',(0.707106781186548,0.707106781186548,0.));
#3876=DIRECTION('',(-0.707106781186548,0.707106781186548,0.));
#3877=DIRECTION('',(1.,1.82602471155453E-16,0.));
#3878=DIRECTION('',(1.82602471155453E-16,-1.,0.));
#3879=DIRECTION('',(0.707106781186548,-0.707106781186548,0.));
#3880=DIRECTION('',(0.707106781186548,0.707106781186548,0.));
#3881=DIRECTION('',(0.,-1.,0.));
#3882=DIRECTION('',(-1.,0.,0.));
#3883=DIRECTION('',(-0.707106781186548,-0.707106781186548,0.));
#3884=DIRECTION('',(-0.707106781186548,0.707106781186548,0.));
#3885=DIRECTION('',(-1.,-2.51078397838749E-16,0.));
#3886=DIRECTION('',(-2.51078397838749E-16,1.,0.));
#3887=DIRECTION('',(-1.,-1.82602471155453E-16,0.));
#3888=DIRECTION('',(-1.82602471155453E-16,1.,0.));
#3889=DIRECTION('',(-0.707106781186548,0.707106781186548,0.));
#3890=DIRECTION('',(0.707106781186548,0.707106781186548,0.));
#3891=DIRECTION('',(-0.707106781186548,-0.707106781186548,0.));
#3892=DIRECTION('',(-0.707106781186548,0.707106781186548,0.));
#3893=DIRECTION('',(0.,-1.,0.));
#3894=DIRECTION('',(-1.,0.,0.));
#3895=DIRECTION('',(0.707106781186548,-0.707106781186548,0.));
#3896=DIRECTION('',(0.707106781186548,0.707106781186548,0.));
#3897=DIRECTION('',(0.,1.,0.));
#3898=DIRECTION('',(1.,0.,0.));
#3899=DIRECTION('',(0.707106781186548,0.707106781186548,0.));
#3900=DIRECTION('',(0.707106781186548,-0.707106781186548,0.));
#3901=DIRECTION('',(1.,2.51078397838749E-16,0.));
#3902=DIRECTION('',(2.51078397838749E-16,-1.,0.));
#3903=DIRECTION('',(-2.42861286636753E-16,1.,0.));
#3904=DIRECTION('',(1.,2.42861286636753E-16,0.));
#3905=DIRECTION('',(-2.42861286636753E-16,1.,0.));
#3906=DIRECTION('',(1.,2.42861286636753E-16,0.));
#3907=DIRECTION('',(-2.42861286636753E-16,1.,0.));
#3908=DIRECTION('',(1.,2.42861286636753E-16,0.));
#3909=DIRECTION('',(-2.42861286636753E-16,1.,0.));
#3910=DIRECTION('',(1.,2.42861286636753E-16,0.));
#3911=DIRECTION('',(-2.42861286636753E-16,1.,0.));
#3912=DIRECTION('',(1.,2.42861286636753E-16,0.));
#3913=DIRECTION('',(0.,0.,-1.));
#3914=DIRECTION('',(0.,1.,0.));
#3915=DIRECTION('',(-0.707106781186548,-2.10280240002291E-16,-0.707106781186548));
#3916=DIRECTION('',(-0.707106781186548,-2.10280240002291E-16,0.707106781186548));
#3917=DIRECTION('',(0.,0.,-1.));
#3918=DIRECTION('',(0.,1.,0.));
#3919=DIRECTION('',(0.707106781186548,2.10280240002291E-16,-0.707106781186548));
#3920=DIRECTION('',(-0.707106781186548,-2.10280240002291E-16,-0.707106781186548));
#3921=DIRECTION('',(0.,0.,-1.));
#3922=DIRECTION('',(0.,1.,0.));
#3923=DIRECTION('',(-0.707106781186548,-1.40186826668194E-16,-0.707106781186548));
#3924=DIRECTION('',(-0.707106781186548,-1.40186826668194E-16,0.707106781186548));
#3925=DIRECTION('',(0.,0.,1.));
#3926=DIRECTION('',(0.,-1.,0.));
#3927=DIRECTION('',(-0.707106781186548,-1.40186826668194E-16,0.707106781186548));
#3928=DIRECTION('',(0.707106781186548,1.40186826668194E-16,0.707106781186548));
#3929=DIRECTION('',(0.,0.,-1.));
#3930=DIRECTION('',(0.,1.,0.));
#3931=DIRECTION('',(0.707106781186548,1.71728862668538E-16,-0.707106781186548));
#3932=DIRECTION('',(0.707106781186548,1.71728862668538E-16,0.707106781186548));
#3933=DIRECTION('',(0.,0.,1.));
#3934=DIRECTION('',(0.,-1.,0.));
#3935=DIRECTION('',(0.707106781186548,1.71728862668538E-16,0.707106781186548));
#3936=DIRECTION('',(-0.707106781186548,-1.71728862668538E-16,0.707106781186548));
#3937=DIRECTION('',(0.,0.,-1.));
#3938=DIRECTION('',(1.,0.,0.));
#3939=DIRECTION('',(1.,2.42861286636753E-16,0.));
#3940=DIRECTION('',(0.,0.,1.));
#3941=DIRECTION('',(0.,-1.,0.));
#3942=DIRECTION('',(0.,-1.,0.));
#3943=DIRECTION('',(0.,0.,1.));
#3944=DIRECTION('',(0.,-1.,0.));
#3945=DIRECTION('',(0.323834847946941,-0.946113624917843,0.));
#3946=DIRECTION('',(0.,0.,1.));
#3947=DIRECTION('',(0.,-1.,0.));
#3948=DIRECTION('',(-0.323834847946941,-0.946113624917843,0.));
#3949=DIRECTION('',(0.,0.,1.));
#3950=DIRECTION('',(0.,-1.,0.));
#3951=DIRECTION('',(0.,-1.,0.));
#3952=DIRECTION('',(0.,0.,1.));
#3953=DIRECTION('',(0.,-1.,0.));
#3954=DIRECTION('',(1.,2.97381167310309E-16,0.));
#3955=DIRECTION('',(0.,0.,-1.));
#3956=DIRECTION('',(1.,0.,0.));
#3957=DIRECTION('',(1.,1.98254111540206E-16,0.));
#3958=DIRECTION('',(0.,0.,1.));
#3959=DIRECTION('',(0.,-1.,0.));
#3960=DIRECTION('',(0.,-1.,0.));
#3961=DIRECTION('',(0.,0.,1.));
#3962=DIRECTION('',(0.,-1.,0.));
#3963=DIRECTION('',(0.323834847946941,-0.946113624917843,0.));
#3964=DIRECTION('',(0.,0.,1.));
#3965=DIRECTION('',(0.,-1.,0.));
#3966=DIRECTION('',(-0.323834847946941,-0.946113624917844,0.));
#3967=DIRECTION('',(0.,0.,1.));
#3968=DIRECTION('',(0.,-1.,0.));
#3969=DIRECTION('',(0.,-1.,0.));
#3970=DIRECTION('',(0.,0.,1.));
#3971=DIRECTION('',(0.,-1.,0.));
#3972=DIRECTION('',(1.,2.42861286636753E-16,0.));
#3973=DIRECTION('',(1.,1.98254111540206E-16,0.));
#3974=DIRECTION('',(1.98254111540206E-16,-1.,0.));
#3975=DIRECTION('',(-1.,0.,0.));
#3976=DIRECTION('',(0.,-1.,0.));
#3977=DIRECTION('',(-1.,-2.42861286636753E-16,0.));
#3978=DIRECTION('',(-2.42861286636753E-16,1.,0.));
#3979=DIRECTION('',(1.,0.,0.));
#3980=DIRECTION('',(0.,1.,0.));
#3981=DIRECTION('',(1.,2.97381167310309E-16,0.));
#3982=DIRECTION('',(2.97381167310309E-16,-1.,0.));
#3983=DIRECTION('',(-1.,0.,0.));
#3984=DIRECTION('',(0.,-1.,0.));
#3985=DIRECTION('',(0.,0.,-1.));
#3986=DIRECTION('',(1.,0.,0.));
#3987=DIRECTION('',(1.,2.97381167310309E-16,0.));
#3988=DIRECTION('',(1.,1.98254111540206E-16,0.));
#3989=DIRECTION('',(1.,1.98254111540206E-16,0.));
#3990=DIRECTION('',(-1.,-2.42861286636753E-16,0.));
#3991=DIRECTION('',(-2.42861286636753E-16,1.,0.));
#3992=DIRECTION('',(1.,0.,0.));
#3993=DIRECTION('',(0.,1.,0.));
#3994=DIRECTION('',(1.,0.,0.));
#3995=DIRECTION('',(0.,-1.,0.));
#3996=DIRECTION('',(0.,0.,1.));
#3997=DIRECTION('',(0.,-1.,0.));
#3998=DIRECTION('',(0.,0.,1.));
#3999=DIRECTION('',(0.,-1.,0.));
#4000=DIRECTION('',(0.946113624917843,0.323834847946941,0.));
#4001=DIRECTION('',(0.323834847946941,-0.946113624917843,0.));
#4002=DIRECTION('',(0.,0.,1.));
#4003=DIRECTION('',(0.323834847946941,-0.946113624917843,0.));
#4004=DIRECTION('',(0.,0.,1.));
#4005=DIRECTION('',(0.323834847946941,-0.946113624917843,0.));
#4006=DIRECTION('',(0.946113624917843,-0.323834847946941,0.));
#4007=DIRECTION('',(-0.323834847946941,-0.946113624917843,0.));
#4008=DIRECTION('',(0.,0.,1.));
#4009=DIRECTION('',(-0.323834847946941,-0.946113624917843,0.));
#4010=DIRECTION('',(0.,0.,1.));
#4011=DIRECTION('',(-0.323834847946941,-0.946113624917843,0.));
#4012=DIRECTION('',(1.,0.,0.));
#4013=DIRECTION('',(0.,-1.,0.));
#4014=DIRECTION('',(0.,0.,1.));
#4015=DIRECTION('',(0.,-1.,0.));
#4016=DIRECTION('',(0.,0.,1.));
#4017=DIRECTION('',(0.,-1.,0.));
#4018=DIRECTION('',(1.,0.,0.));
#4019=DIRECTION('',(0.,-1.,0.));
#4020=DIRECTION('',(0.,0.,1.));
#4021=DIRECTION('',(0.,-1.,0.));
#4022=DIRECTION('',(0.,0.,1.));
#4023=DIRECTION('',(0.,-1.,0.));
#4024=DIRECTION('',(0.946113624917843,0.323834847946941,0.));
#4025=DIRECTION('',(0.323834847946941,-0.946113624917843,0.));
#4026=DIRECTION('',(0.,0.,1.));
#4027=DIRECTION('',(0.323834847946941,-0.946113624917843,0.));
#4028=DIRECTION('',(0.,0.,1.));
#4029=DIRECTION('',(0.323834847946941,-0.946113624917843,0.));
#4030=DIRECTION('',(0.946113624917844,-0.323834847946941,0.));
#4031=DIRECTION('',(-0.323834847946941,-0.946113624917844,0.));
#4032=DIRECTION('',(0.,0.,1.));
#4033=DIRECTION('',(-0.323834847946941,-0.946113624917844,0.));
#4034=DIRECTION('',(0.,0.,1.));
#4035=DIRECTION('',(-0.323834847946941,-0.946113624917844,0.));
#4036=DIRECTION('',(1.,0.,0.));
#4037=DIRECTION('',(0.,-1.,0.));
#4038=DIRECTION('',(0.,0.,1.));
#4039=DIRECTION('',(0.,-1.,0.));
#4040=DIRECTION('',(0.,0.,1.));
#4041=DIRECTION('',(0.,-1.,0.));
#4042=DIRECTION('',(0.,0.,-1.));
#4043=DIRECTION('',(1.,0.,0.));
#4044=DIRECTION('',(1.,1.98254111540206E-16,0.));
#4045=DIRECTION('',(1.,1.98254111540206E-16,0.));
#4046=DIRECTION('',(1.,2.97381167310309E-16,0.));
#4047=DIRECTION('',(0.,0.,1.));
#4048=DIRECTION('',(0.,-1.,0.));
#4049=DIRECTION('',(0.,-1.,0.));
#4050=DIRECTION('',(0.,0.,1.));
#4051=DIRECTION('',(0.,-1.,0.));
#4052=DIRECTION('',(-0.323834847946941,-0.946113624917843,0.));
#4053=DIRECTION('',(0.,0.,1.));
#4054=DIRECTION('',(0.,-1.,0.));
#4055=DIRECTION('',(0.323834847946941,-0.946113624917843,0.));
#4056=DIRECTION('',(0.,0.,1.));
#4057=DIRECTION('',(0.,-1.,0.));
#4058=DIRECTION('',(0.,-1.,0.));
#4059=DIRECTION('',(0.,0.,1.));
#4060=DIRECTION('',(0.,-1.,0.));
#4061=DIRECTION('',(1.,2.42861286636753E-16,0.));
#4062=DIRECTION('',(0.,0.,1.));
#4063=DIRECTION('',(0.,-1.,0.));
#4064=DIRECTION('',(0.,-1.,0.));
#4065=DIRECTION('',(0.,0.,1.));
#4066=DIRECTION('',(0.,-1.,0.));
#4067=DIRECTION('',(-0.323834847946941,-0.946113624917844,0.));
#4068=DIRECTION('',(0.,0.,1.));
#4069=DIRECTION('',(0.,-1.,0.));
#4070=DIRECTION('',(0.323834847946941,-0.946113624917843,0.));
#4071=DIRECTION('',(0.,0.,1.));
#4072=DIRECTION('',(0.,-1.,0.));
#4073=DIRECTION('',(0.,-1.,0.));
#4074=DIRECTION('',(0.,0.,1.));
#4075=DIRECTION('',(0.,-1.,0.));
#4076=DIRECTION('',(0.,0.,-1.));
#4077=DIRECTION('',(0.,-1.,0.));
#4078=DIRECTION('',(0.,0.,1.));
#4079=DIRECTION('',(0.,-1.,0.));
#4080=DIRECTION('',(0.,0.,1.));
#4081=DIRECTION('',(0.,-1.,0.));
#4082=DIRECTION('',(0.,0.,1.));
#4083=DIRECTION('',(0.,1.,0.));
#4084=DIRECTION('',(0.,0.,1.));
#4085=DIRECTION('',(0.,-1.,0.));
#4086=DIRECTION('',(0.,0.,1.));
#4087=DIRECTION('',(0.,-1.,0.));
#4088=DIRECTION('',(0.,0.,1.));
#4089=DIRECTION('',(0.,1.,0.));
#4090=DIRECTION('',(0.,0.,1.));
#4091=DIRECTION('',(0.,-1.,0.));
#4092=DIRECTION('',(0.,0.,1.));
#4093=DIRECTION('',(0.,-1.,0.));
#4094=DIRECTION('',(0.,0.,-1.));
#4095=DIRECTION('',(0.,-1.,0.));
#4096=DIRECTION('',(0.,0.,1.));
#4097=DIRECTION('',(0.,-1.,0.));
#4098=DIRECTION('',(0.,0.,1.));
#4099=DIRECTION('',(0.,-1.,0.));
#4100=DIRECTION('',(0.,0.,1.));
#4101=DIRECTION('',(0.,1.,0.));
#4102=DIRECTION('',(0.,0.,1.));
#4103=DIRECTION('',(0.,-1.,0.));
#4104=DIRECTION('',(0.,0.,1.));
#4105=DIRECTION('',(0.,-1.,0.));
#4106=DIRECTION('',(0.,0.,1.));
#4107=DIRECTION('',(0.,1.,0.));
#4108=DIRECTION('',(0.,0.,1.));
#4109=DIRECTION('',(0.,-1.,0.));
#4110=DIRECTION('',(0.,0.,1.));
#4111=DIRECTION('',(0.,-1.,0.));
#4112=DIRECTION('',(0.,0.,1.));
#4113=DIRECTION('',(0.,1.,0.));
#4114=DIRECTION('',(0.,0.,1.));
#4115=DIRECTION('',(0.,-1.,0.));
#4116=DIRECTION('',(0.,0.,1.));
#4117=DIRECTION('',(0.,-1.,0.));
#4118=DIRECTION('',(0.,0.,-1.));
#4119=DIRECTION('',(0.,-1.,0.));
#4120=DIRECTION('',(0.,0.,1.));
#4121=DIRECTION('',(0.,-1.,0.));
#4122=DIRECTION('',(0.,0.,1.));
#4123=DIRECTION('',(0.,-1.,0.));
#4124=DIRECTION('',(0.,0.,1.));
#4125=DIRECTION('',(0.,1.,0.));
#4126=DIRECTION('',(0.,0.,1.));
#4127=DIRECTION('',(0.,-1.,0.));
#4128=DIRECTION('',(0.,0.,1.));
#4129=DIRECTION('',(0.,-1.,0.));
#4130=DIRECTION('',(0.,0.,-1.));
#4131=DIRECTION('',(0.,-1.,0.));
#4132=DIRECTION('',(0.,0.,1.));
#4133=DIRECTION('',(0.,-1.,0.));
#4134=DIRECTION('',(0.,0.,1.));
#4135=DIRECTION('',(0.,-1.,0.));
#4136=DIRECTION('',(-1.,-1.98254111540206E-16,0.));
#4137=DIRECTION('',(-1.98254111540206E-16,1.,0.));
#4138=DIRECTION('',(-1.,0.,0.));
#4139=DIRECTION('',(0.,-1.,0.));
#4140=DIRECTION('',(-1.,0.,0.));
#4141=DIRECTION('',(0.,-1.,0.));
#4142=DIRECTION('',(0.,0.,-1.));
#4143=DIRECTION('',(0.,-1.,0.));
#4144=DIRECTION('',(0.,-1.,0.));
#4145=DIRECTION('',(1.,0.,0.));
#4146=DIRECTION('',(0.,-1.,0.));
#4147=DIRECTION('',(-1.,0.,0.));
#4148=DIRECTION('',(0.,-1.,0.));
#4149=DIRECTION('',(1.,0.,0.));
#4150=DIRECTION('',(0.,0.,-1.));
#4151=DIRECTION('',(0.,-1.,0.));
#4152=DIRECTION('',(0.323834847946941,-0.946113624917844,0.));
#4153=DIRECTION('',(0.946113624917844,0.323834847946941,0.));
#4154=DIRECTION('',(0.323834847946941,-0.946113624917843,0.));
#4155=DIRECTION('',(-0.946113624917843,-0.323834847946941,0.));
#4156=DIRECTION('',(0.323834847946941,-0.946113624917843,0.));
#4157=DIRECTION('',(0.946113624917844,0.323834847946941,0.));
#4158=DIRECTION('',(0.,0.,-1.));
#4159=DIRECTION('',(0.,-1.,0.));
#4160=DIRECTION('',(-0.32383484794694,-0.946113624917844,0.));
#4161=DIRECTION('',(0.946113624917844,-0.32383484794694,0.));
#4162=DIRECTION('',(-0.323834847946941,-0.946113624917844,0.));
#4163=DIRECTION('',(-0.946113624917844,0.323834847946941,0.));
#4164=DIRECTION('',(-0.32383484794694,-0.946113624917844,0.));
#4165=DIRECTION('',(0.946113624917844,-0.32383484794694,0.));
#4166=DIRECTION('',(0.,0.,-1.));
#4167=DIRECTION('',(0.,-1.,0.));
#4168=DIRECTION('',(0.,-1.,0.));
#4169=DIRECTION('',(1.,0.,0.));
#4170=DIRECTION('',(0.,-1.,0.));
#4171=DIRECTION('',(-1.,0.,0.));
#4172=DIRECTION('',(0.,-1.,0.));
#4173=DIRECTION('',(1.,0.,0.));
#4174=DIRECTION('',(0.,0.,-1.));
#4175=DIRECTION('',(0.,-1.,0.));
#4176=DIRECTION('',(1.,0.,0.));
#4177=DIRECTION('',(0.,1.,0.));
#4178=DIRECTION('',(1.,2.42861286636753E-16,0.));
#4179=DIRECTION('',(2.42861286636753E-16,-1.,0.));
#4180=DIRECTION('',(1.,0.,0.));
#4181=DIRECTION('',(0.,1.,0.));
#4182=DIRECTION('',(0.,0.,-1.));
#4183=DIRECTION('',(0.,-1.,0.));
#4184=DIRECTION('',(0.,1.,0.));
#4185=DIRECTION('',(-1.,0.,0.));
#4186=DIRECTION('',(0.,1.,0.));
#4187=DIRECTION('',(1.,0.,0.));
#4188=DIRECTION('',(0.,1.,0.));
#4189=DIRECTION('',(-1.,0.,0.));
#4190=DIRECTION('',(0.,0.,-1.));
#4191=DIRECTION('',(0.,-1.,0.));
#4192=DIRECTION('',(-0.323834847946941,0.946113624917844,0.));
#4193=DIRECTION('',(-0.946113624917844,-0.323834847946941,0.));
#4194=DIRECTION('',(-0.323834847946941,0.946113624917843,0.));
#4195=DIRECTION('',(0.946113624917843,0.323834847946941,0.));
#4196=DIRECTION('',(-0.32383484794694,0.946113624917844,0.));
#4197=DIRECTION('',(-0.946113624917844,-0.32383484794694,0.));
#4198=DIRECTION('',(0.,0.,-1.));
#4199=DIRECTION('',(0.,-1.,0.));
#4200=DIRECTION('',(0.32383484794694,0.946113624917844,0.));
#4201=DIRECTION('',(-0.946113624917844,0.32383484794694,0.));
#4202=DIRECTION('',(0.323834847946941,0.946113624917843,0.));
#4203=DIRECTION('',(0.946113624917843,-0.323834847946941,0.));
#4204=DIRECTION('',(0.32383484794694,0.946113624917844,0.));
#4205=DIRECTION('',(-0.946113624917844,0.32383484794694,0.));
#4206=DIRECTION('',(0.,0.,-1.));
#4207=DIRECTION('',(0.,-1.,0.));
#4208=DIRECTION('',(0.,1.,0.));
#4209=DIRECTION('',(-1.,0.,0.));
#4210=DIRECTION('',(0.,1.,0.));
#4211=DIRECTION('',(1.,0.,0.));
#4212=DIRECTION('',(0.,1.,0.));
#4213=DIRECTION('',(-1.,0.,0.));
#4214=DIRECTION('',(0.,0.,-1.));
#4215=DIRECTION('',(0.,-1.,0.));
#4216=DIRECTION('',(1.,1.98254111540206E-16,0.));
#4217=DIRECTION('',(1.98254111540206E-16,-1.,0.));
#4218=DIRECTION('',(0.,0.,-1.));
#4219=DIRECTION('',(0.,-1.,0.));
#4220=DIRECTION('',(0.,-1.,0.));
#4221=DIRECTION('',(1.,0.,0.));
#4222=DIRECTION('',(0.,1.,0.));
#4223=DIRECTION('',(1.,0.,0.));
#4224=DIRECTION('',(0.,-1.,0.));
#4225=DIRECTION('',(1.,0.,0.));
#4226=DIRECTION('',(0.,0.,-1.));
#4227=DIRECTION('',(0.,-1.,0.));
#4228=DIRECTION('',(0.32383484794694,-0.946113624917844,-6.05810136205247E-16));
#4229=DIRECTION('',(0.946113624917844,0.32383484794694,0.));
#4230=DIRECTION('',(-0.323834847946941,0.946113624917843,0.));
#4231=DIRECTION('',(0.946113624917843,0.323834847946941,0.));
#4232=DIRECTION('',(0.32383484794694,-0.946113624917844,-4.10311379021624E-16));
#4233=DIRECTION('',(0.946113624917844,0.323834847946941,0.));
#4234=DIRECTION('',(0.,0.,-1.));
#4235=DIRECTION('',(0.,-1.,0.));
#4236=DIRECTION('',(-0.32383484794694,-0.946113624917844,0.));
#4237=DIRECTION('',(0.946113624917844,-0.32383484794694,0.));
#4238=DIRECTION('',(0.323834847946941,0.946113624917844,0.));
#4239=DIRECTION('',(0.946113624917844,-0.323834847946941,0.));
#4240=DIRECTION('',(-0.32383484794694,-0.946113624917844,6.05810136205247E-16));
#4241=DIRECTION('',(0.946113624917844,-0.32383484794694,0.));
#4242=DIRECTION('',(0.,0.,-1.));
#4243=DIRECTION('',(0.,-1.,0.));
#4244=DIRECTION('',(0.,-1.,0.));
#4245=DIRECTION('',(1.,0.,0.));
#4246=DIRECTION('',(0.,1.,0.));
#4247=DIRECTION('',(1.,0.,0.));
#4248=DIRECTION('',(0.,-1.,0.));
#4249=DIRECTION('',(1.,0.,0.));
#4250=DIRECTION('',(0.,0.,-1.));
#4251=DIRECTION('',(0.,-1.,0.));
#4252=DIRECTION('',(0.,0.,-1.));
#4253=DIRECTION('',(0.,-1.,0.));
#4254=DIRECTION('',(0.,1.,0.));
#4255=DIRECTION('',(-1.,0.,0.));
#4256=DIRECTION('',(0.,-1.,0.));
#4257=DIRECTION('',(-1.,0.,0.));
#4258=DIRECTION('',(0.,1.,0.));
#4259=DIRECTION('',(-1.,0.,0.));
#4260=DIRECTION('',(0.,0.,-1.));
#4261=DIRECTION('',(0.,-1.,0.));
#4262=DIRECTION('',(-0.32383484794694,0.946113624917844,-6.05810136205247E-16));
#4263=DIRECTION('',(-0.946113624917844,-0.32383484794694,0.));
#4264=DIRECTION('',(0.323834847946941,-0.946113624917843,0.));
#4265=DIRECTION('',(-0.946113624917843,-0.323834847946941,0.));
#4266=DIRECTION('',(-0.32383484794694,0.946113624917843,4.10311379021625E-16));
#4267=DIRECTION('',(-0.946113624917844,-0.323834847946941,0.));
#4268=DIRECTION('',(0.,0.,-1.));
#4269=DIRECTION('',(0.,-1.,0.));
#4270=DIRECTION('',(0.32383484794694,0.946113624917844,0.));
#4271=DIRECTION('',(-0.946113624917844,0.32383484794694,0.));
#4272=DIRECTION('',(-0.323834847946941,-0.946113624917843,0.));
#4273=DIRECTION('',(-0.946113624917843,0.323834847946941,0.));
#4274=DIRECTION('',(0.32383484794694,0.946113624917844,0.));
#4275=DIRECTION('',(-0.946113624917844,0.32383484794694,0.));
#4276=DIRECTION('',(0.,0.,-1.));
#4277=DIRECTION('',(0.,-1.,0.));
#4278=DIRECTION('',(0.,1.,0.));
#4279=DIRECTION('',(-1.,0.,0.));
#4280=DIRECTION('',(0.,-1.,0.));
#4281=DIRECTION('',(-1.,0.,0.));
#4282=DIRECTION('',(0.,1.,0.));
#4283=DIRECTION('',(-1.,0.,0.));
#4284=DIRECTION('',(0.,0.,-1.));
#4285=DIRECTION('',(0.,-1.,0.));
#4286=CARTESIAN_POINT('',(0.,0.,0.));
#4287=CARTESIAN_POINT('',(-4.76201560822842E-18,0.019607965,-0.01675));
#4288=CARTESIAN_POINT('',(-2.74086309204335E-18,0.019607965,-0.021));
#4289=CARTESIAN_POINT('',(0.012,0.019607965,-0.021));
#4290=CARTESIAN_POINT('',(-0.0155,0.019607965,-0.0365));
#4291=CARTESIAN_POINT('',(-0.01375,0.019607965,-0.0365));
#4292=CARTESIAN_POINT('',(0.0155,0.019607965,-0.0365));
#4293=CARTESIAN_POINT('',(0.01725,0.019607965,-0.0365));
#4294=CARTESIAN_POINT('',(0.0155,0.019607965,-0.0055));
#4295=CARTESIAN_POINT('',(0.01725,0.019607965,-0.0055));
#4296=CARTESIAN_POINT('',(-0.0155,0.019607965,-0.0055));
#4297=CARTESIAN_POINT('',(-0.01375,0.019607965,-0.0055));
#4298=CARTESIAN_POINT('',(-4.76201560822842E-18,0.019607965,-0.042));
#4299=CARTESIAN_POINT('',(0.0215,0.019607965,-0.042));
#4300=CARTESIAN_POINT('',(-0.0215,0.019607965,-0.042));
#4301=CARTESIAN_POINT('',(0.0215,0.019607965,-0.02075));
#4302=CARTESIAN_POINT('',(0.0215,0.019607965,0.));
#4303=CARTESIAN_POINT('',(-4.76201560822842E-18,0.019607965,0.));
#4304=CARTESIAN_POINT('',(-0.0215,0.019607965,0.));
#4305=CARTESIAN_POINT('',(-0.0215,0.019607965,-0.02075));
#4306=CARTESIAN_POINT('',(-0.0215,5.18682319317064E-18,-0.042502));
#4307=CARTESIAN_POINT('',(-0.0215,-0.021607965,-0.0425));
#4308=CARTESIAN_POINT('',(-0.0215,-0.021607965,0.));
#4309=CARTESIAN_POINT('',(-0.0215,-0.021607965,-0.042));
#4310=CARTESIAN_POINT('',(-0.0215,5.18682319317064E-18,-0.042));
#4311=CARTESIAN_POINT('',(-0.0215,5.18682319317064E-18,0.));
#4312=CARTESIAN_POINT('',(-0.0245,6.93889390390723E-18,-0.042502));
#4313=CARTESIAN_POINT('',(-0.0245,0.021607965,-0.042502));
#4314=CARTESIAN_POINT('',(-0.0245,0.021607965,0.));
#4315=CARTESIAN_POINT('',(-0.0245,0.021607965,-0.042));
#4316=CARTESIAN_POINT('',(-0.0245,1.228824137594E-17,-0.042));
#4317=CARTESIAN_POINT('',(-0.0245,-0.021607965,-0.042));
#4318=CARTESIAN_POINT('',(-0.0245,-0.021607965,0.001));
#4319=CARTESIAN_POINT('',(-0.0245,-0.021607965,0.));
#4320=CARTESIAN_POINT('',(-0.0245,1.228824137594E-17,0.));
#4321=CARTESIAN_POINT('',(0.0215,5.89805981832114E-17,-0.042502));
#4322=CARTESIAN_POINT('',(0.0215,7.1089236165382E-18,-0.042));
#4323=CARTESIAN_POINT('',(0.0215,-0.021607965,-0.042));
#4324=CARTESIAN_POINT('',(0.0215,-0.021607965,0.001));
#4325=CARTESIAN_POINT('',(0.0215,-0.021607965,-8.67361737988404E-19));
#4326=CARTESIAN_POINT('',(0.0215,7.1089236165382E-18,0.));
#4327=CARTESIAN_POINT('',(0.0245,6.59194920871187E-17,-0.042502));
#4328=CARTESIAN_POINT('',(0.0245,6.64853981570249E-18,-0.042));
#4329=CARTESIAN_POINT('',(0.0245,0.021607965,-0.042));
#4330=CARTESIAN_POINT('',(0.0245,-0.021607965,-0.042));
#4331=CARTESIAN_POINT('',(0.0245,0.021607965,0.001));
#4332=CARTESIAN_POINT('',(0.0245,0.021607965,0.));
#4333=CARTESIAN_POINT('',(0.0245,6.64853981570249E-18,0.));
#4334=CARTESIAN_POINT('',(0.0245,-0.021607965,0.));
#4335=CARTESIAN_POINT('',(0.0245,-0.021607965,-0.042502));
#4336=CARTESIAN_POINT('',(0.,1.04083408558608E-17,0.));
#4337=CARTESIAN_POINT('',(0.047,0.021607965,0.));
#4338=CARTESIAN_POINT('',(-0.047,0.021607965,0.));
#4339=CARTESIAN_POINT('',(6.42580185490031E-18,-0.021607965,0.));
#4340=CARTESIAN_POINT('',(-0.047,-0.021607965,0.));
#4341=CARTESIAN_POINT('',(-0.047,-0.019607965,0.));
#4342=CARTESIAN_POINT('',(-0.049,-0.019607965,0.));
#4343=CARTESIAN_POINT('',(-0.049,1.04083408558608E-17,0.));
#4344=CARTESIAN_POINT('',(-0.049,-0.0151071673751346,0.));
#4345=CARTESIAN_POINT('',(-0.047,-0.0151071673751346,0.));
#4346=CARTESIAN_POINT('',(-0.0488922272498357,-0.0144594976792407,0.));
#4347=CARTESIAN_POINT('',(-0.0393347809815653,0.013463470436014,0.));
#4348=CARTESIAN_POINT('',(-0.0443864120019716,-0.00129533939178776,0.));
#4349=CARTESIAN_POINT('',(-0.048170866501643,2.60208521396521E-18,0.));
#4350=CARTESIAN_POINT('',(-0.0443864120019716,0.00129533939178777,0.));
#4351=CARTESIAN_POINT('',(-0.0393347809815653,-0.013463470436014,0.));
#4352=CARTESIAN_POINT('',(-0.0488922272498357,0.0144594976792407,0.));
#4353=CARTESIAN_POINT('',(-0.047,0.0151071673751346,0.));
#4354=CARTESIAN_POINT('',(-0.049,0.0151071673751346,0.));
#4355=CARTESIAN_POINT('',(-0.049,1.04083408558608E-17,0.));
#4356=CARTESIAN_POINT('',(-0.049,0.019607965,0.));
#4357=CARTESIAN_POINT('',(-0.047,0.019607965,0.));
#4358=CARTESIAN_POINT('',(0.,1.04083408558608E-17,0.));
#4359=CARTESIAN_POINT('',(0.047,0.021607965,0.));
#4360=CARTESIAN_POINT('',(0.047,0.021607965,0.));
#4361=CARTESIAN_POINT('',(0.047,0.0196079650000001,0.));
#4362=CARTESIAN_POINT('',(0.049,0.0196079650000001,0.));
#4363=CARTESIAN_POINT('',(0.049,0.0151071673751346,0.));
#4364=CARTESIAN_POINT('',(0.049,0.0151071673751346,0.));
#4365=CARTESIAN_POINT('',(0.047,0.0151071673751346,0.));
#4366=CARTESIAN_POINT('',(0.0488922272498357,0.0144594976792407,0.));
#4367=CARTESIAN_POINT('',(0.0443864120019716,0.00129533939178775,0.));
#4368=CARTESIAN_POINT('',(0.0443864120019716,0.00129533939178775,0.));
#4369=CARTESIAN_POINT('',(0.048170866501643,-4.33680868994202E-18,0.));
#4370=CARTESIAN_POINT('',(0.0443864120019716,-0.00129533939178777,0.));
#4371=CARTESIAN_POINT('',(0.0488922272498357,-0.0144594976792407,0.));
#4372=CARTESIAN_POINT('',(0.0488922272498357,-0.0144594976792407,0.));
#4373=CARTESIAN_POINT('',(0.047,-0.0151071673751346,0.));
#4374=CARTESIAN_POINT('',(0.049,-0.0151071673751346,0.));
#4375=CARTESIAN_POINT('',(0.049,-0.019607965,0.));
#4376=CARTESIAN_POINT('',(0.049,-0.019607965,0.));
#4377=CARTESIAN_POINT('',(0.047,-0.019607965,0.));
#4378=CARTESIAN_POINT('',(0.047,-0.021607965,0.));
#4379=CARTESIAN_POINT('',(4.28386790326687E-18,-0.021607965,0.));
#4380=CARTESIAN_POINT('',(0.0325,-0.021607965,0.001));
#4381=CARTESIAN_POINT('',(0.0325,-0.022607965,0.001));
#4382=CARTESIAN_POINT('',(0.0235,-0.022607965,0.001));
#4383=CARTESIAN_POINT('',(0.047,-0.022607965,0.001));
#4384=CARTESIAN_POINT('',(0.0235,-0.021607965,0.001));
#4385=CARTESIAN_POINT('',(0.047,-0.021607965,0.001));
#4386=CARTESIAN_POINT('',(-5.24773818150193E-18,0.021607965,0.001));
#4387=CARTESIAN_POINT('',(0.0235,0.021607965,0.001));
#4388=CARTESIAN_POINT('',(0.0235,0.022607965,0.001));
#4389=CARTESIAN_POINT('',(-0.047,0.022607965,0.001));
#4390=CARTESIAN_POINT('',(0.047,0.022607965,0.001));
#4391=CARTESIAN_POINT('',(0.047,0.021607965,0.001));
#4392=CARTESIAN_POINT('',(-0.0325,-0.021607965,0.001));
#4393=CARTESIAN_POINT('',(-0.0235,-0.021607965,0.001));
#4394=CARTESIAN_POINT('',(-0.0235,-0.022607965,0.001));
#4395=CARTESIAN_POINT('',(-0.0325,-0.022607965,0.001));
#4396=CARTESIAN_POINT('',(-0.047,-0.022607965,0.001));
#4397=CARTESIAN_POINT('',(-0.047,-0.021607965,0.001));
#4398=CARTESIAN_POINT('',(0.,1.04083408558608E-17,0.));
#4399=CARTESIAN_POINT('',(6.42580185490031E-18,-0.021607965,0.));
#4400=CARTESIAN_POINT('',(-0.015,-0.021607965,0.));
#4401=CARTESIAN_POINT('',(4.28386790326687E-18,-0.021607965,0.));
#4402=CARTESIAN_POINT('',(0.015,-0.021607965,0.));
#4403=CARTESIAN_POINT('',(0.015,-0.0199792853435596,0.));
#4404=CARTESIAN_POINT('',(0.015,-0.0173506056871192,0.));
#4405=CARTESIAN_POINT('',(0.0139393398282202,-0.0162899455153395,0.));
#4406=CARTESIAN_POINT('',(0.0128786796564404,-0.0152292853435597,0.));
#4407=CARTESIAN_POINT('',(0.0139393398282202,-0.0141686251717798,0.));
#4408=CARTESIAN_POINT('',(0.015,-0.013107965,0.));
#4409=CARTESIAN_POINT('',(0.015,-0.012357965,0.));
#4410=CARTESIAN_POINT('',(0.015,-0.011607965,0.));
#4411=CARTESIAN_POINT('',(-0.0075,-0.011607965,0.));
#4412=CARTESIAN_POINT('',(0.00467320508075689,-0.011607965,0.));
#4413=CARTESIAN_POINT('',(0.00467320508075689,-0.022609965,0.));
#4414=CARTESIAN_POINT('',(0.00467320508075689,-0.000392034999999995,0.));
#4415=CARTESIAN_POINT('',(0.0095,-0.000392034999999994,0.));
#4416=CARTESIAN_POINT('',(0.0115,-0.000392034999999993,0.));
#4417=CARTESIAN_POINT('',(0.0115,1.04083408558608E-17,0.));
#4418=CARTESIAN_POINT('',(0.0115,0.013757965,0.));
#4419=CARTESIAN_POINT('',(-2.51223840707023E-18,0.013757965,0.));
#4420=CARTESIAN_POINT('',(-0.0115,0.013757965,0.));
#4421=CARTESIAN_POINT('',(-0.0115,0.001607965,0.));
#4422=CARTESIAN_POINT('',(-0.0115,-0.000392035,0.));
#4423=CARTESIAN_POINT('',(-0.00467320508075689,-0.000392035,0.));
#4424=CARTESIAN_POINT('',(-0.00467320508075689,-0.000392035,0.));
#4425=CARTESIAN_POINT('',(-0.00467320508075689,-0.022609965,0.));
#4426=CARTESIAN_POINT('',(-0.00467320508075689,-0.011607965,0.));
#4427=CARTESIAN_POINT('',(-0.0075,-0.011607965,0.));
#4428=CARTESIAN_POINT('',(-0.015,-0.011607965,0.));
#4429=CARTESIAN_POINT('',(-0.015,-0.012357965,0.));
#4430=CARTESIAN_POINT('',(-0.015,-0.013107965,0.));
#4431=CARTESIAN_POINT('',(-0.0139393398282202,-0.0141686251717798,0.));
#4432=CARTESIAN_POINT('',(-0.0128786796564404,-0.0152292853435597,0.));
#4433=CARTESIAN_POINT('',(-0.0139393398282202,-0.0162899455153395,0.));
#4434=CARTESIAN_POINT('',(-0.015,-0.0173506056871192,0.));
#4435=CARTESIAN_POINT('',(-0.015,-0.0199792853435596,0.));
#4436=CARTESIAN_POINT('',(-5.24773818150193E-18,0.021607965,0.001));
#4437=CARTESIAN_POINT('',(-0.047,0.022607965,0.001));
#4438=CARTESIAN_POINT('',(-0.0235,0.022607965,0.001));
#4439=CARTESIAN_POINT('',(-0.047,0.022607965,0.001));
#4440=CARTESIAN_POINT('',(-0.0235,0.021607965,0.001));
#4441=CARTESIAN_POINT('',(-0.047,0.021607965,0.001));
#4442=CARTESIAN_POINT('',(-0.0075,-0.011607965,0.01));
#4443=CARTESIAN_POINT('',(-0.00971003082948986,-0.011607965,0.00872403810567666));
#4444=CARTESIAN_POINT('',(-0.00771650635094611,-0.011607965,0.00527115242270663));
#4445=CARTESIAN_POINT('',(-0.0075,-0.011607965,0.00527115242270663));
#4446=CARTESIAN_POINT('',(0.00771650635094611,-0.011607965,0.00527115242270663));
#4447=CARTESIAN_POINT('',(0.00596003082948986,-0.011607965,0.00222884757729335));
#4448=CARTESIAN_POINT('',(0.015,-0.011607965,0.01));
#4449=CARTESIAN_POINT('',(0.015,-0.011607965,0.01));
#4450=CARTESIAN_POINT('',(-0.0075,-0.011607965,0.01));
#4451=CARTESIAN_POINT('',(-0.015,-0.011607965,0.01));
#4452=CARTESIAN_POINT('',(-0.015,-0.011607965,0.01));
#4453=CARTESIAN_POINT('',(-3.46944695195361E-18,0.001607965,0.010002));
#4454=CARTESIAN_POINT('',(0.0095,0.001607965,0.010002));
#4455=CARTESIAN_POINT('',(0.0095,0.001607965,0.008));
#4456=CARTESIAN_POINT('',(0.0095,0.001607965,0.002));
#4457=CARTESIAN_POINT('',(0.00467320508075689,0.001607965,0.002));
#4458=CARTESIAN_POINT('',(0.00582790561913614,0.001607965,0.002));
#4459=CARTESIAN_POINT('',(0.0061948557158515,0.001607965,0.00263557621135331));
#4460=CARTESIAN_POINT('',(0.00771650635094611,0.001607965,0.00527115242270663));
#4461=CARTESIAN_POINT('',(-5.21323732538256E-18,0.001607965,0.00527115242270663));
#4462=CARTESIAN_POINT('',(-0.00771650635094611,0.001607965,0.00527115242270663));
#4463=CARTESIAN_POINT('',(-0.0061948557158515,0.001607965,0.00263557621135332));
#4464=CARTESIAN_POINT('',(-0.00582790561913614,0.001607965,0.002));
#4465=CARTESIAN_POINT('',(-0.0095,0.001607965,0.002));
#4466=CARTESIAN_POINT('',(-0.0095,0.001607965,0.002));
#4467=CARTESIAN_POINT('',(-0.0095,0.001607965,0.010002));
#4468=CARTESIAN_POINT('',(-0.0095,0.001607965,0.008));
#4469=CARTESIAN_POINT('',(-3.46944695195361E-18,0.001607965,0.008));
#4470=CARTESIAN_POINT('',(-0.05,0.018607965,0.01));
#4471=CARTESIAN_POINT('',(-0.05,0.0151071673751346,0.01));
#4472=CARTESIAN_POINT('',(-0.05,0.0151071673751346,0.001));
#4473=CARTESIAN_POINT('',(-0.05,0.0151071673751346,0.009));
#4474=CARTESIAN_POINT('',(-0.05,0.019607965,0.009));
#4475=CARTESIAN_POINT('',(-0.05,0.019607965,0.009));
#4476=CARTESIAN_POINT('',(-0.05,0.019607965,0.));
#4477=CARTESIAN_POINT('',(-0.05,0.019607965,0.001));
#4478=CARTESIAN_POINT('',(-0.05,0.018607965,0.001));
#4479=CARTESIAN_POINT('',(-0.0475,0.0073039825,0.01));
#4480=CARTESIAN_POINT('',(-0.0453325256268894,0.000971504543840824,0.01));
#4481=CARTESIAN_POINT('',(-0.0453325256268894,0.000971504543840824,0.001));
#4482=CARTESIAN_POINT('',(-0.0453325256268894,0.000971504543840824,0.009));
#4483=CARTESIAN_POINT('',(-0.0498383408747535,0.0141356628312938,0.009));
#4484=CARTESIAN_POINT('',(-0.0498383408747535,0.0141356628312938,0.009));
#4485=CARTESIAN_POINT('',(-0.0498383408747535,0.0141356628312938,0.01));
#4486=CARTESIAN_POINT('',(-0.0498383408747535,0.0141356628312938,0.001));
#4487=CARTESIAN_POINT('',(-0.0475,0.0073039825,0.001));
#4488=CARTESIAN_POINT('',(-0.0475,-0.0073039825,0.01));
#4489=CARTESIAN_POINT('',(-0.0498383408747535,-0.0141356628312938,0.01));
#4490=CARTESIAN_POINT('',(-0.0498383408747535,-0.0141356628312938,0.001));
#4491=CARTESIAN_POINT('',(-0.0498383408747535,-0.0141356628312938,0.009));
#4492=CARTESIAN_POINT('',(-0.0453325256268894,-0.00097150454384082,0.009));
#4493=CARTESIAN_POINT('',(-0.0453325256268894,-0.000971504543840819,0.009));
#4494=CARTESIAN_POINT('',(-0.0453325256268894,-0.000971504543840819,0.));
#4495=CARTESIAN_POINT('',(-0.0453325256268894,-0.000971504543840819,0.001));
#4496=CARTESIAN_POINT('',(-0.0475,-0.0073039825,0.001));
#4497=CARTESIAN_POINT('',(-0.05,-0.018607965,0.01));
#4498=CARTESIAN_POINT('',(-0.05,-0.019607965,0.01));
#4499=CARTESIAN_POINT('',(-0.05,-0.019607965,0.001));
#4500=CARTESIAN_POINT('',(-0.05,-0.019607965,0.009));
#4501=CARTESIAN_POINT('',(-0.05,-0.0151071673751346,0.009));
#4502=CARTESIAN_POINT('',(-0.05,-0.0151071673751346,0.009));
#4503=CARTESIAN_POINT('',(-0.05,-0.0151071673751346,0.01));
#4504=CARTESIAN_POINT('',(-0.05,-0.0151071673751346,0.001));
#4505=CARTESIAN_POINT('',(-0.05,-0.018607965,0.001));
#4506=CARTESIAN_POINT('',(-0.015,-0.0199792853435596,0.01));
#4507=CARTESIAN_POINT('',(-0.015,-0.0199792853435596,0.01));
#4508=CARTESIAN_POINT('',(-0.015,-0.021607965,0.01));
#4509=CARTESIAN_POINT('',(-0.015,-0.0173506056871192,0.01));
#4510=CARTESIAN_POINT('',(-0.015,-0.021607965,0.009));
#4511=CARTESIAN_POINT('',(-0.015,-0.022607965,0.009));
#4512=CARTESIAN_POINT('',(-0.015,-0.022607965,0.01));
#4513=CARTESIAN_POINT('',(-0.015,-0.022607965,0.001));
#4514=CARTESIAN_POINT('',(-0.015,-0.021607965,0.001));
#4515=CARTESIAN_POINT('',(-0.015,-0.0173506056871192,0.01));
#4516=CARTESIAN_POINT('',(-0.0139393398282202,-0.0162899455153395,0.01));
#4517=CARTESIAN_POINT('',(-0.0128786796564404,-0.0152292853435597,0.01));
#4518=CARTESIAN_POINT('',(-0.0128786796564404,-0.0152292853435597,0.01));
#4519=CARTESIAN_POINT('',(-0.0139393398282202,-0.0162899455153395,0.01));
#4520=CARTESIAN_POINT('',(-0.0139393398282202,-0.0141686251717798,0.01));
#4521=CARTESIAN_POINT('',(-0.015,-0.013107965,0.01));
#4522=CARTESIAN_POINT('',(-0.015,-0.013107965,0.01));
#4523=CARTESIAN_POINT('',(-0.0139393398282202,-0.0141686251717798,0.01));
#4524=CARTESIAN_POINT('',(-0.015,-0.012357965,0.01));
#4525=CARTESIAN_POINT('',(-0.015,-0.012357965,0.01));
#4526=CARTESIAN_POINT('',(0.015,-0.012357965,0.01));
#4527=CARTESIAN_POINT('',(0.015,-0.013107965,0.01));
#4528=CARTESIAN_POINT('',(0.015,-0.013107965,0.01));
#4529=CARTESIAN_POINT('',(0.015,-0.012357965,0.01));
#4530=CARTESIAN_POINT('',(0.0139393398282202,-0.0141686251717798,0.01));
#4531=CARTESIAN_POINT('',(0.0128786796564404,-0.0152292853435597,0.01));
#4532=CARTESIAN_POINT('',(0.0128786796564404,-0.0152292853435597,0.01));
#4533=CARTESIAN_POINT('',(0.0139393398282202,-0.0141686251717798,0.01));
#4534=CARTESIAN_POINT('',(0.0139393398282202,-0.0162899455153395,0.01));
#4535=CARTESIAN_POINT('',(0.015,-0.0173506056871192,0.01));
#4536=CARTESIAN_POINT('',(0.015,-0.0173506056871192,0.01));
#4537=CARTESIAN_POINT('',(0.0139393398282202,-0.0162899455153395,0.01));
#4538=CARTESIAN_POINT('',(0.015,-0.0199792853435596,0.01));
#4539=CARTESIAN_POINT('',(0.015,-0.022607965,0.01));
#4540=CARTESIAN_POINT('',(0.015,-0.022607965,0.009));
#4541=CARTESIAN_POINT('',(0.015,-0.022607965,0.001));
#4542=CARTESIAN_POINT('',(0.015,-0.021607965,0.009));
#4543=CARTESIAN_POINT('',(0.015,-0.021607965,0.01));
#4544=CARTESIAN_POINT('',(0.015,-0.0199792853435596,0.01));
#4545=CARTESIAN_POINT('',(0.015,-0.021607965,0.001));
#4546=CARTESIAN_POINT('',(0.0325,-0.022607965,0.01));
#4547=CARTESIAN_POINT('',(-0.047,-0.022607965,-0.051));
#4548=CARTESIAN_POINT('',(-0.015,-0.022607965,-0.051));
#4549=CARTESIAN_POINT('',(-0.047,-0.022607965,-0.051));
#4550=CARTESIAN_POINT('',(0.015,-0.022607965,-0.051));
#4551=CARTESIAN_POINT('',(0.015,-0.022607965,-0.051));
#4552=CARTESIAN_POINT('',(0.015,-0.022607965,-0.051));
#4553=CARTESIAN_POINT('',(0.047,-0.022607965,-0.051));
#4554=CARTESIAN_POINT('',(0.047,-0.022607965,-0.052));
#4555=CARTESIAN_POINT('',(0.047,-0.022607965,-0.043));
#4556=CARTESIAN_POINT('',(0.0325,-0.022607965,-0.043));
#4557=CARTESIAN_POINT('',(0.0235,-0.022607965,-0.043));
#4558=CARTESIAN_POINT('',(0.0235,-0.022607965,0.01));
#4559=CARTESIAN_POINT('',(0.047,-0.022607965,0.01));
#4560=CARTESIAN_POINT('',(0.047,-0.022607965,0.009));
#4561=CARTESIAN_POINT('',(0.015,-0.022607965,0.009));
#4562=CARTESIAN_POINT('',(0.0325,-0.022607965,0.001));
#4563=CARTESIAN_POINT('',(0.0225,-0.022607965,0.001));
#4564=CARTESIAN_POINT('',(0.0225,-0.022607965,-0.0425));
#4565=CARTESIAN_POINT('',(0.0225,-0.022607965,-0.043));
#4566=CARTESIAN_POINT('',(0.0325,-0.022607965,-0.043));
#4567=CARTESIAN_POINT('',(0.015,-0.022607965,-0.043));
#4568=CARTESIAN_POINT('',(0.0325,-0.022607965,-0.043));
#4569=CARTESIAN_POINT('',(-0.015,-0.022607965,-0.043));
#4570=CARTESIAN_POINT('',(-0.0325,-0.022607965,-0.043));
#4571=CARTESIAN_POINT('',(-0.0225,-0.022607965,-0.043));
#4572=CARTESIAN_POINT('',(-0.0225,-0.022607965,0.001));
#4573=CARTESIAN_POINT('',(-0.0225,-0.022607965,0.001));
#4574=CARTESIAN_POINT('',(-0.0325,-0.022607965,0.001));
#4575=CARTESIAN_POINT('',(-0.047,-0.022607965,0.009));
#4576=CARTESIAN_POINT('',(-0.047,-0.022607965,0.009));
#4577=CARTESIAN_POINT('',(-0.047,-0.022607965,0.01));
#4578=CARTESIAN_POINT('',(-0.0235,-0.022607965,-0.0425));
#4579=CARTESIAN_POINT('',(-0.0235,-0.022607965,-0.043));
#4580=CARTESIAN_POINT('',(-0.0325,-0.022607965,-0.043));
#4581=CARTESIAN_POINT('',(-0.047,-0.022607965,-0.043));
#4582=CARTESIAN_POINT('',(-0.047,-0.022607965,-0.052));
#4583=CARTESIAN_POINT('',(0.05,-0.018607965,0.01));
#4584=CARTESIAN_POINT('',(0.05,-0.0151071673751346,0.01));
#4585=CARTESIAN_POINT('',(0.05,-0.0151071673751346,0.001));
#4586=CARTESIAN_POINT('',(0.05,-0.0151071673751346,0.009));
#4587=CARTESIAN_POINT('',(0.05,-0.018607965,0.009));
#4588=CARTESIAN_POINT('',(0.05,-0.019607965,0.009));
#4589=CARTESIAN_POINT('',(0.05,-0.019607965,0.));
#4590=CARTESIAN_POINT('',(0.05,-0.019607965,0.001));
#4591=CARTESIAN_POINT('',(0.05,-0.0151071673751346,0.001));
#4592=CARTESIAN_POINT('',(0.0475,-0.0073039825,0.01));
#4593=CARTESIAN_POINT('',(0.0453325256268894,-0.000971504543840824,0.01));
#4594=CARTESIAN_POINT('',(0.0453325256268894,-0.000971504543840824,0.001));
#4595=CARTESIAN_POINT('',(0.0453325256268894,-0.000971504543840824,0.009));
#4596=CARTESIAN_POINT('',(0.0475,-0.0073039825,0.009));
#4597=CARTESIAN_POINT('',(0.0498383408747535,-0.0141356628312937,0.009));
#4598=CARTESIAN_POINT('',(0.0498383408747535,-0.0141356628312937,0.01));
#4599=CARTESIAN_POINT('',(0.0498383408747535,-0.0141356628312937,0.001));
#4600=CARTESIAN_POINT('',(0.0453325256268894,-0.000971504543840821,0.001));
#4601=CARTESIAN_POINT('',(0.0475,0.0073039825,0.01));
#4602=CARTESIAN_POINT('',(0.0498383408747535,0.0141356628312937,0.01));
#4603=CARTESIAN_POINT('',(0.0498383408747535,0.0141356628312937,0.001));
#4604=CARTESIAN_POINT('',(0.0498383408747535,0.0141356628312937,0.009));
#4605=CARTESIAN_POINT('',(0.0475,0.0073039825,0.009));
#4606=CARTESIAN_POINT('',(0.0453325256268894,0.000971504543840815,0.009));
#4607=CARTESIAN_POINT('',(0.0453325256268894,0.000971504543840815,0.));
#4608=CARTESIAN_POINT('',(0.0453325256268894,0.000971504543840815,0.001));
#4609=CARTESIAN_POINT('',(0.0498383408747535,0.0141356628312938,0.001));
#4610=CARTESIAN_POINT('',(0.05,0.018607965,0.01));
#4611=CARTESIAN_POINT('',(0.05,0.0196079650000001,0.01));
#4612=CARTESIAN_POINT('',(0.05,0.0196079650000001,0.001));
#4613=CARTESIAN_POINT('',(0.05,0.0196079650000001,0.009));
#4614=CARTESIAN_POINT('',(0.05,0.018607965,0.009));
#4615=CARTESIAN_POINT('',(0.05,0.0151071673751346,0.009));
#4616=CARTESIAN_POINT('',(0.05,0.0151071673751346,0.01));
#4617=CARTESIAN_POINT('',(0.05,0.0151071673751346,0.001));
#4618=CARTESIAN_POINT('',(0.05,0.0196079650000001,0.001));
#4619=CARTESIAN_POINT('',(0.,0.022607965,0.01));
#4620=CARTESIAN_POINT('',(0.0235,0.022607965,-0.0425));
#4621=CARTESIAN_POINT('',(0.0235,0.022607965,-0.043));
#4622=CARTESIAN_POINT('',(-0.047,0.022607965,-0.043));
#4623=CARTESIAN_POINT('',(0.047,0.022607965,-0.043));
#4624=CARTESIAN_POINT('',(0.047,0.022607965,-0.052));
#4625=CARTESIAN_POINT('',(0.047,0.022607965,-0.051));
#4626=CARTESIAN_POINT('',(0.,0.022607965,-0.051));
#4627=CARTESIAN_POINT('',(-0.047,0.022607965,-0.051));
#4628=CARTESIAN_POINT('',(-0.047,0.022607965,-0.052));
#4629=CARTESIAN_POINT('',(-0.047,0.022607965,-0.043));
#4630=CARTESIAN_POINT('',(-0.047,0.022607965,-0.043));
#4631=CARTESIAN_POINT('',(-0.0235,0.022607965,-0.043));
#4632=CARTESIAN_POINT('',(-0.0235,0.022607965,0.01));
#4633=CARTESIAN_POINT('',(-0.047,0.022607965,0.01));
#4634=CARTESIAN_POINT('',(-0.047,0.022607965,0.009));
#4635=CARTESIAN_POINT('',(0.,0.022607965,0.009));
#4636=CARTESIAN_POINT('',(0.047,0.022607965,0.009));
#4637=CARTESIAN_POINT('',(0.047,0.022607965,0.01));
#4638=CARTESIAN_POINT('',(-0.0155,0.022607965,-0.0055));
#4639=CARTESIAN_POINT('',(-0.01375,0.022607965,-0.0055));
#4640=CARTESIAN_POINT('',(0.0155,0.022607965,-0.0055));
#4641=CARTESIAN_POINT('',(0.01725,0.022607965,-0.0055));
#4642=CARTESIAN_POINT('',(0.0155,0.022607965,-0.0365));
#4643=CARTESIAN_POINT('',(0.01725,0.022607965,-0.0365));
#4644=CARTESIAN_POINT('',(-0.0155,0.022607965,-0.0365));
#4645=CARTESIAN_POINT('',(-0.01375,0.022607965,-0.0365));
#4646=CARTESIAN_POINT('',(-3.46944695195361E-18,0.022607965,-0.021));
#4647=CARTESIAN_POINT('',(0.012,0.022607965,-0.021));
#4648=CARTESIAN_POINT('',(0.,1.04083408558608E-17,0.01));
#4649=CARTESIAN_POINT('',(0.0115,0.001607965,0.01));
#4650=CARTESIAN_POINT('',(0.0115,0.013757965,0.01));
#4651=CARTESIAN_POINT('',(0.0115,-0.000392034999999993,0.01));
#4652=CARTESIAN_POINT('',(9.84315196967154E-20,-0.000392035,0.01));
#4653=CARTESIAN_POINT('',(-0.0115,-0.000392035,0.01));
#4654=CARTESIAN_POINT('',(-0.0115,1.04083408558608E-17,0.01));
#4655=CARTESIAN_POINT('',(-0.0115,0.013757965,0.01));
#4656=CARTESIAN_POINT('',(0.0095,0.013757965,0.01));
#4657=CARTESIAN_POINT('',(-0.047,-0.019607965,0.01));
#4658=CARTESIAN_POINT('',(-0.049,-0.019607965,0.01));
#4659=CARTESIAN_POINT('',(-0.047,-0.021607965,0.01));
#4660=CARTESIAN_POINT('',(-0.015,-0.021607965,0.01));
#4661=CARTESIAN_POINT('',(0.047,-0.021607965,0.01));
#4662=CARTESIAN_POINT('',(0.047,-0.021607965,0.01));
#4663=CARTESIAN_POINT('',(0.047,-0.019607965,0.01));
#4664=CARTESIAN_POINT('',(0.049,-0.019607965,0.01));
#4665=CARTESIAN_POINT('',(0.049,1.04083408558608E-17,0.01));
#4666=CARTESIAN_POINT('',(0.049,-0.0151071673751346,0.01));
#4667=CARTESIAN_POINT('',(0.047,-0.0151071673751346,0.01));
#4668=CARTESIAN_POINT('',(0.0488922272498357,-0.0144594976792407,0.01));
#4669=CARTESIAN_POINT('',(0.0393347809815653,0.013463470436014,0.01));
#4670=CARTESIAN_POINT('',(0.0443864120019716,-0.00129533939178777,0.01));
#4671=CARTESIAN_POINT('',(0.048170866501643,-4.33680868994202E-18,0.01));
#4672=CARTESIAN_POINT('',(0.0443864120019716,0.00129533939178775,0.01));
#4673=CARTESIAN_POINT('',(0.0393347809815653,-0.013463470436014,0.01));
#4674=CARTESIAN_POINT('',(0.0488922272498357,0.0144594976792407,0.01));
#4675=CARTESIAN_POINT('',(0.047,0.0151071673751346,0.01));
#4676=CARTESIAN_POINT('',(0.049,0.0151071673751346,0.01));
#4677=CARTESIAN_POINT('',(0.049,1.04083408558608E-17,0.01));
#4678=CARTESIAN_POINT('',(0.049,0.0196079650000001,0.01));
#4679=CARTESIAN_POINT('',(0.047,0.0196079650000001,0.01));
#4680=CARTESIAN_POINT('',(0.047,0.021607965,0.01));
#4681=CARTESIAN_POINT('',(-5.24773818150193E-18,0.021607965,0.01));
#4682=CARTESIAN_POINT('',(-0.047,0.021607965,0.01));
#4683=CARTESIAN_POINT('',(-0.047,0.019607965,0.01));
#4684=CARTESIAN_POINT('',(-0.049,0.019607965,0.01));
#4685=CARTESIAN_POINT('',(-0.049,0.0151071673751346,0.01));
#4686=CARTESIAN_POINT('',(-0.049,0.0151071673751346,0.01));
#4687=CARTESIAN_POINT('',(-0.047,0.0151071673751346,0.01));
#4688=CARTESIAN_POINT('',(-0.0488922272498357,0.0144594976792407,0.01));
#4689=CARTESIAN_POINT('',(-0.0443864120019716,0.00129533939178777,0.01));
#4690=CARTESIAN_POINT('',(-0.0443864120019716,0.00129533939178777,0.01));
#4691=CARTESIAN_POINT('',(-0.048170866501643,2.60208521396521E-18,0.01));
#4692=CARTESIAN_POINT('',(-0.0443864120019716,-0.00129533939178776,0.01));
#4693=CARTESIAN_POINT('',(-0.0488922272498357,-0.0144594976792407,0.01));
#4694=CARTESIAN_POINT('',(-0.0488922272498357,-0.0144594976792407,0.01));
#4695=CARTESIAN_POINT('',(-0.047,-0.0151071673751346,0.01));
#4696=CARTESIAN_POINT('',(-0.049,-0.0151071673751346,0.01));
#4697=CARTESIAN_POINT('',(-0.049,-0.019607965,0.01));
#4698=CARTESIAN_POINT('',(0.047,-0.019607965,0.01));
#4699=CARTESIAN_POINT('',(0.047,-0.019607965,0.009));
#4700=CARTESIAN_POINT('',(0.047,-0.019607965,0.001));
#4701=CARTESIAN_POINT('',(-0.047,-0.019607965,0.01));
#4702=CARTESIAN_POINT('',(-0.047,-0.019607965,0.009));
#4703=CARTESIAN_POINT('',(-0.047,-0.019607965,0.001));
#4704=CARTESIAN_POINT('',(0.047,-0.0151071673751346,0.01));
#4705=CARTESIAN_POINT('',(0.047,-0.0151071673751346,0.009));
#4706=CARTESIAN_POINT('',(0.047,-0.0151071673751346,0.001));
#4707=CARTESIAN_POINT('',(0.048170866501643,-4.33680868994202E-18,0.01));
#4708=CARTESIAN_POINT('',(0.048170866501643,-4.33680868994202E-18,0.009));
#4709=CARTESIAN_POINT('',(0.048170866501643,-4.33680868994202E-18,0.001));
#4710=CARTESIAN_POINT('',(0.047,0.0151071673751346,0.01));
#4711=CARTESIAN_POINT('',(0.047,0.0151071673751346,0.009));
#4712=CARTESIAN_POINT('',(0.047,0.0151071673751346,0.001));
#4713=CARTESIAN_POINT('',(0.047,0.0196079650000001,0.01));
#4714=CARTESIAN_POINT('',(0.047,0.0196079650000001,0.009));
#4715=CARTESIAN_POINT('',(0.047,0.0196079650000001,0.001));
#4716=CARTESIAN_POINT('',(-0.047,-0.0151071673751346,0.01));
#4717=CARTESIAN_POINT('',(-0.047,-0.0151071673751346,0.009));
#4718=CARTESIAN_POINT('',(-0.047,-0.0151071673751346,0.001));
#4719=CARTESIAN_POINT('',(-0.048170866501643,2.60208521396521E-18,0.01));
#4720=CARTESIAN_POINT('',(-0.048170866501643,2.60208521396521E-18,0.009));
#4721=CARTESIAN_POINT('',(-0.048170866501643,2.60208521396521E-18,0.001));
#4722=CARTESIAN_POINT('',(-0.047,0.0151071673751346,0.01));
#4723=CARTESIAN_POINT('',(-0.047,0.0151071673751346,0.009));
#4724=CARTESIAN_POINT('',(-0.047,0.0151071673751346,0.001));
#4725=CARTESIAN_POINT('',(-0.047,0.019607965,0.01));
#4726=CARTESIAN_POINT('',(-0.047,0.019607965,0.009));
#4727=CARTESIAN_POINT('',(-0.047,0.019607965,0.001));
#4728=CARTESIAN_POINT('',(-3.46944695195361E-18,0.011757965,0.010002));
#4729=CARTESIAN_POINT('',(-0.0095,0.011757965,0.010002));
#4730=CARTESIAN_POINT('',(-0.0095,0.011757965,0.008));
#4731=CARTESIAN_POINT('',(-0.0095,0.011757965,0.002));
#4732=CARTESIAN_POINT('',(-3.46944695195361E-18,0.011757965,0.002));
#4733=CARTESIAN_POINT('',(0.0095,0.011757965,0.002));
#4734=CARTESIAN_POINT('',(0.0095,0.011757965,0.010002));
#4735=CARTESIAN_POINT('',(0.0095,0.011757965,0.008));
#4736=CARTESIAN_POINT('',(-0.0095,0.011757965,0.008));
#4737=CARTESIAN_POINT('',(0.0095,0.006682965,0.010002));
#4738=CARTESIAN_POINT('',(0.0095,0.006682965,0.002));
#4739=CARTESIAN_POINT('',(0.0095,0.011757965,0.008));
#4740=CARTESIAN_POINT('',(-0.0095,0.006682965,0.010002));
#4741=CARTESIAN_POINT('',(-0.0095,0.011757965,0.002));
#4742=CARTESIAN_POINT('',(-0.0095,0.006682965,0.008));
#4743=CARTESIAN_POINT('',(-0.0061948557158515,-0.022609965,0.00263557621135332));
#4744=CARTESIAN_POINT('',(-0.00582790561913614,-0.000392035,0.002));
#4745=CARTESIAN_POINT('',(-0.00771650635094611,-0.022609965,0.00527115242270663));
#4746=CARTESIAN_POINT('',(0.0061948557158515,-0.022609965,0.00263557621135331));
#4747=CARTESIAN_POINT('',(0.00582790561913614,-0.000392034999999995,0.002));
#4748=CARTESIAN_POINT('',(0.00771650635094611,-0.022609965,0.00527115242270663));
#4749=CARTESIAN_POINT('',(8.67361737988404E-19,-0.022609965,0.00527115242270663));
#4750=CARTESIAN_POINT('',(4.28386790326687E-18,-0.021607965,0.009));
#4751=CARTESIAN_POINT('',(0.047,-0.021607965,0.009));
#4752=CARTESIAN_POINT('',(0.047,-0.019607965,0.009));
#4753=CARTESIAN_POINT('',(0.049,-0.019607965,0.009));
#4754=CARTESIAN_POINT('',(0.049,-0.018607965,0.009));
#4755=CARTESIAN_POINT('',(0.049,-0.0151071673751346,0.009));
#4756=CARTESIAN_POINT('',(0.047,-0.0151071673751346,0.009));
#4757=CARTESIAN_POINT('',(0.0488922272498357,-0.0144594976792407,0.009));
#4758=CARTESIAN_POINT('',(0.0465538863750822,-0.00762781734794694,0.009));
#4759=CARTESIAN_POINT('',(0.0443864120019716,-0.00129533939178776,0.009));
#4760=CARTESIAN_POINT('',(0.048170866501643,-4.33680868994202E-18,0.009));
#4761=CARTESIAN_POINT('',(0.0443864120019716,0.00129533939178775,0.009));
#4762=CARTESIAN_POINT('',(0.0465538863750822,0.00762781734794694,0.009));
#4763=CARTESIAN_POINT('',(0.0488922272498357,0.0144594976792407,0.009));
#4764=CARTESIAN_POINT('',(0.047,0.0151071673751346,0.009));
#4765=CARTESIAN_POINT('',(0.049,0.0151071673751346,0.009));
#4766=CARTESIAN_POINT('',(0.049,0.018607965,0.009));
#4767=CARTESIAN_POINT('',(0.049,0.0196079650000001,0.009));
#4768=CARTESIAN_POINT('',(0.047,0.0196079650000001,0.009));
#4769=CARTESIAN_POINT('',(0.047,0.021607965,0.009));
#4770=CARTESIAN_POINT('',(2.42861286636753E-19,0.021607965,0.009));
#4771=CARTESIAN_POINT('',(-0.047,0.021607965,0.009));
#4772=CARTESIAN_POINT('',(-0.047,0.019607965,0.009));
#4773=CARTESIAN_POINT('',(-0.049,0.019607965,0.009));
#4774=CARTESIAN_POINT('',(-0.049,1.04083408558608E-17,0.009));
#4775=CARTESIAN_POINT('',(-0.049,0.0151071673751346,0.009));
#4776=CARTESIAN_POINT('',(-0.047,0.0151071673751346,0.009));
#4777=CARTESIAN_POINT('',(-0.0488922272498357,0.0144594976792407,0.009));
#4778=CARTESIAN_POINT('',(-0.0393347809815653,-0.013463470436014,0.009));
#4779=CARTESIAN_POINT('',(-0.0443864120019716,0.00129533939178777,0.009));
#4780=CARTESIAN_POINT('',(-0.048170866501643,2.60208521396521E-18,0.009));
#4781=CARTESIAN_POINT('',(-0.0443864120019716,-0.00129533939178776,0.009));
#4782=CARTESIAN_POINT('',(-0.0393347809815653,0.013463470436014,0.009));
#4783=CARTESIAN_POINT('',(-0.0488922272498357,-0.0144594976792407,0.009));
#4784=CARTESIAN_POINT('',(-0.047,-0.0151071673751346,0.009));
#4785=CARTESIAN_POINT('',(-0.049,-0.0151071673751346,0.009));
#4786=CARTESIAN_POINT('',(-0.049,1.04083408558608E-17,0.009));
#4787=CARTESIAN_POINT('',(-0.049,-0.019607965,0.009));
#4788=CARTESIAN_POINT('',(-0.047,-0.019607965,0.009));
#4789=CARTESIAN_POINT('',(-0.047,-0.021607965,0.009));
#4790=CARTESIAN_POINT('',(6.42580185490031E-18,-0.021607965,0.009));
#4791=CARTESIAN_POINT('',(0.0325,-0.021607965,0.001));
#4792=CARTESIAN_POINT('',(0.0225,-0.021607965,0.001));
#4793=CARTESIAN_POINT('',(0.047,-0.019607965,0.001));
#4794=CARTESIAN_POINT('',(0.049,-0.019607965,0.001));
#4795=CARTESIAN_POINT('',(0.049,1.04083408558608E-17,0.001));
#4796=CARTESIAN_POINT('',(0.049,-0.0151071673751346,0.001));
#4797=CARTESIAN_POINT('',(0.047,-0.0151071673751346,0.001));
#4798=CARTESIAN_POINT('',(0.0488922272498357,-0.0144594976792407,0.001));
#4799=CARTESIAN_POINT('',(0.0393347809815653,0.013463470436014,0.001));
#4800=CARTESIAN_POINT('',(0.0443864120019716,-0.00129533939178776,0.001));
#4801=CARTESIAN_POINT('',(0.048170866501643,-4.33680868994202E-18,0.001));
#4802=CARTESIAN_POINT('',(0.0443864120019716,0.00129533939178775,0.001));
#4803=CARTESIAN_POINT('',(0.0393347809815653,-0.013463470436014,0.001));
#4804=CARTESIAN_POINT('',(0.0488922272498357,0.0144594976792407,0.001));
#4805=CARTESIAN_POINT('',(0.047,0.0151071673751346,0.001));
#4806=CARTESIAN_POINT('',(0.049,0.0151071673751346,0.001));
#4807=CARTESIAN_POINT('',(0.049,1.04083408558608E-17,0.001));
#4808=CARTESIAN_POINT('',(0.049,0.0196079650000001,0.001));
#4809=CARTESIAN_POINT('',(0.047,0.0196079650000001,0.001));
#4810=CARTESIAN_POINT('',(-0.047,0.019607965,0.001));
#4811=CARTESIAN_POINT('',(-0.049,0.019607965,0.001));
#4812=CARTESIAN_POINT('',(-0.049,0.018607965,0.001));
#4813=CARTESIAN_POINT('',(-0.049,0.0151071673751346,0.001));
#4814=CARTESIAN_POINT('',(-0.047,0.0151071673751346,0.001));
#4815=CARTESIAN_POINT('',(-0.0488922272498357,0.0144594976792407,0.001));
#4816=CARTESIAN_POINT('',(-0.0465538863750822,0.00762781734794694,0.001));
#4817=CARTESIAN_POINT('',(-0.0443864120019716,0.00129533939178777,0.001));
#4818=CARTESIAN_POINT('',(-0.048170866501643,2.60208521396521E-18,0.001));
#4819=CARTESIAN_POINT('',(-0.0443864120019716,-0.00129533939178776,0.001));
#4820=CARTESIAN_POINT('',(-0.0465538863750822,-0.00762781734794694,0.001));
#4821=CARTESIAN_POINT('',(-0.0488922272498357,-0.0144594976792407,0.001));
#4822=CARTESIAN_POINT('',(-0.047,-0.0151071673751346,0.001));
#4823=CARTESIAN_POINT('',(-0.049,-0.0151071673751346,0.001));
#4824=CARTESIAN_POINT('',(-0.049,-0.018607965,0.001));
#4825=CARTESIAN_POINT('',(-0.049,-0.019607965,0.001));
#4826=CARTESIAN_POINT('',(-0.047,-0.019607965,0.001));
#4827=CARTESIAN_POINT('',(-0.0325,-0.021607965,0.001));
#4828=CARTESIAN_POINT('',(-0.0225,-0.021607965,0.001));
#4829=CARTESIAN_POINT('',(9.84315196967154E-20,-0.000392035,0.002));
#4830=CARTESIAN_POINT('',(-0.0115,-0.000392035,0.002));
#4831=CARTESIAN_POINT('',(-0.0115,1.04083408558608E-17,0.002));
#4832=CARTESIAN_POINT('',(-0.0115,0.013757965,0.002));
#4833=CARTESIAN_POINT('',(-3.83465189426452E-18,0.013757965,0.002));
#4834=CARTESIAN_POINT('',(0.0115,0.013757965,0.002));
#4835=CARTESIAN_POINT('',(0.0115,0.006682965,0.002));
#4836=CARTESIAN_POINT('',(0.0115,-0.000392034999999993,0.002));
#4837=CARTESIAN_POINT('',(9.84315196967154E-20,-0.000392035,0.002));
#4838=CARTESIAN_POINT('',(-2.51223840707023E-18,0.013757965,0.008));
#4839=CARTESIAN_POINT('',(0.0115,0.013757965,0.008));
#4840=CARTESIAN_POINT('',(-0.0115,0.013757965,0.008));
#4841=CARTESIAN_POINT('',(-0.0115,0.006682965,0.008));
#4842=CARTESIAN_POINT('',(-0.0115,-0.000392035,0.008));
#4843=CARTESIAN_POINT('',(0.0115,1.04083408558608E-17,0.008));
#4844=CARTESIAN_POINT('',(0.0115,-0.000392034999999993,0.008));
#4845=CARTESIAN_POINT('',(-2.96729015627611E-18,-0.000392035,0.008));
#4846=CARTESIAN_POINT('',(-0.0155,0.019607965,-0.0365));
#4847=CARTESIAN_POINT('',(0.0155,0.019607965,-0.0365));
#4848=CARTESIAN_POINT('',(0.0155,0.019607965,-0.0055));
#4849=CARTESIAN_POINT('',(-0.0155,0.019607965,-0.0055));
#4850=CARTESIAN_POINT('',(-2.74086309204335E-18,0.019607965,-0.021));
#4851=CARTESIAN_POINT('',(-0.0235,-0.021607965,-0.042502));
#4852=CARTESIAN_POINT('',(-0.0235,-0.021607965,-0.043));
#4853=CARTESIAN_POINT('',(-0.0225,-0.021607965,0.01));
#4854=CARTESIAN_POINT('',(-0.0225,-0.021607965,-0.043));
#4855=CARTESIAN_POINT('',(0.0225,-0.021607965,-0.042502));
#4856=CARTESIAN_POINT('',(0.0225,-0.021607965,-0.043));
#4857=CARTESIAN_POINT('',(0.0235,-0.021607965,0.01));
#4858=CARTESIAN_POINT('',(0.0235,-0.021607965,-0.043));
#4859=CARTESIAN_POINT('',(0.0235,0.021607965,-0.042502));
#4860=CARTESIAN_POINT('',(0.0235,0.021607965,-0.043));
#4861=CARTESIAN_POINT('',(-0.0235,0.021607965,0.01));
#4862=CARTESIAN_POINT('',(-0.0235,0.021607965,-0.043));
#4863=CARTESIAN_POINT('',(0.,1.04083408558608E-17,-0.042));
#4864=CARTESIAN_POINT('',(0.047,0.021607965,-0.042));
#4865=CARTESIAN_POINT('',(-0.047,0.021607965,-0.042));
#4866=CARTESIAN_POINT('',(-0.047,0.019607965,-0.042));
#4867=CARTESIAN_POINT('',(-0.049,0.019607965,-0.042));
#4868=CARTESIAN_POINT('',(-0.049,1.04083408558608E-17,-0.042));
#4869=CARTESIAN_POINT('',(-0.049,0.0151071673751346,-0.042));
#4870=CARTESIAN_POINT('',(-0.047,0.0151071673751346,-0.042));
#4871=CARTESIAN_POINT('',(-0.0488922272498357,0.0144594976792407,-0.042));
#4872=CARTESIAN_POINT('',(-0.0393347809815653,-0.013463470436014,-0.042));
#4873=CARTESIAN_POINT('',(-0.0443864120019716,0.00129533939178777,-0.042));
#4874=CARTESIAN_POINT('',(-0.048170866501643,2.60208521396521E-18,-0.042));
#4875=CARTESIAN_POINT('',(-0.0443864120019716,-0.00129533939178776,-0.042));
#4876=CARTESIAN_POINT('',(-0.0393347809815653,0.013463470436014,-0.042));
#4877=CARTESIAN_POINT('',(-0.0488922272498357,-0.0144594976792407,-0.042));
#4878=CARTESIAN_POINT('',(-0.047,-0.0151071673751346,-0.042));
#4879=CARTESIAN_POINT('',(-0.049,-0.0151071673751346,-0.042));
#4880=CARTESIAN_POINT('',(-0.049,1.04083408558608E-17,-0.042));
#4881=CARTESIAN_POINT('',(-0.049,-0.019607965,-0.042));
#4882=CARTESIAN_POINT('',(-0.047,-0.019607965,-0.042));
#4883=CARTESIAN_POINT('',(-0.047,-0.021607965,-0.042));
#4884=CARTESIAN_POINT('',(6.42580185490031E-18,-0.021607965,-0.042));
#4885=CARTESIAN_POINT('',(0.,1.04083408558608E-17,-0.042));
#4886=CARTESIAN_POINT('',(4.28386790326687E-18,-0.021607965,-0.042));
#4887=CARTESIAN_POINT('',(0.047,-0.021607965,-0.042));
#4888=CARTESIAN_POINT('',(0.047,-0.019607965,-0.042));
#4889=CARTESIAN_POINT('',(0.049,-0.019607965,-0.042));
#4890=CARTESIAN_POINT('',(0.049,-0.019607965,-0.042));
#4891=CARTESIAN_POINT('',(0.049,-0.0151071673751346,-0.042));
#4892=CARTESIAN_POINT('',(0.047,-0.0151071673751346,-0.042));
#4893=CARTESIAN_POINT('',(0.0488922272498357,-0.0144594976792407,-0.042));
#4894=CARTESIAN_POINT('',(0.0488922272498357,-0.0144594976792407,-0.042));
#4895=CARTESIAN_POINT('',(0.0443864120019716,-0.00129533939178777,-0.042));
#4896=CARTESIAN_POINT('',(0.048170866501643,-4.33680868994202E-18,-0.042));
#4897=CARTESIAN_POINT('',(0.0443864120019716,0.00129533939178775,-0.042));
#4898=CARTESIAN_POINT('',(0.0443864120019716,0.00129533939178775,-0.042));
#4899=CARTESIAN_POINT('',(0.0488922272498357,0.0144594976792407,-0.042));
#4900=CARTESIAN_POINT('',(0.047,0.0151071673751346,-0.042));
#4901=CARTESIAN_POINT('',(0.049,0.0151071673751346,-0.042));
#4902=CARTESIAN_POINT('',(0.049,0.0151071673751346,-0.042));
#4903=CARTESIAN_POINT('',(0.049,0.0196079650000001,-0.042));
#4904=CARTESIAN_POINT('',(0.047,0.0196079650000001,-0.042));
#4905=CARTESIAN_POINT('',(0.047,0.021607965,-0.042));
#4906=CARTESIAN_POINT('',(0.047,0.021607965,-0.042));
#4907=CARTESIAN_POINT('',(0.0325,-0.021607965,-0.043));
#4908=CARTESIAN_POINT('',(0.047,-0.021607965,-0.043));
#4909=CARTESIAN_POINT('',(-5.24773818150193E-18,0.021607965,-0.043));
#4910=CARTESIAN_POINT('',(0.047,0.021607965,-0.043));
#4911=CARTESIAN_POINT('',(-0.0325,-0.021607965,-0.043));
#4912=CARTESIAN_POINT('',(-0.047,-0.021607965,-0.043));
#4913=CARTESIAN_POINT('',(0.,1.04083408558608E-17,-0.042));
#4914=CARTESIAN_POINT('',(6.42580185490031E-18,-0.021607965,-0.042));
#4915=CARTESIAN_POINT('',(-0.015,-0.021607965,-0.042));
#4916=CARTESIAN_POINT('',(4.28386790326687E-18,-0.021607965,-0.042));
#4917=CARTESIAN_POINT('',(0.015,-0.021607965,-0.042));
#4918=CARTESIAN_POINT('',(4.28386790326687E-18,-0.021607965,-0.042));
#4919=CARTESIAN_POINT('',(-5.24773818150193E-18,0.021607965,-0.043));
#4920=CARTESIAN_POINT('',(-0.047,0.021607965,-0.043));
#4921=CARTESIAN_POINT('',(-0.05,0.018607965,-0.052));
#4922=CARTESIAN_POINT('',(-0.05,0.0151071673751346,-0.052));
#4923=CARTESIAN_POINT('',(-0.05,0.0151071673751346,-0.043));
#4924=CARTESIAN_POINT('',(-0.05,0.0151071673751346,-0.051));
#4925=CARTESIAN_POINT('',(-0.05,0.018607965,-0.043));
#4926=CARTESIAN_POINT('',(-0.05,0.019607965,-0.043));
#4927=CARTESIAN_POINT('',(-0.05,0.019607965,-0.042));
#4928=CARTESIAN_POINT('',(-0.05,0.019607965,-0.051));
#4929=CARTESIAN_POINT('',(-0.05,0.019607965,-0.051));
#4930=CARTESIAN_POINT('',(-0.0475,0.0073039825,-0.052));
#4931=CARTESIAN_POINT('',(-0.0453325256268894,0.000971504543840824,-0.052));
#4932=CARTESIAN_POINT('',(-0.0453325256268894,0.000971504543840824,-0.043));
#4933=CARTESIAN_POINT('',(-0.0453325256268894,0.000971504543840824,-0.051));
#4934=CARTESIAN_POINT('',(-0.0475,0.0073039825,-0.043));
#4935=CARTESIAN_POINT('',(-0.0498383408747535,0.0141356628312938,-0.043));
#4936=CARTESIAN_POINT('',(-0.0498383408747535,0.0141356628312938,-0.052));
#4937=CARTESIAN_POINT('',(-0.0498383408747535,0.0141356628312938,-0.051));
#4938=CARTESIAN_POINT('',(-0.0498383408747535,0.0141356628312938,-0.051));
#4939=CARTESIAN_POINT('',(-0.0475,-0.0073039825,-0.052));
#4940=CARTESIAN_POINT('',(-0.0498383408747535,-0.0141356628312938,-0.052));
#4941=CARTESIAN_POINT('',(-0.0498383408747535,-0.0141356628312938,-0.043));
#4942=CARTESIAN_POINT('',(-0.0498383408747535,-0.0141356628312938,-0.051));
#4943=CARTESIAN_POINT('',(-0.0475,-0.0073039825,-0.043));
#4944=CARTESIAN_POINT('',(-0.0453325256268894,-0.000971504543840819,-0.043));
#4945=CARTESIAN_POINT('',(-0.0453325256268894,-0.000971504543840819,-0.042));
#4946=CARTESIAN_POINT('',(-0.0453325256268894,-0.000971504543840819,-0.051));
#4947=CARTESIAN_POINT('',(-0.0453325256268894,-0.00097150454384082,-0.051));
#4948=CARTESIAN_POINT('',(-0.05,-0.018607965,-0.052));
#4949=CARTESIAN_POINT('',(-0.05,-0.019607965,-0.052));
#4950=CARTESIAN_POINT('',(-0.05,-0.019607965,-0.043));
#4951=CARTESIAN_POINT('',(-0.05,-0.019607965,-0.051));
#4952=CARTESIAN_POINT('',(-0.05,-0.018607965,-0.043));
#4953=CARTESIAN_POINT('',(-0.05,-0.0151071673751346,-0.043));
#4954=CARTESIAN_POINT('',(-0.05,-0.0151071673751346,-0.052));
#4955=CARTESIAN_POINT('',(-0.05,-0.0151071673751346,-0.051));
#4956=CARTESIAN_POINT('',(-0.05,-0.0151071673751346,-0.051));
#4957=CARTESIAN_POINT('',(0.05,-0.018607965,-0.052));
#4958=CARTESIAN_POINT('',(0.05,-0.0151071673751346,-0.052));
#4959=CARTESIAN_POINT('',(0.05,-0.0151071673751346,-0.043));
#4960=CARTESIAN_POINT('',(0.05,-0.0151071673751346,-0.051));
#4961=CARTESIAN_POINT('',(0.05,-0.0151071673751346,-0.043));
#4962=CARTESIAN_POINT('',(0.05,-0.019607965,-0.043));
#4963=CARTESIAN_POINT('',(0.05,-0.019607965,-0.042));
#4964=CARTESIAN_POINT('',(0.05,-0.019607965,-0.051));
#4965=CARTESIAN_POINT('',(0.05,-0.018607965,-0.051));
#4966=CARTESIAN_POINT('',(0.0475,-0.0073039825,-0.052));
#4967=CARTESIAN_POINT('',(0.0453325256268894,-0.000971504543840824,-0.052));
#4968=CARTESIAN_POINT('',(0.0453325256268894,-0.000971504543840824,-0.043));
#4969=CARTESIAN_POINT('',(0.0453325256268894,-0.000971504543840824,-0.051));
#4970=CARTESIAN_POINT('',(0.0453325256268894,-0.000971504543840821,-0.043));
#4971=CARTESIAN_POINT('',(0.0498383408747535,-0.0141356628312937,-0.043));
#4972=CARTESIAN_POINT('',(0.0498383408747535,-0.0141356628312937,-0.052));
#4973=CARTESIAN_POINT('',(0.0498383408747535,-0.0141356628312937,-0.051));
#4974=CARTESIAN_POINT('',(0.0475,-0.0073039825,-0.051));
#4975=CARTESIAN_POINT('',(0.0475,0.0073039825,-0.052));
#4976=CARTESIAN_POINT('',(0.0498383408747535,0.0141356628312937,-0.052));
#4977=CARTESIAN_POINT('',(0.0498383408747535,0.0141356628312937,-0.043));
#4978=CARTESIAN_POINT('',(0.0498383408747535,0.0141356628312937,-0.051));
#4979=CARTESIAN_POINT('',(0.0498383408747535,0.0141356628312938,-0.043));
#4980=CARTESIAN_POINT('',(0.0453325256268894,0.000971504543840815,-0.043));
#4981=CARTESIAN_POINT('',(0.0453325256268894,0.000971504543840815,-0.042));
#4982=CARTESIAN_POINT('',(0.0453325256268894,0.000971504543840815,-0.051));
#4983=CARTESIAN_POINT('',(0.0475,0.0073039825,-0.051));
#4984=CARTESIAN_POINT('',(0.05,0.018607965,-0.052));
#4985=CARTESIAN_POINT('',(0.05,0.0196079650000001,-0.052));
#4986=CARTESIAN_POINT('',(0.05,0.0196079650000001,-0.043));
#4987=CARTESIAN_POINT('',(0.05,0.0196079650000001,-0.051));
#4988=CARTESIAN_POINT('',(0.05,0.0196079650000001,-0.043));
#4989=CARTESIAN_POINT('',(0.05,0.0151071673751346,-0.043));
#4990=CARTESIAN_POINT('',(0.05,0.0151071673751346,-0.052));
#4991=CARTESIAN_POINT('',(0.05,0.0151071673751346,-0.051));
#4992=CARTESIAN_POINT('',(0.05,0.018607965,-0.051));
#4993=CARTESIAN_POINT('',(0.,1.04083408558608E-17,-0.052));
#4994=CARTESIAN_POINT('',(0.047,-0.021607965,-0.052));
#4995=CARTESIAN_POINT('',(0.015,-0.021607965,-0.052));
#4996=CARTESIAN_POINT('',(0.047,-0.021607965,-0.052));
#4997=CARTESIAN_POINT('',(-0.015,-0.021607965,-0.052));
#4998=CARTESIAN_POINT('',(-0.015,-0.021607965,-0.052));
#4999=CARTESIAN_POINT('',(-0.015,-0.021607965,-0.052));
#5000=CARTESIAN_POINT('',(-0.047,-0.021607965,-0.052));
#5001=CARTESIAN_POINT('',(-0.047,-0.019607965,-0.052));
#5002=CARTESIAN_POINT('',(-0.049,-0.019607965,-0.052));
#5003=CARTESIAN_POINT('',(-0.049,-0.019607965,-0.052));
#5004=CARTESIAN_POINT('',(-0.049,-0.0151071673751346,-0.052));
#5005=CARTESIAN_POINT('',(-0.047,-0.0151071673751346,-0.052));
#5006=CARTESIAN_POINT('',(-0.0488922272498357,-0.0144594976792407,-0.052));
#5007=CARTESIAN_POINT('',(-0.0488922272498357,-0.0144594976792407,-0.052));
#5008=CARTESIAN_POINT('',(-0.0443864120019716,-0.00129533939178776,-0.052));
#5009=CARTESIAN_POINT('',(-0.048170866501643,2.60208521396521E-18,-0.052));
#5010=CARTESIAN_POINT('',(-0.0443864120019716,0.00129533939178777,-0.052));
#5011=CARTESIAN_POINT('',(-0.0443864120019716,0.00129533939178777,-0.052));
#5012=CARTESIAN_POINT('',(-0.0488922272498357,0.0144594976792407,-0.052));
#5013=CARTESIAN_POINT('',(-0.047,0.0151071673751346,-0.052));
#5014=CARTESIAN_POINT('',(-0.049,0.0151071673751346,-0.052));
#5015=CARTESIAN_POINT('',(-0.049,0.0151071673751346,-0.052));
#5016=CARTESIAN_POINT('',(-0.049,0.019607965,-0.052));
#5017=CARTESIAN_POINT('',(-0.047,0.019607965,-0.052));
#5018=CARTESIAN_POINT('',(-0.047,0.021607965,-0.052));
#5019=CARTESIAN_POINT('',(-5.24773818150193E-18,0.021607965,-0.052));
#5020=CARTESIAN_POINT('',(0.047,0.021607965,-0.052));
#5021=CARTESIAN_POINT('',(0.047,0.0196079650000001,-0.052));
#5022=CARTESIAN_POINT('',(0.049,0.0196079650000001,-0.052));
#5023=CARTESIAN_POINT('',(0.049,1.04083408558608E-17,-0.052));
#5024=CARTESIAN_POINT('',(0.049,0.0151071673751346,-0.052));
#5025=CARTESIAN_POINT('',(0.047,0.0151071673751346,-0.052));
#5026=CARTESIAN_POINT('',(0.0488922272498357,0.0144594976792407,-0.052));
#5027=CARTESIAN_POINT('',(0.0393347809815653,-0.013463470436014,-0.052));
#5028=CARTESIAN_POINT('',(0.0443864120019716,0.00129533939178775,-0.052));
#5029=CARTESIAN_POINT('',(0.048170866501643,-4.33680868994202E-18,-0.052));
#5030=CARTESIAN_POINT('',(0.0443864120019716,-0.00129533939178777,-0.052));
#5031=CARTESIAN_POINT('',(0.0393347809815653,0.013463470436014,-0.052));
#5032=CARTESIAN_POINT('',(0.0488922272498357,-0.0144594976792407,-0.052));
#5033=CARTESIAN_POINT('',(0.047,-0.0151071673751346,-0.052));
#5034=CARTESIAN_POINT('',(0.049,-0.0151071673751346,-0.052));
#5035=CARTESIAN_POINT('',(0.049,1.04083408558608E-17,-0.052));
#5036=CARTESIAN_POINT('',(0.049,-0.019607965,-0.052));
#5037=CARTESIAN_POINT('',(0.047,-0.019607965,-0.052));
#5038=CARTESIAN_POINT('',(0.047,-0.019607965,-0.052));
#5039=CARTESIAN_POINT('',(0.047,-0.019607965,-0.043));
#5040=CARTESIAN_POINT('',(0.047,-0.019607965,-0.051));
#5041=CARTESIAN_POINT('',(-0.047,-0.019607965,-0.052));
#5042=CARTESIAN_POINT('',(-0.047,-0.019607965,-0.043));
#5043=CARTESIAN_POINT('',(-0.047,-0.019607965,-0.051));
#5044=CARTESIAN_POINT('',(0.047,-0.0151071673751346,-0.052));
#5045=CARTESIAN_POINT('',(0.047,-0.0151071673751346,-0.043));
#5046=CARTESIAN_POINT('',(0.047,-0.0151071673751346,-0.051));
#5047=CARTESIAN_POINT('',(0.048170866501643,-4.33680868994202E-18,-0.052));
#5048=CARTESIAN_POINT('',(0.048170866501643,-4.33680868994202E-18,-0.043));
#5049=CARTESIAN_POINT('',(0.048170866501643,-4.33680868994202E-18,-0.051));
#5050=CARTESIAN_POINT('',(0.047,0.0151071673751346,-0.052));
#5051=CARTESIAN_POINT('',(0.047,0.0151071673751346,-0.043));
#5052=CARTESIAN_POINT('',(0.047,0.0151071673751346,-0.051));
#5053=CARTESIAN_POINT('',(0.047,0.0196079650000001,-0.052));
#5054=CARTESIAN_POINT('',(0.047,0.0196079650000001,-0.043));
#5055=CARTESIAN_POINT('',(0.047,0.0196079650000001,-0.051));
#5056=CARTESIAN_POINT('',(-0.047,-0.0151071673751346,-0.052));
#5057=CARTESIAN_POINT('',(-0.047,-0.0151071673751346,-0.043));
#5058=CARTESIAN_POINT('',(-0.047,-0.0151071673751346,-0.051));
#5059=CARTESIAN_POINT('',(-0.048170866501643,2.60208521396521E-18,-0.052));
#5060=CARTESIAN_POINT('',(-0.048170866501643,2.60208521396521E-18,-0.043));
#5061=CARTESIAN_POINT('',(-0.048170866501643,2.60208521396521E-18,-0.051));
#5062=CARTESIAN_POINT('',(-0.047,0.0151071673751346,-0.052));
#5063=CARTESIAN_POINT('',(-0.047,0.0151071673751346,-0.043));
#5064=CARTESIAN_POINT('',(-0.047,0.0151071673751346,-0.051));
#5065=CARTESIAN_POINT('',(-0.047,0.019607965,-0.052));
#5066=CARTESIAN_POINT('',(-0.047,0.019607965,-0.043));
#5067=CARTESIAN_POINT('',(-0.047,0.019607965,-0.051));
#5068=CARTESIAN_POINT('',(4.28386790326687E-18,-0.021607965,-0.051));
#5069=CARTESIAN_POINT('',(-0.047,-0.021607965,-0.051));
#5070=CARTESIAN_POINT('',(0.047,-0.021607965,-0.051));
#5071=CARTESIAN_POINT('',(0.047,-0.019607965,-0.051));
#5072=CARTESIAN_POINT('',(0.049,-0.019607965,-0.051));
#5073=CARTESIAN_POINT('',(0.049,-0.018607965,-0.051));
#5074=CARTESIAN_POINT('',(0.049,-0.0151071673751346,-0.051));
#5075=CARTESIAN_POINT('',(0.047,-0.0151071673751346,-0.051));
#5076=CARTESIAN_POINT('',(0.0488922272498357,-0.0144594976792407,-0.051));
#5077=CARTESIAN_POINT('',(0.0465538863750822,-0.00762781734794694,-0.051));
#5078=CARTESIAN_POINT('',(0.0443864120019716,-0.00129533939178776,-0.051));
#5079=CARTESIAN_POINT('',(0.048170866501643,-4.33680868994202E-18,-0.051));
#5080=CARTESIAN_POINT('',(0.0443864120019716,0.00129533939178775,-0.051));
#5081=CARTESIAN_POINT('',(0.0465538863750822,0.00762781734794694,-0.051));
#5082=CARTESIAN_POINT('',(0.0488922272498357,0.0144594976792407,-0.051));
#5083=CARTESIAN_POINT('',(0.047,0.0151071673751346,-0.051));
#5084=CARTESIAN_POINT('',(0.049,0.0151071673751346,-0.051));
#5085=CARTESIAN_POINT('',(0.049,0.018607965,-0.051));
#5086=CARTESIAN_POINT('',(0.049,0.0196079650000001,-0.051));
#5087=CARTESIAN_POINT('',(0.047,0.0196079650000001,-0.051));
#5088=CARTESIAN_POINT('',(0.047,0.021607965,-0.051));
#5089=CARTESIAN_POINT('',(2.42861286636753E-19,0.021607965,-0.051));
#5090=CARTESIAN_POINT('',(-0.047,0.021607965,-0.051));
#5091=CARTESIAN_POINT('',(-0.047,0.019607965,-0.051));
#5092=CARTESIAN_POINT('',(-0.049,0.019607965,-0.051));
#5093=CARTESIAN_POINT('',(-0.049,1.04083408558608E-17,-0.051));
#5094=CARTESIAN_POINT('',(-0.049,0.0151071673751346,-0.051));
#5095=CARTESIAN_POINT('',(-0.047,0.0151071673751346,-0.051));
#5096=CARTESIAN_POINT('',(-0.0488922272498357,0.0144594976792407,-0.051));
#5097=CARTESIAN_POINT('',(-0.0393347809815653,-0.013463470436014,-0.051));
#5098=CARTESIAN_POINT('',(-0.0443864120019716,0.00129533939178777,-0.051));
#5099=CARTESIAN_POINT('',(-0.048170866501643,2.60208521396521E-18,-0.051));
#5100=CARTESIAN_POINT('',(-0.0443864120019716,-0.00129533939178776,-0.051));
#5101=CARTESIAN_POINT('',(-0.0393347809815653,0.013463470436014,-0.051));
#5102=CARTESIAN_POINT('',(-0.0488922272498357,-0.0144594976792407,-0.051));
#5103=CARTESIAN_POINT('',(-0.047,-0.0151071673751346,-0.051));
#5104=CARTESIAN_POINT('',(-0.049,-0.0151071673751346,-0.051));
#5105=CARTESIAN_POINT('',(-0.049,1.04083408558608E-17,-0.051));
#5106=CARTESIAN_POINT('',(-0.049,-0.019607965,-0.051));
#5107=CARTESIAN_POINT('',(-0.047,-0.019607965,-0.051));
#5108=CARTESIAN_POINT('',(0.0325,-0.021607965,-0.043));
#5109=CARTESIAN_POINT('',(0.047,-0.019607965,-0.043));
#5110=CARTESIAN_POINT('',(0.049,-0.019607965,-0.043));
#5111=CARTESIAN_POINT('',(0.049,1.04083408558608E-17,-0.043));
#5112=CARTESIAN_POINT('',(0.049,-0.0151071673751346,-0.043));
#5113=CARTESIAN_POINT('',(0.047,-0.0151071673751346,-0.043));
#5114=CARTESIAN_POINT('',(0.0488922272498357,-0.0144594976792407,-0.043));
#5115=CARTESIAN_POINT('',(0.0393347809815653,0.013463470436014,-0.043));
#5116=CARTESIAN_POINT('',(0.0443864120019716,-0.00129533939178776,-0.043));
#5117=CARTESIAN_POINT('',(0.048170866501643,-4.33680868994202E-18,-0.043));
#5118=CARTESIAN_POINT('',(0.0443864120019716,0.00129533939178775,-0.043));
#5119=CARTESIAN_POINT('',(0.0393347809815653,-0.013463470436014,-0.043));
#5120=CARTESIAN_POINT('',(0.0488922272498357,0.0144594976792407,-0.043));
#5121=CARTESIAN_POINT('',(0.047,0.0151071673751346,-0.043));
#5122=CARTESIAN_POINT('',(0.049,0.0151071673751346,-0.043));
#5123=CARTESIAN_POINT('',(0.049,1.04083408558608E-17,-0.043));
#5124=CARTESIAN_POINT('',(0.049,0.0196079650000001,-0.043));
#5125=CARTESIAN_POINT('',(0.047,0.0196079650000001,-0.043));
#5126=CARTESIAN_POINT('',(-0.047,0.019607965,-0.043));
#5127=CARTESIAN_POINT('',(-0.049,0.019607965,-0.043));
#5128=CARTESIAN_POINT('',(-0.049,0.018607965,-0.043));
#5129=CARTESIAN_POINT('',(-0.049,0.0151071673751346,-0.043));
#5130=CARTESIAN_POINT('',(-0.047,0.0151071673751346,-0.043));
#5131=CARTESIAN_POINT('',(-0.0488922272498357,0.0144594976792407,-0.043));
#5132=CARTESIAN_POINT('',(-0.0465538863750822,0.00762781734794694,-0.043));
#5133=CARTESIAN_POINT('',(-0.0443864120019716,0.00129533939178777,-0.043));
#5134=CARTESIAN_POINT('',(-0.048170866501643,2.60208521396521E-18,-0.043));
#5135=CARTESIAN_POINT('',(-0.0443864120019716,-0.00129533939178776,-0.043));
#5136=CARTESIAN_POINT('',(-0.0465538863750822,-0.00762781734794694,-0.043));
#5137=CARTESIAN_POINT('',(-0.0488922272498357,-0.0144594976792407,-0.043));
#5138=CARTESIAN_POINT('',(-0.047,-0.0151071673751346,-0.043));
#5139=CARTESIAN_POINT('',(-0.049,-0.0151071673751346,-0.043));
#5140=CARTESIAN_POINT('',(-0.049,-0.018607965,-0.043));
#5141=CARTESIAN_POINT('',(-0.049,-0.019607965,-0.043));
#5142=CARTESIAN_POINT('',(-0.047,-0.019607965,-0.043));
#5143=MECHANICAL_DESIGN_GEOMETRIC_PRESENTATION_REPRESENTATION('',(#2930),
#5144);
#5144=(
GEOMETRIC_REPRESENTATION_CONTEXT(3)
GLOBAL_UNCERTAINTY_ASSIGNED_CONTEXT((#5145))
GLOBAL_UNIT_ASSIGNED_CONTEXT((#5148,#5147,#5146))
REPRESENTATION_CONTEXT('End Plate','TOP_LEVEL_ASSEMBLY_PART')
);
#5145=UNCERTAINTY_MEASURE_WITH_UNIT(LENGTH_MEASURE(1.E-8),#5148,
'DISTANCE_ACCURACY_VALUE','Maximum Tolerance applied to model');
#5146=(
NAMED_UNIT(*)
SI_UNIT($,.STERADIAN.)
SOLID_ANGLE_UNIT()
);
#5147=(
NAMED_UNIT(*)
PLANE_ANGLE_UNIT()
SI_UNIT($,.RADIAN.)
);
#5148=(
LENGTH_UNIT()
NAMED_UNIT(*)
SI_UNIT($,.METRE.)
);
#5149=PRODUCT_DEFINITION_SHAPE('','',#5150);
#5150=PRODUCT_DEFINITION('','',#5152,#5151);
#5151=PRODUCT_DEFINITION_CONTEXT('',#5158,'design');
#5152=PRODUCT_DEFINITION_FORMATION_WITH_SPECIFIED_SOURCE('','',#5154,
 .NOT_KNOWN.);
#5153=PRODUCT_RELATED_PRODUCT_CATEGORY('','',(#5154));
#5154=PRODUCT('End Plate','End Plate','End Plate',(#5156));
#5155=PRODUCT_CATEGORY('','');
#5156=PRODUCT_CONTEXT('',#5158,'mechanical');
#5157=APPLICATION_PROTOCOL_DEFINITION('international standard',
'ap242_managed_model_based_3d_engineering',2020,#5158);
#5158=APPLICATION_CONTEXT('managed model based 3d engineering');
ENDSEC;
END-ISO-10303-21;
