ISO-10303-21;
HEADER;
/* Generated by software containing ST-Developer
 * from STEP Tools, Inc. (www.steptools.com) 
 */
/* OPTION: using custom renumber hook */

FILE_DESCRIPTION(
/* description */ ('STEP AP242 Edition 2',
'CAx-IF Rec.Pracs.---Representation and Presentation of Product Manufa
cturing Information (PMI)---4.0---2014-10-13',
'CAx-IF Rec.Pracs.---3D Tessellated Geometry---0.4---2014-09-14','2;1',
'CAx-IF Rec.Pracs.---User Defined Attributes---1.5---2016-08-15'),
/* implementation_level */ '2;1');

FILE_NAME(
/* name */ 'Plot Platter Part Studio - End Plate Electronics',
/* time_stamp */ '2026-08-02T03:40:30Z',
/* author */ (''),
/* organization */ (''),
/* preprocessor_version */ 'ST-DEVELOPER v20',
/* originating_system */ 'ONSHAPE BY PTC INC, 1.218',
/* authorisation */ '  ');

FILE_SCHEMA (('AP242_MANAGED_MODEL_BASED_3D_ENGINEERING_MIM_LF { 1 0 10303 442 3 1 4 }'));
ENDSEC;

DATA;
#10=SHAPE_REPRESENTATION_RELATIONSHIP('','',#2814,#11);
#11=ADVANCED_BREP_SHAPE_REPRESENTATION('',(#2812),#4936);
#12=TOROIDAL_SURFACE('',#2920,0.002,0.001);
#13=TOROIDAL_SURFACE('',#2924,0.002,0.001);
#14=TOROIDAL_SURFACE('',#2928,0.004,0.001);
#15=TOROIDAL_SURFACE('',#2932,0.002,0.001);
#16=TOROIDAL_SURFACE('',#2936,0.002,0.001);
#17=TOROIDAL_SURFACE('',#2940,0.002,0.001);
#18=TOROIDAL_SURFACE('',#2944,0.002,0.001);
#19=TOROIDAL_SURFACE('',#2948,0.004,0.001);
#20=TOROIDAL_SURFACE('',#2952,0.002,0.001);
#21=TOROIDAL_SURFACE('',#2956,0.002,0.001);
#22=TOROIDAL_SURFACE('',#2963,0.002,0.001);
#23=TOROIDAL_SURFACE('',#2967,0.002,0.001);
#24=TOROIDAL_SURFACE('',#2971,0.004,0.001);
#25=TOROIDAL_SURFACE('',#2975,0.002,0.001);
#26=TOROIDAL_SURFACE('',#2979,0.002,0.001);
#27=TOROIDAL_SURFACE('',#2980,0.002,0.001);
#28=TOROIDAL_SURFACE('',#2984,0.002,0.001);
#29=TOROIDAL_SURFACE('',#2988,0.004,0.001);
#30=TOROIDAL_SURFACE('',#2992,0.002,0.001);
#31=TOROIDAL_SURFACE('',#2996,0.002,0.001);
#32=TOROIDAL_SURFACE('',#3102,0.002,0.001);
#33=TOROIDAL_SURFACE('',#3106,0.002,0.001);
#34=TOROIDAL_SURFACE('',#3110,0.004,0.001);
#35=TOROIDAL_SURFACE('',#3114,0.002,0.001);
#36=TOROIDAL_SURFACE('',#3118,0.002,0.001);
#37=TOROIDAL_SURFACE('',#3122,0.002,0.001);
#38=TOROIDAL_SURFACE('',#3126,0.002,0.001);
#39=TOROIDAL_SURFACE('',#3130,0.004,0.001);
#40=TOROIDAL_SURFACE('',#3134,0.002,0.001);
#41=TOROIDAL_SURFACE('',#3138,0.002,0.001);
#42=TOROIDAL_SURFACE('',#3140,0.002,0.001);
#43=TOROIDAL_SURFACE('',#3144,0.002,0.001);
#44=TOROIDAL_SURFACE('',#3148,0.004,0.001);
#45=TOROIDAL_SURFACE('',#3152,0.002,0.001);
#46=TOROIDAL_SURFACE('',#3156,0.002,0.001);
#47=TOROIDAL_SURFACE('',#3157,0.002,0.001);
#48=TOROIDAL_SURFACE('',#3161,0.002,0.001);
#49=TOROIDAL_SURFACE('',#3165,0.004,0.001);
#50=TOROIDAL_SURFACE('',#3169,0.002,0.001);
#51=TOROIDAL_SURFACE('',#3173,0.002,0.001);
#52=ELLIPSE('',#2844,0.00141421356237309,0.001);
#53=ELLIPSE('',#2847,0.00141421356237309,0.001);
#54=ELLIPSE('',#2850,0.00141421356237309,0.001);
#55=ELLIPSE('',#2855,0.00141421356237309,0.001);
#56=ELLIPSE('',#2961,0.00141421356237309,0.001);
#57=ELLIPSE('',#2962,0.00141421356237309,0.001);
#58=ELLIPSE('',#2998,0.00282842712474619,0.002);
#59=ELLIPSE('',#2999,0.00282842712474619,0.002);
#60=ELLIPSE('',#3001,0.00282842712474619,0.002);
#61=ELLIPSE('',#3003,0.00282842712474619,0.002);
#62=ELLIPSE('',#3005,0.00282842712474619,0.002);
#63=ELLIPSE('',#3006,0.00282842712474619,0.002);
#64=ELLIPSE('',#3008,0.00282842712474619,0.002);
#65=ELLIPSE('',#3010,0.00282842712474619,0.002);
#66=ELLIPSE('',#3018,0.00141421356237309,0.001);
#67=ELLIPSE('',#3020,0.00141421356237309,0.001);
#68=ELLIPSE('',#3022,0.00141421356237309,0.001);
#69=ELLIPSE('',#3024,0.00141421356237309,0.001);
#70=ELLIPSE('',#3026,0.00141421356237309,0.001);
#71=ELLIPSE('',#3028,0.00141421356237309,0.001);
#72=CYLINDRICAL_SURFACE('',#2842,0.001);
#73=CYLINDRICAL_SURFACE('',#2845,0.001);
#74=CYLINDRICAL_SURFACE('',#2848,0.001);
#75=CYLINDRICAL_SURFACE('',#2853,0.001);
#76=CYLINDRICAL_SURFACE('',#2884,0.003);
#77=CYLINDRICAL_SURFACE('',#2887,0.003);
#78=CYLINDRICAL_SURFACE('',#2890,0.003);
#79=CYLINDRICAL_SURFACE('',#2893,0.003);
#80=CYLINDRICAL_SURFACE('',#2896,0.003);
#81=CYLINDRICAL_SURFACE('',#2899,0.003);
#82=CYLINDRICAL_SURFACE('',#2902,0.003);
#83=CYLINDRICAL_SURFACE('',#2905,0.003);
#84=CYLINDRICAL_SURFACE('',#2908,0.003);
#85=CYLINDRICAL_SURFACE('',#2911,0.003);
#86=CYLINDRICAL_SURFACE('',#2917,0.001);
#87=CYLINDRICAL_SURFACE('',#2922,0.001);
#88=CYLINDRICAL_SURFACE('',#2926,0.001);
#89=CYLINDRICAL_SURFACE('',#2930,0.001);
#90=CYLINDRICAL_SURFACE('',#2934,0.001);
#91=CYLINDRICAL_SURFACE('',#2938,0.001);
#92=CYLINDRICAL_SURFACE('',#2942,0.001);
#93=CYLINDRICAL_SURFACE('',#2946,0.001);
#94=CYLINDRICAL_SURFACE('',#2950,0.001);
#95=CYLINDRICAL_SURFACE('',#2954,0.001);
#96=CYLINDRICAL_SURFACE('',#2958,0.001);
#97=CYLINDRICAL_SURFACE('',#2960,0.001);
#98=CYLINDRICAL_SURFACE('',#2965,0.001);
#99=CYLINDRICAL_SURFACE('',#2969,0.001);
#100=CYLINDRICAL_SURFACE('',#2973,0.001);
#101=CYLINDRICAL_SURFACE('',#2977,0.001);
#102=CYLINDRICAL_SURFACE('',#2982,0.001);
#103=CYLINDRICAL_SURFACE('',#2986,0.001);
#104=CYLINDRICAL_SURFACE('',#2990,0.001);
#105=CYLINDRICAL_SURFACE('',#2994,0.001);
#106=CYLINDRICAL_SURFACE('',#2997,0.002);
#107=CYLINDRICAL_SURFACE('',#3000,0.002);
#108=CYLINDRICAL_SURFACE('',#3002,0.002);
#109=CYLINDRICAL_SURFACE('',#3004,0.002);
#110=CYLINDRICAL_SURFACE('',#3007,0.002);
#111=CYLINDRICAL_SURFACE('',#3009,0.002);
#112=CYLINDRICAL_SURFACE('',#3011,0.002);
#113=CYLINDRICAL_SURFACE('',#3012,0.00175);
#114=CYLINDRICAL_SURFACE('',#3013,0.00175);
#115=CYLINDRICAL_SURFACE('',#3014,0.00175);
#116=CYLINDRICAL_SURFACE('',#3015,0.00175);
#117=CYLINDRICAL_SURFACE('',#3016,0.012);
#118=CYLINDRICAL_SURFACE('',#3017,0.001);
#119=CYLINDRICAL_SURFACE('',#3019,0.001);
#120=CYLINDRICAL_SURFACE('',#3021,0.001);
#121=CYLINDRICAL_SURFACE('',#3023,0.001);
#122=CYLINDRICAL_SURFACE('',#3025,0.001);
#123=CYLINDRICAL_SURFACE('',#3027,0.001);
#124=CYLINDRICAL_SURFACE('',#3041,0.001);
#125=CYLINDRICAL_SURFACE('',#3043,0.001);
#126=CYLINDRICAL_SURFACE('',#3045,0.001);
#127=CYLINDRICAL_SURFACE('',#3048,0.001);
#128=CYLINDRICAL_SURFACE('',#3069,0.003);
#129=CYLINDRICAL_SURFACE('',#3072,0.003);
#130=CYLINDRICAL_SURFACE('',#3075,0.003);
#131=CYLINDRICAL_SURFACE('',#3078,0.003);
#132=CYLINDRICAL_SURFACE('',#3081,0.003);
#133=CYLINDRICAL_SURFACE('',#3084,0.003);
#134=CYLINDRICAL_SURFACE('',#3087,0.003);
#135=CYLINDRICAL_SURFACE('',#3090,0.003);
#136=CYLINDRICAL_SURFACE('',#3093,0.003);
#137=CYLINDRICAL_SURFACE('',#3096,0.003);
#138=CYLINDRICAL_SURFACE('',#3099,0.001);
#139=CYLINDRICAL_SURFACE('',#3104,0.001);
#140=CYLINDRICAL_SURFACE('',#3108,0.001);
#141=CYLINDRICAL_SURFACE('',#3112,0.001);
#142=CYLINDRICAL_SURFACE('',#3116,0.001);
#143=CYLINDRICAL_SURFACE('',#3120,0.001);
#144=CYLINDRICAL_SURFACE('',#3124,0.001);
#145=CYLINDRICAL_SURFACE('',#3128,0.001);
#146=CYLINDRICAL_SURFACE('',#3132,0.001);
#147=CYLINDRICAL_SURFACE('',#3136,0.001);
#148=CYLINDRICAL_SURFACE('',#3139,0.001);
#149=CYLINDRICAL_SURFACE('',#3142,0.001);
#150=CYLINDRICAL_SURFACE('',#3146,0.001);
#151=CYLINDRICAL_SURFACE('',#3150,0.001);
#152=CYLINDRICAL_SURFACE('',#3154,0.001);
#153=CYLINDRICAL_SURFACE('',#3159,0.001);
#154=CYLINDRICAL_SURFACE('',#3163,0.001);
#155=CYLINDRICAL_SURFACE('',#3167,0.001);
#156=CYLINDRICAL_SURFACE('',#3171,0.001);
#157=CYLINDRICAL_SURFACE('',#3176,0.002);
#158=CYLINDRICAL_SURFACE('',#3177,0.0016);
#159=CIRCLE('',#2819,0.0016);
#160=CIRCLE('',#2821,0.012);
#161=CIRCLE('',#2822,0.00175);
#162=CIRCLE('',#2823,0.00175);
#163=CIRCLE('',#2824,0.00175);
#164=CIRCLE('',#2825,0.00175);
#165=CIRCLE('',#2831,0.002);
#166=CIRCLE('',#2832,0.002);
#167=CIRCLE('',#2833,0.004);
#168=CIRCLE('',#2834,0.002);
#169=CIRCLE('',#2835,0.002);
#170=CIRCLE('',#2837,0.002);
#171=CIRCLE('',#2838,0.002);
#172=CIRCLE('',#2839,0.004);
#173=CIRCLE('',#2840,0.002);
#174=CIRCLE('',#2841,0.002);
#175=CIRCLE('',#2843,0.001);
#176=CIRCLE('',#2846,0.001);
#177=CIRCLE('',#2849,0.001);
#178=CIRCLE('',#2852,0.0016);
#179=CIRCLE('',#2854,0.001);
#180=CIRCLE('',#2868,0.00175);
#181=CIRCLE('',#2869,0.00175);
#182=CIRCLE('',#2870,0.00175);
#183=CIRCLE('',#2871,0.00175);
#184=CIRCLE('',#2872,0.012);
#185=CIRCLE('',#2874,0.002);
#186=CIRCLE('',#2875,0.002);
#187=CIRCLE('',#2876,0.002);
#188=CIRCLE('',#2877,0.004);
#189=CIRCLE('',#2878,0.002);
#190=CIRCLE('',#2879,0.002);
#191=CIRCLE('',#2880,0.002);
#192=CIRCLE('',#2881,0.002);
#193=CIRCLE('',#2882,0.004);
#194=CIRCLE('',#2883,0.002);
#195=CIRCLE('',#2885,0.003);
#196=CIRCLE('',#2886,0.003);
#197=CIRCLE('',#2888,0.003);
#198=CIRCLE('',#2889,0.003);
#199=CIRCLE('',#2891,0.003);
#200=CIRCLE('',#2892,0.003);
#201=CIRCLE('',#2894,0.003);
#202=CIRCLE('',#2895,0.003);
#203=CIRCLE('',#2897,0.003);
#204=CIRCLE('',#2898,0.003);
#205=CIRCLE('',#2900,0.003);
#206=CIRCLE('',#2901,0.003);
#207=CIRCLE('',#2903,0.003);
#208=CIRCLE('',#2904,0.003);
#209=CIRCLE('',#2906,0.003);
#210=CIRCLE('',#2907,0.003);
#211=CIRCLE('',#2909,0.003);
#212=CIRCLE('',#2910,0.003);
#213=CIRCLE('',#2912,0.003);
#214=CIRCLE('',#2913,0.003);
#215=CIRCLE('',#2918,0.001);
#216=CIRCLE('',#2919,0.001);
#217=CIRCLE('',#2921,0.001);
#218=CIRCLE('',#2923,0.001);
#219=CIRCLE('',#2925,0.001);
#220=CIRCLE('',#2927,0.001);
#221=CIRCLE('',#2929,0.001);
#222=CIRCLE('',#2931,0.001);
#223=CIRCLE('',#2933,0.001);
#224=CIRCLE('',#2935,0.001);
#225=CIRCLE('',#2937,0.001);
#226=CIRCLE('',#2939,0.001);
#227=CIRCLE('',#2941,0.001);
#228=CIRCLE('',#2943,0.001);
#229=CIRCLE('',#2945,0.001);
#230=CIRCLE('',#2947,0.001);
#231=CIRCLE('',#2949,0.001);
#232=CIRCLE('',#2951,0.001);
#233=CIRCLE('',#2953,0.001);
#234=CIRCLE('',#2955,0.001);
#235=CIRCLE('',#2957,0.001);
#236=CIRCLE('',#2959,0.001);
#237=CIRCLE('',#2964,0.001);
#238=CIRCLE('',#2966,0.001);
#239=CIRCLE('',#2968,0.001);
#240=CIRCLE('',#2970,0.001);
#241=CIRCLE('',#2972,0.001);
#242=CIRCLE('',#2974,0.001);
#243=CIRCLE('',#2976,0.001);
#244=CIRCLE('',#2978,0.001);
#245=CIRCLE('',#2981,0.001);
#246=CIRCLE('',#2983,0.001);
#247=CIRCLE('',#2985,0.001);
#248=CIRCLE('',#2987,0.001);
#249=CIRCLE('',#2989,0.001);
#250=CIRCLE('',#2991,0.001);
#251=CIRCLE('',#2993,0.001);
#252=CIRCLE('',#2995,0.001);
#253=CIRCLE('',#3030,0.002);
#254=CIRCLE('',#3031,0.002);
#255=CIRCLE('',#3032,0.004);
#256=CIRCLE('',#3033,0.002);
#257=CIRCLE('',#3034,0.002);
#258=CIRCLE('',#3036,0.002);
#259=CIRCLE('',#3037,0.002);
#260=CIRCLE('',#3038,0.004);
#261=CIRCLE('',#3039,0.002);
#262=CIRCLE('',#3040,0.002);
#263=CIRCLE('',#3042,0.001);
#264=CIRCLE('',#3044,0.001);
#265=CIRCLE('',#3046,0.001);
#266=CIRCLE('',#3049,0.001);
#267=CIRCLE('',#3059,0.002);
#268=CIRCLE('',#3060,0.002);
#269=CIRCLE('',#3061,0.004);
#270=CIRCLE('',#3062,0.002);
#271=CIRCLE('',#3063,0.002);
#272=CIRCLE('',#3064,0.002);
#273=CIRCLE('',#3065,0.002);
#274=CIRCLE('',#3066,0.004);
#275=CIRCLE('',#3067,0.002);
#276=CIRCLE('',#3068,0.002);
#277=CIRCLE('',#3070,0.003);
#278=CIRCLE('',#3071,0.003);
#279=CIRCLE('',#3073,0.003);
#280=CIRCLE('',#3074,0.003);
#281=CIRCLE('',#3076,0.003);
#282=CIRCLE('',#3077,0.003);
#283=CIRCLE('',#3079,0.003);
#284=CIRCLE('',#3080,0.003);
#285=CIRCLE('',#3082,0.003);
#286=CIRCLE('',#3083,0.003);
#287=CIRCLE('',#3085,0.003);
#288=CIRCLE('',#3086,0.003);
#289=CIRCLE('',#3088,0.003);
#290=CIRCLE('',#3089,0.003);
#291=CIRCLE('',#3091,0.003);
#292=CIRCLE('',#3092,0.003);
#293=CIRCLE('',#3094,0.003);
#294=CIRCLE('',#3095,0.003);
#295=CIRCLE('',#3097,0.003);
#296=CIRCLE('',#3098,0.003);
#297=CIRCLE('',#3100,0.001);
#298=CIRCLE('',#3101,0.001);
#299=CIRCLE('',#3103,0.001);
#300=CIRCLE('',#3105,0.001);
#301=CIRCLE('',#3107,0.001);
#302=CIRCLE('',#3109,0.001);
#303=CIRCLE('',#3111,0.001);
#304=CIRCLE('',#3113,0.001);
#305=CIRCLE('',#3115,0.001);
#306=CIRCLE('',#3117,0.001);
#307=CIRCLE('',#3119,0.001);
#308=CIRCLE('',#3121,0.001);
#309=CIRCLE('',#3123,0.001);
#310=CIRCLE('',#3125,0.001);
#311=CIRCLE('',#3127,0.001);
#312=CIRCLE('',#3129,0.001);
#313=CIRCLE('',#3131,0.001);
#314=CIRCLE('',#3133,0.001);
#315=CIRCLE('',#3135,0.001);
#316=CIRCLE('',#3137,0.001);
#317=CIRCLE('',#3141,0.001);
#318=CIRCLE('',#3143,0.001);
#319=CIRCLE('',#3145,0.001);
#320=CIRCLE('',#3147,0.001);
#321=CIRCLE('',#3149,0.001);
#322=CIRCLE('',#3151,0.001);
#323=CIRCLE('',#3153,0.001);
#324=CIRCLE('',#3155,0.001);
#325=CIRCLE('',#3158,0.001);
#326=CIRCLE('',#3160,0.001);
#327=CIRCLE('',#3162,0.001);
#328=CIRCLE('',#3164,0.001);
#329=CIRCLE('',#3166,0.001);
#330=CIRCLE('',#3168,0.001);
#331=CIRCLE('',#3170,0.001);
#332=CIRCLE('',#3172,0.001);
#333=ORIENTED_EDGE('',*,*,#1143,.F.);
#334=ORIENTED_EDGE('',*,*,#1144,.T.);
#335=ORIENTED_EDGE('',*,*,#1145,.F.);
#336=ORIENTED_EDGE('',*,*,#1146,.F.);
#337=ORIENTED_EDGE('',*,*,#1147,.F.);
#338=ORIENTED_EDGE('',*,*,#1148,.F.);
#339=ORIENTED_EDGE('',*,*,#1149,.T.);
#340=ORIENTED_EDGE('',*,*,#1150,.F.);
#341=ORIENTED_EDGE('',*,*,#1151,.F.);
#342=ORIENTED_EDGE('',*,*,#1152,.F.);
#343=ORIENTED_EDGE('',*,*,#1146,.T.);
#344=ORIENTED_EDGE('',*,*,#1153,.F.);
#345=ORIENTED_EDGE('',*,*,#1149,.F.);
#346=ORIENTED_EDGE('',*,*,#1154,.F.);
#347=ORIENTED_EDGE('',*,*,#1155,.F.);
#348=ORIENTED_EDGE('',*,*,#1156,.F.);
#349=ORIENTED_EDGE('',*,*,#1157,.F.);
#350=ORIENTED_EDGE('',*,*,#1158,.F.);
#351=ORIENTED_EDGE('',*,*,#1159,.T.);
#352=ORIENTED_EDGE('',*,*,#1160,.F.);
#353=ORIENTED_EDGE('',*,*,#1161,.F.);
#354=ORIENTED_EDGE('',*,*,#1162,.T.);
#355=ORIENTED_EDGE('',*,*,#1163,.F.);
#356=ORIENTED_EDGE('',*,*,#1164,.T.);
#357=ORIENTED_EDGE('',*,*,#1160,.T.);
#358=ORIENTED_EDGE('',*,*,#1165,.F.);
#359=ORIENTED_EDGE('',*,*,#1166,.F.);
#360=ORIENTED_EDGE('',*,*,#1167,.T.);
#361=ORIENTED_EDGE('',*,*,#1168,.F.);
#362=ORIENTED_EDGE('',*,*,#1169,.F.);
#363=ORIENTED_EDGE('',*,*,#1162,.F.);
#364=ORIENTED_EDGE('',*,*,#1170,.T.);
#365=ORIENTED_EDGE('',*,*,#1171,.F.);
#366=ORIENTED_EDGE('',*,*,#1172,.F.);
#367=ORIENTED_EDGE('',*,*,#1173,.T.);
#368=ORIENTED_EDGE('',*,*,#1174,.F.);
#369=ORIENTED_EDGE('',*,*,#1175,.F.);
#370=ORIENTED_EDGE('',*,*,#1176,.F.);
#371=ORIENTED_EDGE('',*,*,#1177,.F.);
#372=ORIENTED_EDGE('',*,*,#1178,.F.);
#373=ORIENTED_EDGE('',*,*,#1179,.F.);
#374=ORIENTED_EDGE('',*,*,#1180,.F.);
#375=ORIENTED_EDGE('',*,*,#1181,.F.);
#376=ORIENTED_EDGE('',*,*,#1182,.F.);
#377=ORIENTED_EDGE('',*,*,#1183,.F.);
#378=ORIENTED_EDGE('',*,*,#1184,.F.);
#379=ORIENTED_EDGE('',*,*,#1185,.F.);
#380=ORIENTED_EDGE('',*,*,#1186,.F.);
#381=ORIENTED_EDGE('',*,*,#1187,.F.);
#382=ORIENTED_EDGE('',*,*,#1167,.F.);
#383=ORIENTED_EDGE('',*,*,#1175,.T.);
#384=ORIENTED_EDGE('',*,*,#1188,.F.);
#385=ORIENTED_EDGE('',*,*,#1189,.F.);
#386=ORIENTED_EDGE('',*,*,#1190,.F.);
#387=ORIENTED_EDGE('',*,*,#1191,.F.);
#388=ORIENTED_EDGE('',*,*,#1192,.F.);
#389=ORIENTED_EDGE('',*,*,#1193,.F.);
#390=ORIENTED_EDGE('',*,*,#1194,.F.);
#391=ORIENTED_EDGE('',*,*,#1195,.F.);
#392=ORIENTED_EDGE('',*,*,#1196,.F.);
#393=ORIENTED_EDGE('',*,*,#1197,.F.);
#394=ORIENTED_EDGE('',*,*,#1198,.F.);
#395=ORIENTED_EDGE('',*,*,#1199,.T.);
#396=ORIENTED_EDGE('',*,*,#1200,.T.);
#397=ORIENTED_EDGE('',*,*,#1188,.T.);
#398=ORIENTED_EDGE('',*,*,#1201,.F.);
#399=ORIENTED_EDGE('',*,*,#1198,.T.);
#400=ORIENTED_EDGE('',*,*,#1202,.F.);
#401=ORIENTED_EDGE('',*,*,#1203,.T.);
#402=ORIENTED_EDGE('',*,*,#1204,.F.);
#403=ORIENTED_EDGE('',*,*,#1187,.T.);
#404=ORIENTED_EDGE('',*,*,#1205,.F.);
#405=ORIENTED_EDGE('',*,*,#1206,.T.);
#406=ORIENTED_EDGE('',*,*,#1207,.F.);
#407=ORIENTED_EDGE('',*,*,#1208,.T.);
#408=ORIENTED_EDGE('',*,*,#1209,.F.);
#409=ORIENTED_EDGE('',*,*,#1210,.T.);
#410=ORIENTED_EDGE('',*,*,#1211,.F.);
#411=ORIENTED_EDGE('',*,*,#1212,.F.);
#412=ORIENTED_EDGE('',*,*,#1213,.F.);
#413=ORIENTED_EDGE('',*,*,#1214,.T.);
#414=ORIENTED_EDGE('',*,*,#1215,.F.);
#415=ORIENTED_EDGE('',*,*,#1170,.F.);
#416=ORIENTED_EDGE('',*,*,#1161,.T.);
#417=ORIENTED_EDGE('',*,*,#1164,.F.);
#418=ORIENTED_EDGE('',*,*,#1216,.T.);
#419=ORIENTED_EDGE('',*,*,#1217,.T.);
#420=ORIENTED_EDGE('',*,*,#1177,.T.);
#421=ORIENTED_EDGE('',*,*,#1218,.F.);
#422=ORIENTED_EDGE('',*,*,#1152,.T.);
#423=ORIENTED_EDGE('',*,*,#1148,.T.);
#424=ORIENTED_EDGE('',*,*,#1219,.T.);
#425=ORIENTED_EDGE('',*,*,#1143,.T.);
#426=ORIENTED_EDGE('',*,*,#1220,.T.);
#427=ORIENTED_EDGE('',*,*,#1221,.T.);
#428=ORIENTED_EDGE('',*,*,#1222,.F.);
#429=ORIENTED_EDGE('',*,*,#1223,.T.);
#430=ORIENTED_EDGE('',*,*,#1224,.F.);
#431=ORIENTED_EDGE('',*,*,#1225,.T.);
#432=ORIENTED_EDGE('',*,*,#1226,.F.);
#433=ORIENTED_EDGE('',*,*,#1227,.F.);
#434=ORIENTED_EDGE('',*,*,#1228,.F.);
#435=ORIENTED_EDGE('',*,*,#1229,.F.);
#436=ORIENTED_EDGE('',*,*,#1230,.F.);
#437=ORIENTED_EDGE('',*,*,#1231,.F.);
#438=ORIENTED_EDGE('',*,*,#1232,.F.);
#439=ORIENTED_EDGE('',*,*,#1233,.F.);
#440=ORIENTED_EDGE('',*,*,#1234,.F.);
#441=ORIENTED_EDGE('',*,*,#1235,.F.);
#442=ORIENTED_EDGE('',*,*,#1236,.F.);
#443=ORIENTED_EDGE('',*,*,#1237,.F.);
#444=ORIENTED_EDGE('',*,*,#1238,.F.);
#445=ORIENTED_EDGE('',*,*,#1239,.F.);
#446=ORIENTED_EDGE('',*,*,#1240,.F.);
#447=ORIENTED_EDGE('',*,*,#1241,.F.);
#448=ORIENTED_EDGE('',*,*,#1242,.F.);
#449=ORIENTED_EDGE('',*,*,#1243,.T.);
#450=ORIENTED_EDGE('',*,*,#1244,.F.);
#451=ORIENTED_EDGE('',*,*,#1245,.F.);
#452=ORIENTED_EDGE('',*,*,#1246,.T.);
#453=ORIENTED_EDGE('',*,*,#1247,.F.);
#454=ORIENTED_EDGE('',*,*,#1248,.T.);
#455=ORIENTED_EDGE('',*,*,#1249,.F.);
#456=ORIENTED_EDGE('',*,*,#1250,.T.);
#457=ORIENTED_EDGE('',*,*,#1251,.T.);
#458=ORIENTED_EDGE('',*,*,#1252,.T.);
#459=ORIENTED_EDGE('',*,*,#1253,.F.);
#460=ORIENTED_EDGE('',*,*,#1206,.F.);
#461=ORIENTED_EDGE('',*,*,#1254,.F.);
#462=ORIENTED_EDGE('',*,*,#1255,.F.);
#463=ORIENTED_EDGE('',*,*,#1256,.T.);
#464=ORIENTED_EDGE('',*,*,#1257,.T.);
#465=ORIENTED_EDGE('',*,*,#1150,.T.);
#466=ORIENTED_EDGE('',*,*,#1153,.T.);
#467=ORIENTED_EDGE('',*,*,#1145,.T.);
#468=ORIENTED_EDGE('',*,*,#1258,.T.);
#469=ORIENTED_EDGE('',*,*,#1259,.F.);
#470=ORIENTED_EDGE('',*,*,#1260,.F.);
#471=ORIENTED_EDGE('',*,*,#1261,.F.);
#472=ORIENTED_EDGE('',*,*,#1199,.F.);
#473=ORIENTED_EDGE('',*,*,#1262,.F.);
#474=ORIENTED_EDGE('',*,*,#1263,.T.);
#475=ORIENTED_EDGE('',*,*,#1264,.T.);
#476=ORIENTED_EDGE('',*,*,#1265,.T.);
#477=ORIENTED_EDGE('',*,*,#1266,.F.);
#478=ORIENTED_EDGE('',*,*,#1267,.F.);
#479=ORIENTED_EDGE('',*,*,#1268,.F.);
#480=ORIENTED_EDGE('',*,*,#1269,.F.);
#481=ORIENTED_EDGE('',*,*,#1270,.F.);
#482=ORIENTED_EDGE('',*,*,#1271,.F.);
#483=ORIENTED_EDGE('',*,*,#1272,.F.);
#484=ORIENTED_EDGE('',*,*,#1273,.F.);
#485=ORIENTED_EDGE('',*,*,#1274,.F.);
#486=ORIENTED_EDGE('',*,*,#1275,.F.);
#487=ORIENTED_EDGE('',*,*,#1276,.F.);
#488=ORIENTED_EDGE('',*,*,#1277,.F.);
#489=ORIENTED_EDGE('',*,*,#1278,.F.);
#490=ORIENTED_EDGE('',*,*,#1279,.F.);
#491=ORIENTED_EDGE('',*,*,#1280,.F.);
#492=ORIENTED_EDGE('',*,*,#1281,.F.);
#493=ORIENTED_EDGE('',*,*,#1282,.F.);
#494=ORIENTED_EDGE('',*,*,#1283,.F.);
#495=ORIENTED_EDGE('',*,*,#1203,.F.);
#496=ORIENTED_EDGE('',*,*,#1284,.F.);
#497=ORIENTED_EDGE('',*,*,#1285,.F.);
#498=ORIENTED_EDGE('',*,*,#1286,.F.);
#499=ORIENTED_EDGE('',*,*,#1216,.F.);
#500=ORIENTED_EDGE('',*,*,#1287,.F.);
#501=ORIENTED_EDGE('',*,*,#1288,.T.);
#502=ORIENTED_EDGE('',*,*,#1289,.T.);
#503=ORIENTED_EDGE('',*,*,#1290,.T.);
#504=ORIENTED_EDGE('',*,*,#1291,.T.);
#505=ORIENTED_EDGE('',*,*,#1292,.T.);
#506=ORIENTED_EDGE('',*,*,#1293,.T.);
#507=ORIENTED_EDGE('',*,*,#1294,.T.);
#508=ORIENTED_EDGE('',*,*,#1295,.T.);
#509=ORIENTED_EDGE('',*,*,#1296,.T.);
#510=ORIENTED_EDGE('',*,*,#1297,.T.);
#511=ORIENTED_EDGE('',*,*,#1298,.F.);
#512=ORIENTED_EDGE('',*,*,#1299,.T.);
#513=ORIENTED_EDGE('',*,*,#1300,.F.);
#514=ORIENTED_EDGE('',*,*,#1301,.F.);
#515=ORIENTED_EDGE('',*,*,#1302,.F.);
#516=ORIENTED_EDGE('',*,*,#1303,.T.);
#517=ORIENTED_EDGE('',*,*,#1304,.F.);
#518=ORIENTED_EDGE('',*,*,#1305,.F.);
#519=ORIENTED_EDGE('',*,*,#1306,.F.);
#520=ORIENTED_EDGE('',*,*,#1307,.F.);
#521=ORIENTED_EDGE('',*,*,#1308,.F.);
#522=ORIENTED_EDGE('',*,*,#1309,.F.);
#523=ORIENTED_EDGE('',*,*,#1310,.F.);
#524=ORIENTED_EDGE('',*,*,#1311,.F.);
#525=ORIENTED_EDGE('',*,*,#1312,.F.);
#526=ORIENTED_EDGE('',*,*,#1313,.F.);
#527=ORIENTED_EDGE('',*,*,#1314,.F.);
#528=ORIENTED_EDGE('',*,*,#1315,.F.);
#529=ORIENTED_EDGE('',*,*,#1316,.T.);
#530=ORIENTED_EDGE('',*,*,#1258,.F.);
#531=ORIENTED_EDGE('',*,*,#1144,.F.);
#532=ORIENTED_EDGE('',*,*,#1219,.F.);
#533=ORIENTED_EDGE('',*,*,#1147,.T.);
#534=ORIENTED_EDGE('',*,*,#1257,.F.);
#535=ORIENTED_EDGE('',*,*,#1317,.F.);
#536=ORIENTED_EDGE('',*,*,#1318,.F.);
#537=ORIENTED_EDGE('',*,*,#1319,.F.);
#538=ORIENTED_EDGE('',*,*,#1320,.F.);
#539=ORIENTED_EDGE('',*,*,#1321,.F.);
#540=ORIENTED_EDGE('',*,*,#1322,.F.);
#541=ORIENTED_EDGE('',*,*,#1323,.F.);
#542=ORIENTED_EDGE('',*,*,#1324,.F.);
#543=ORIENTED_EDGE('',*,*,#1325,.F.);
#544=ORIENTED_EDGE('',*,*,#1326,.F.);
#545=ORIENTED_EDGE('',*,*,#1269,.T.);
#546=ORIENTED_EDGE('',*,*,#1327,.F.);
#547=ORIENTED_EDGE('',*,*,#1261,.T.);
#548=ORIENTED_EDGE('',*,*,#1328,.F.);
#549=ORIENTED_EDGE('',*,*,#1254,.T.);
#550=ORIENTED_EDGE('',*,*,#1329,.F.);
#551=ORIENTED_EDGE('',*,*,#1238,.T.);
#552=ORIENTED_EDGE('',*,*,#1330,.F.);
#553=ORIENTED_EDGE('',*,*,#1273,.T.);
#554=ORIENTED_EDGE('',*,*,#1331,.F.);
#555=ORIENTED_EDGE('',*,*,#1267,.T.);
#556=ORIENTED_EDGE('',*,*,#1332,.F.);
#557=ORIENTED_EDGE('',*,*,#1277,.T.);
#558=ORIENTED_EDGE('',*,*,#1333,.F.);
#559=ORIENTED_EDGE('',*,*,#1271,.T.);
#560=ORIENTED_EDGE('',*,*,#1334,.F.);
#561=ORIENTED_EDGE('',*,*,#1281,.T.);
#562=ORIENTED_EDGE('',*,*,#1335,.F.);
#563=ORIENTED_EDGE('',*,*,#1275,.T.);
#564=ORIENTED_EDGE('',*,*,#1336,.F.);
#565=ORIENTED_EDGE('',*,*,#1284,.T.);
#566=ORIENTED_EDGE('',*,*,#1337,.F.);
#567=ORIENTED_EDGE('',*,*,#1279,.T.);
#568=ORIENTED_EDGE('',*,*,#1338,.F.);
#569=ORIENTED_EDGE('',*,*,#1240,.T.);
#570=ORIENTED_EDGE('',*,*,#1339,.F.);
#571=ORIENTED_EDGE('',*,*,#1234,.T.);
#572=ORIENTED_EDGE('',*,*,#1340,.F.);
#573=ORIENTED_EDGE('',*,*,#1236,.T.);
#574=ORIENTED_EDGE('',*,*,#1341,.F.);
#575=ORIENTED_EDGE('',*,*,#1230,.T.);
#576=ORIENTED_EDGE('',*,*,#1342,.F.);
#577=ORIENTED_EDGE('',*,*,#1232,.T.);
#578=ORIENTED_EDGE('',*,*,#1343,.F.);
#579=ORIENTED_EDGE('',*,*,#1226,.T.);
#580=ORIENTED_EDGE('',*,*,#1344,.F.);
#581=ORIENTED_EDGE('',*,*,#1228,.T.);
#582=ORIENTED_EDGE('',*,*,#1345,.F.);
#583=ORIENTED_EDGE('',*,*,#1286,.T.);
#584=ORIENTED_EDGE('',*,*,#1346,.F.);
#585=ORIENTED_EDGE('',*,*,#1347,.F.);
#586=ORIENTED_EDGE('',*,*,#1348,.F.);
#587=ORIENTED_EDGE('',*,*,#1349,.T.);
#588=ORIENTED_EDGE('',*,*,#1350,.F.);
#589=ORIENTED_EDGE('',*,*,#1349,.F.);
#590=ORIENTED_EDGE('',*,*,#1351,.F.);
#591=ORIENTED_EDGE('',*,*,#1222,.T.);
#592=ORIENTED_EDGE('',*,*,#1352,.F.);
#593=ORIENTED_EDGE('',*,*,#1220,.F.);
#594=ORIENTED_EDGE('',*,*,#1353,.F.);
#595=ORIENTED_EDGE('',*,*,#1347,.T.);
#596=ORIENTED_EDGE('',*,*,#1354,.F.);
#597=ORIENTED_EDGE('',*,*,#1355,.T.);
#598=ORIENTED_EDGE('',*,*,#1315,.T.);
#599=ORIENTED_EDGE('',*,*,#1356,.T.);
#600=ORIENTED_EDGE('',*,*,#1260,.T.);
#601=ORIENTED_EDGE('',*,*,#1356,.F.);
#602=ORIENTED_EDGE('',*,*,#1314,.T.);
#603=ORIENTED_EDGE('',*,*,#1357,.T.);
#604=ORIENTED_EDGE('',*,*,#1328,.T.);
#605=ORIENTED_EDGE('',*,*,#1357,.F.);
#606=ORIENTED_EDGE('',*,*,#1313,.T.);
#607=ORIENTED_EDGE('',*,*,#1358,.T.);
#608=ORIENTED_EDGE('',*,*,#1270,.T.);
#609=ORIENTED_EDGE('',*,*,#1358,.F.);
#610=ORIENTED_EDGE('',*,*,#1312,.T.);
#611=ORIENTED_EDGE('',*,*,#1359,.T.);
#612=ORIENTED_EDGE('',*,*,#1332,.T.);
#613=ORIENTED_EDGE('',*,*,#1359,.F.);
#614=ORIENTED_EDGE('',*,*,#1311,.T.);
#615=ORIENTED_EDGE('',*,*,#1360,.T.);
#616=ORIENTED_EDGE('',*,*,#1274,.T.);
#617=ORIENTED_EDGE('',*,*,#1360,.F.);
#618=ORIENTED_EDGE('',*,*,#1310,.T.);
#619=ORIENTED_EDGE('',*,*,#1361,.T.);
#620=ORIENTED_EDGE('',*,*,#1334,.T.);
#621=ORIENTED_EDGE('',*,*,#1361,.F.);
#622=ORIENTED_EDGE('',*,*,#1309,.T.);
#623=ORIENTED_EDGE('',*,*,#1362,.T.);
#624=ORIENTED_EDGE('',*,*,#1278,.T.);
#625=ORIENTED_EDGE('',*,*,#1362,.F.);
#626=ORIENTED_EDGE('',*,*,#1308,.T.);
#627=ORIENTED_EDGE('',*,*,#1363,.T.);
#628=ORIENTED_EDGE('',*,*,#1336,.T.);
#629=ORIENTED_EDGE('',*,*,#1363,.F.);
#630=ORIENTED_EDGE('',*,*,#1307,.T.);
#631=ORIENTED_EDGE('',*,*,#1364,.T.);
#632=ORIENTED_EDGE('',*,*,#1282,.T.);
#633=ORIENTED_EDGE('',*,*,#1364,.F.);
#634=ORIENTED_EDGE('',*,*,#1306,.T.);
#635=ORIENTED_EDGE('',*,*,#1365,.T.);
#636=ORIENTED_EDGE('',*,*,#1338,.T.);
#637=ORIENTED_EDGE('',*,*,#1365,.F.);
#638=ORIENTED_EDGE('',*,*,#1305,.T.);
#639=ORIENTED_EDGE('',*,*,#1366,.T.);
#640=ORIENTED_EDGE('',*,*,#1285,.T.);
#641=ORIENTED_EDGE('',*,*,#1366,.F.);
#642=ORIENTED_EDGE('',*,*,#1304,.T.);
#643=ORIENTED_EDGE('',*,*,#1367,.T.);
#644=ORIENTED_EDGE('',*,*,#1346,.T.);
#645=ORIENTED_EDGE('',*,*,#1367,.F.);
#646=ORIENTED_EDGE('',*,*,#1326,.T.);
#647=ORIENTED_EDGE('',*,*,#1368,.T.);
#648=ORIENTED_EDGE('',*,*,#1229,.T.);
#649=ORIENTED_EDGE('',*,*,#1368,.F.);
#650=ORIENTED_EDGE('',*,*,#1325,.T.);
#651=ORIENTED_EDGE('',*,*,#1369,.T.);
#652=ORIENTED_EDGE('',*,*,#1344,.T.);
#653=ORIENTED_EDGE('',*,*,#1369,.F.);
#654=ORIENTED_EDGE('',*,*,#1324,.T.);
#655=ORIENTED_EDGE('',*,*,#1370,.T.);
#656=ORIENTED_EDGE('',*,*,#1233,.T.);
#657=ORIENTED_EDGE('',*,*,#1370,.F.);
#658=ORIENTED_EDGE('',*,*,#1323,.T.);
#659=ORIENTED_EDGE('',*,*,#1371,.T.);
#660=ORIENTED_EDGE('',*,*,#1342,.T.);
#661=ORIENTED_EDGE('',*,*,#1371,.F.);
#662=ORIENTED_EDGE('',*,*,#1322,.T.);
#663=ORIENTED_EDGE('',*,*,#1372,.T.);
#664=ORIENTED_EDGE('',*,*,#1237,.T.);
#665=ORIENTED_EDGE('',*,*,#1372,.F.);
#666=ORIENTED_EDGE('',*,*,#1321,.T.);
#667=ORIENTED_EDGE('',*,*,#1373,.T.);
#668=ORIENTED_EDGE('',*,*,#1340,.T.);
#669=ORIENTED_EDGE('',*,*,#1373,.F.);
#670=ORIENTED_EDGE('',*,*,#1320,.T.);
#671=ORIENTED_EDGE('',*,*,#1374,.T.);
#672=ORIENTED_EDGE('',*,*,#1241,.T.);
#673=ORIENTED_EDGE('',*,*,#1374,.F.);
#674=ORIENTED_EDGE('',*,*,#1319,.T.);
#675=ORIENTED_EDGE('',*,*,#1375,.T.);
#676=ORIENTED_EDGE('',*,*,#1330,.T.);
#677=ORIENTED_EDGE('',*,*,#1375,.F.);
#678=ORIENTED_EDGE('',*,*,#1318,.T.);
#679=ORIENTED_EDGE('',*,*,#1376,.T.);
#680=ORIENTED_EDGE('',*,*,#1255,.T.);
#681=ORIENTED_EDGE('',*,*,#1215,.T.);
#682=ORIENTED_EDGE('',*,*,#1214,.F.);
#683=ORIENTED_EDGE('',*,*,#1213,.T.);
#684=ORIENTED_EDGE('',*,*,#1377,.F.);
#685=ORIENTED_EDGE('',*,*,#1244,.T.);
#686=ORIENTED_EDGE('',*,*,#1243,.F.);
#687=ORIENTED_EDGE('',*,*,#1242,.T.);
#688=ORIENTED_EDGE('',*,*,#1378,.F.);
#689=ORIENTED_EDGE('',*,*,#1200,.F.);
#690=ORIENTED_EDGE('',*,*,#1327,.T.);
#691=ORIENTED_EDGE('',*,*,#1379,.T.);
#692=ORIENTED_EDGE('',*,*,#1189,.T.);
#693=ORIENTED_EDGE('',*,*,#1379,.F.);
#694=ORIENTED_EDGE('',*,*,#1268,.T.);
#695=ORIENTED_EDGE('',*,*,#1380,.T.);
#696=ORIENTED_EDGE('',*,*,#1190,.T.);
#697=ORIENTED_EDGE('',*,*,#1380,.F.);
#698=ORIENTED_EDGE('',*,*,#1331,.T.);
#699=ORIENTED_EDGE('',*,*,#1381,.T.);
#700=ORIENTED_EDGE('',*,*,#1191,.T.);
#701=ORIENTED_EDGE('',*,*,#1381,.F.);
#702=ORIENTED_EDGE('',*,*,#1272,.T.);
#703=ORIENTED_EDGE('',*,*,#1382,.T.);
#704=ORIENTED_EDGE('',*,*,#1192,.T.);
#705=ORIENTED_EDGE('',*,*,#1382,.F.);
#706=ORIENTED_EDGE('',*,*,#1333,.T.);
#707=ORIENTED_EDGE('',*,*,#1383,.T.);
#708=ORIENTED_EDGE('',*,*,#1193,.T.);
#709=ORIENTED_EDGE('',*,*,#1383,.F.);
#710=ORIENTED_EDGE('',*,*,#1276,.T.);
#711=ORIENTED_EDGE('',*,*,#1384,.T.);
#712=ORIENTED_EDGE('',*,*,#1194,.T.);
#713=ORIENTED_EDGE('',*,*,#1384,.F.);
#714=ORIENTED_EDGE('',*,*,#1335,.T.);
#715=ORIENTED_EDGE('',*,*,#1385,.T.);
#716=ORIENTED_EDGE('',*,*,#1195,.T.);
#717=ORIENTED_EDGE('',*,*,#1385,.F.);
#718=ORIENTED_EDGE('',*,*,#1280,.T.);
#719=ORIENTED_EDGE('',*,*,#1386,.T.);
#720=ORIENTED_EDGE('',*,*,#1196,.T.);
#721=ORIENTED_EDGE('',*,*,#1386,.F.);
#722=ORIENTED_EDGE('',*,*,#1337,.T.);
#723=ORIENTED_EDGE('',*,*,#1202,.T.);
#724=ORIENTED_EDGE('',*,*,#1197,.T.);
#725=ORIENTED_EDGE('',*,*,#1217,.F.);
#726=ORIENTED_EDGE('',*,*,#1345,.T.);
#727=ORIENTED_EDGE('',*,*,#1387,.T.);
#728=ORIENTED_EDGE('',*,*,#1178,.T.);
#729=ORIENTED_EDGE('',*,*,#1387,.F.);
#730=ORIENTED_EDGE('',*,*,#1227,.T.);
#731=ORIENTED_EDGE('',*,*,#1388,.T.);
#732=ORIENTED_EDGE('',*,*,#1179,.T.);
#733=ORIENTED_EDGE('',*,*,#1388,.F.);
#734=ORIENTED_EDGE('',*,*,#1343,.T.);
#735=ORIENTED_EDGE('',*,*,#1389,.T.);
#736=ORIENTED_EDGE('',*,*,#1180,.T.);
#737=ORIENTED_EDGE('',*,*,#1389,.F.);
#738=ORIENTED_EDGE('',*,*,#1231,.T.);
#739=ORIENTED_EDGE('',*,*,#1390,.T.);
#740=ORIENTED_EDGE('',*,*,#1181,.T.);
#741=ORIENTED_EDGE('',*,*,#1390,.F.);
#742=ORIENTED_EDGE('',*,*,#1341,.T.);
#743=ORIENTED_EDGE('',*,*,#1391,.T.);
#744=ORIENTED_EDGE('',*,*,#1182,.T.);
#745=ORIENTED_EDGE('',*,*,#1391,.F.);
#746=ORIENTED_EDGE('',*,*,#1235,.T.);
#747=ORIENTED_EDGE('',*,*,#1392,.T.);
#748=ORIENTED_EDGE('',*,*,#1183,.T.);
#749=ORIENTED_EDGE('',*,*,#1392,.F.);
#750=ORIENTED_EDGE('',*,*,#1339,.T.);
#751=ORIENTED_EDGE('',*,*,#1393,.T.);
#752=ORIENTED_EDGE('',*,*,#1184,.T.);
#753=ORIENTED_EDGE('',*,*,#1393,.F.);
#754=ORIENTED_EDGE('',*,*,#1239,.T.);
#755=ORIENTED_EDGE('',*,*,#1394,.T.);
#756=ORIENTED_EDGE('',*,*,#1185,.T.);
#757=ORIENTED_EDGE('',*,*,#1394,.F.);
#758=ORIENTED_EDGE('',*,*,#1329,.T.);
#759=ORIENTED_EDGE('',*,*,#1205,.T.);
#760=ORIENTED_EDGE('',*,*,#1186,.T.);
#761=ORIENTED_EDGE('',*,*,#1211,.T.);
#762=ORIENTED_EDGE('',*,*,#1395,.T.);
#763=ORIENTED_EDGE('',*,*,#1354,.T.);
#764=ORIENTED_EDGE('',*,*,#1396,.T.);
#765=ORIENTED_EDGE('',*,*,#1396,.F.);
#766=ORIENTED_EDGE('',*,*,#1350,.T.);
#767=ORIENTED_EDGE('',*,*,#1397,.T.);
#768=ORIENTED_EDGE('',*,*,#1212,.T.);
#769=ORIENTED_EDGE('',*,*,#1352,.T.);
#770=ORIENTED_EDGE('',*,*,#1398,.T.);
#771=ORIENTED_EDGE('',*,*,#1209,.T.);
#772=ORIENTED_EDGE('',*,*,#1397,.F.);
#773=ORIENTED_EDGE('',*,*,#1399,.T.);
#774=ORIENTED_EDGE('',*,*,#1348,.T.);
#775=ORIENTED_EDGE('',*,*,#1400,.T.);
#776=ORIENTED_EDGE('',*,*,#1301,.T.);
#777=ORIENTED_EDGE('',*,*,#1353,.T.);
#778=ORIENTED_EDGE('',*,*,#1401,.T.);
#779=ORIENTED_EDGE('',*,*,#1302,.T.);
#780=ORIENTED_EDGE('',*,*,#1400,.F.);
#781=ORIENTED_EDGE('',*,*,#1300,.T.);
#782=ORIENTED_EDGE('',*,*,#1402,.T.);
#783=ORIENTED_EDGE('',*,*,#1351,.T.);
#784=ORIENTED_EDGE('',*,*,#1399,.F.);
#785=ORIENTED_EDGE('',*,*,#1224,.T.);
#786=ORIENTED_EDGE('',*,*,#1223,.F.);
#787=ORIENTED_EDGE('',*,*,#1402,.F.);
#788=ORIENTED_EDGE('',*,*,#1299,.F.);
#789=ORIENTED_EDGE('',*,*,#1298,.T.);
#790=ORIENTED_EDGE('',*,*,#1303,.F.);
#791=ORIENTED_EDGE('',*,*,#1401,.F.);
#792=ORIENTED_EDGE('',*,*,#1225,.F.);
#793=ORIENTED_EDGE('',*,*,#1155,.T.);
#794=ORIENTED_EDGE('',*,*,#1296,.F.);
#795=ORIENTED_EDGE('',*,*,#1156,.T.);
#796=ORIENTED_EDGE('',*,*,#1295,.F.);
#797=ORIENTED_EDGE('',*,*,#1157,.T.);
#798=ORIENTED_EDGE('',*,*,#1294,.F.);
#799=ORIENTED_EDGE('',*,*,#1158,.T.);
#800=ORIENTED_EDGE('',*,*,#1293,.F.);
#801=ORIENTED_EDGE('',*,*,#1154,.T.);
#802=ORIENTED_EDGE('',*,*,#1297,.F.);
#803=ORIENTED_EDGE('',*,*,#1253,.T.);
#804=ORIENTED_EDGE('',*,*,#1403,.F.);
#805=ORIENTED_EDGE('',*,*,#1168,.T.);
#806=ORIENTED_EDGE('',*,*,#1207,.T.);
#807=ORIENTED_EDGE('',*,*,#1377,.T.);
#808=ORIENTED_EDGE('',*,*,#1163,.T.);
#809=ORIENTED_EDGE('',*,*,#1404,.T.);
#810=ORIENTED_EDGE('',*,*,#1245,.T.);
#811=ORIENTED_EDGE('',*,*,#1249,.T.);
#812=ORIENTED_EDGE('',*,*,#1405,.F.);
#813=ORIENTED_EDGE('',*,*,#1171,.T.);
#814=ORIENTED_EDGE('',*,*,#1378,.T.);
#815=ORIENTED_EDGE('',*,*,#1201,.T.);
#816=ORIENTED_EDGE('',*,*,#1174,.T.);
#817=ORIENTED_EDGE('',*,*,#1406,.T.);
#818=ORIENTED_EDGE('',*,*,#1262,.T.);
#819=ORIENTED_EDGE('',*,*,#1283,.T.);
#820=ORIENTED_EDGE('',*,*,#1407,.F.);
#821=ORIENTED_EDGE('',*,*,#1176,.T.);
#822=ORIENTED_EDGE('',*,*,#1204,.T.);
#823=ORIENTED_EDGE('',*,*,#1218,.T.);
#824=ORIENTED_EDGE('',*,*,#1166,.T.);
#825=ORIENTED_EDGE('',*,*,#1408,.T.);
#826=ORIENTED_EDGE('',*,*,#1287,.T.);
#827=ORIENTED_EDGE('',*,*,#1409,.T.);
#828=ORIENTED_EDGE('',*,*,#1169,.T.);
#829=ORIENTED_EDGE('',*,*,#1410,.T.);
#830=ORIENTED_EDGE('',*,*,#1411,.T.);
#831=ORIENTED_EDGE('',*,*,#1412,.T.);
#832=ORIENTED_EDGE('',*,*,#1413,.T.);
#833=ORIENTED_EDGE('',*,*,#1414,.T.);
#834=ORIENTED_EDGE('',*,*,#1415,.T.);
#835=ORIENTED_EDGE('',*,*,#1416,.T.);
#836=ORIENTED_EDGE('',*,*,#1417,.T.);
#837=ORIENTED_EDGE('',*,*,#1418,.T.);
#838=ORIENTED_EDGE('',*,*,#1419,.T.);
#839=ORIENTED_EDGE('',*,*,#1173,.F.);
#840=ORIENTED_EDGE('',*,*,#1420,.T.);
#841=ORIENTED_EDGE('',*,*,#1421,.T.);
#842=ORIENTED_EDGE('',*,*,#1422,.T.);
#843=ORIENTED_EDGE('',*,*,#1423,.T.);
#844=ORIENTED_EDGE('',*,*,#1424,.T.);
#845=ORIENTED_EDGE('',*,*,#1425,.T.);
#846=ORIENTED_EDGE('',*,*,#1426,.T.);
#847=ORIENTED_EDGE('',*,*,#1427,.T.);
#848=ORIENTED_EDGE('',*,*,#1428,.T.);
#849=ORIENTED_EDGE('',*,*,#1429,.T.);
#850=ORIENTED_EDGE('',*,*,#1430,.T.);
#851=ORIENTED_EDGE('',*,*,#1263,.F.);
#852=ORIENTED_EDGE('',*,*,#1406,.F.);
#853=ORIENTED_EDGE('',*,*,#1430,.F.);
#854=ORIENTED_EDGE('',*,*,#1431,.F.);
#855=ORIENTED_EDGE('',*,*,#1420,.F.);
#856=ORIENTED_EDGE('',*,*,#1407,.T.);
#857=ORIENTED_EDGE('',*,*,#1292,.F.);
#858=ORIENTED_EDGE('',*,*,#1432,.T.);
#859=ORIENTED_EDGE('',*,*,#1410,.F.);
#860=ORIENTED_EDGE('',*,*,#1403,.T.);
#861=ORIENTED_EDGE('',*,*,#1252,.F.);
#862=ORIENTED_EDGE('',*,*,#1433,.T.);
#863=ORIENTED_EDGE('',*,*,#1434,.T.);
#864=ORIENTED_EDGE('',*,*,#1165,.T.);
#865=ORIENTED_EDGE('',*,*,#1159,.F.);
#866=ORIENTED_EDGE('',*,*,#1172,.T.);
#867=ORIENTED_EDGE('',*,*,#1435,.T.);
#868=ORIENTED_EDGE('',*,*,#1436,.F.);
#869=ORIENTED_EDGE('',*,*,#1288,.F.);
#870=ORIENTED_EDGE('',*,*,#1408,.F.);
#871=ORIENTED_EDGE('',*,*,#1409,.F.);
#872=ORIENTED_EDGE('',*,*,#1437,.F.);
#873=ORIENTED_EDGE('',*,*,#1438,.T.);
#874=ORIENTED_EDGE('',*,*,#1439,.T.);
#875=ORIENTED_EDGE('',*,*,#1440,.T.);
#876=ORIENTED_EDGE('',*,*,#1441,.T.);
#877=ORIENTED_EDGE('',*,*,#1442,.T.);
#878=ORIENTED_EDGE('',*,*,#1443,.T.);
#879=ORIENTED_EDGE('',*,*,#1444,.T.);
#880=ORIENTED_EDGE('',*,*,#1445,.T.);
#881=ORIENTED_EDGE('',*,*,#1446,.T.);
#882=ORIENTED_EDGE('',*,*,#1447,.T.);
#883=ORIENTED_EDGE('',*,*,#1448,.T.);
#884=ORIENTED_EDGE('',*,*,#1449,.T.);
#885=ORIENTED_EDGE('',*,*,#1450,.T.);
#886=ORIENTED_EDGE('',*,*,#1451,.T.);
#887=ORIENTED_EDGE('',*,*,#1452,.T.);
#888=ORIENTED_EDGE('',*,*,#1453,.T.);
#889=ORIENTED_EDGE('',*,*,#1454,.T.);
#890=ORIENTED_EDGE('',*,*,#1455,.T.);
#891=ORIENTED_EDGE('',*,*,#1456,.T.);
#892=ORIENTED_EDGE('',*,*,#1457,.T.);
#893=ORIENTED_EDGE('',*,*,#1458,.T.);
#894=ORIENTED_EDGE('',*,*,#1459,.T.);
#895=ORIENTED_EDGE('',*,*,#1460,.T.);
#896=ORIENTED_EDGE('',*,*,#1461,.T.);
#897=ORIENTED_EDGE('',*,*,#1462,.T.);
#898=ORIENTED_EDGE('',*,*,#1463,.T.);
#899=ORIENTED_EDGE('',*,*,#1464,.T.);
#900=ORIENTED_EDGE('',*,*,#1465,.T.);
#901=ORIENTED_EDGE('',*,*,#1466,.T.);
#902=ORIENTED_EDGE('',*,*,#1467,.T.);
#903=ORIENTED_EDGE('',*,*,#1468,.T.);
#904=ORIENTED_EDGE('',*,*,#1469,.T.);
#905=ORIENTED_EDGE('',*,*,#1470,.T.);
#906=ORIENTED_EDGE('',*,*,#1471,.T.);
#907=ORIENTED_EDGE('',*,*,#1472,.T.);
#908=ORIENTED_EDGE('',*,*,#1473,.T.);
#909=ORIENTED_EDGE('',*,*,#1474,.T.);
#910=ORIENTED_EDGE('',*,*,#1475,.T.);
#911=ORIENTED_EDGE('',*,*,#1476,.T.);
#912=ORIENTED_EDGE('',*,*,#1477,.T.);
#913=ORIENTED_EDGE('',*,*,#1478,.T.);
#914=ORIENTED_EDGE('',*,*,#1479,.T.);
#915=ORIENTED_EDGE('',*,*,#1480,.T.);
#916=ORIENTED_EDGE('',*,*,#1481,.T.);
#917=ORIENTED_EDGE('',*,*,#1482,.T.);
#918=ORIENTED_EDGE('',*,*,#1483,.T.);
#919=ORIENTED_EDGE('',*,*,#1484,.T.);
#920=ORIENTED_EDGE('',*,*,#1485,.T.);
#921=ORIENTED_EDGE('',*,*,#1486,.T.);
#922=ORIENTED_EDGE('',*,*,#1487,.T.);
#923=ORIENTED_EDGE('',*,*,#1488,.T.);
#924=ORIENTED_EDGE('',*,*,#1489,.T.);
#925=ORIENTED_EDGE('',*,*,#1490,.T.);
#926=ORIENTED_EDGE('',*,*,#1491,.F.);
#927=ORIENTED_EDGE('',*,*,#1456,.F.);
#928=ORIENTED_EDGE('',*,*,#1492,.T.);
#929=ORIENTED_EDGE('',*,*,#1264,.F.);
#930=ORIENTED_EDGE('',*,*,#1493,.T.);
#931=ORIENTED_EDGE('',*,*,#1251,.F.);
#932=ORIENTED_EDGE('',*,*,#1494,.T.);
#933=ORIENTED_EDGE('',*,*,#1450,.F.);
#934=ORIENTED_EDGE('',*,*,#1495,.T.);
#935=ORIENTED_EDGE('',*,*,#1460,.F.);
#936=ORIENTED_EDGE('',*,*,#1496,.T.);
#937=ORIENTED_EDGE('',*,*,#1454,.F.);
#938=ORIENTED_EDGE('',*,*,#1497,.T.);
#939=ORIENTED_EDGE('',*,*,#1464,.F.);
#940=ORIENTED_EDGE('',*,*,#1498,.T.);
#941=ORIENTED_EDGE('',*,*,#1458,.F.);
#942=ORIENTED_EDGE('',*,*,#1499,.T.);
#943=ORIENTED_EDGE('',*,*,#1468,.F.);
#944=ORIENTED_EDGE('',*,*,#1500,.T.);
#945=ORIENTED_EDGE('',*,*,#1462,.F.);
#946=ORIENTED_EDGE('',*,*,#1501,.T.);
#947=ORIENTED_EDGE('',*,*,#1291,.F.);
#948=ORIENTED_EDGE('',*,*,#1502,.T.);
#949=ORIENTED_EDGE('',*,*,#1466,.F.);
#950=ORIENTED_EDGE('',*,*,#1503,.T.);
#951=ORIENTED_EDGE('',*,*,#1452,.F.);
#952=ORIENTED_EDGE('',*,*,#1504,.T.);
#953=ORIENTED_EDGE('',*,*,#1446,.F.);
#954=ORIENTED_EDGE('',*,*,#1505,.T.);
#955=ORIENTED_EDGE('',*,*,#1448,.F.);
#956=ORIENTED_EDGE('',*,*,#1506,.T.);
#957=ORIENTED_EDGE('',*,*,#1442,.F.);
#958=ORIENTED_EDGE('',*,*,#1507,.T.);
#959=ORIENTED_EDGE('',*,*,#1444,.F.);
#960=ORIENTED_EDGE('',*,*,#1508,.T.);
#961=ORIENTED_EDGE('',*,*,#1438,.F.);
#962=ORIENTED_EDGE('',*,*,#1509,.T.);
#963=ORIENTED_EDGE('',*,*,#1440,.F.);
#964=ORIENTED_EDGE('',*,*,#1510,.T.);
#965=ORIENTED_EDGE('',*,*,#1289,.F.);
#966=ORIENTED_EDGE('',*,*,#1511,.T.);
#967=ORIENTED_EDGE('',*,*,#1265,.F.);
#968=ORIENTED_EDGE('',*,*,#1512,.F.);
#969=ORIENTED_EDGE('',*,*,#1470,.F.);
#970=ORIENTED_EDGE('',*,*,#1491,.T.);
#971=ORIENTED_EDGE('',*,*,#1490,.F.);
#972=ORIENTED_EDGE('',*,*,#1513,.T.);
#973=ORIENTED_EDGE('',*,*,#1250,.F.);
#974=ORIENTED_EDGE('',*,*,#1266,.T.);
#975=ORIENTED_EDGE('',*,*,#1512,.T.);
#976=ORIENTED_EDGE('',*,*,#1492,.F.);
#977=ORIENTED_EDGE('',*,*,#1514,.F.);
#978=ORIENTED_EDGE('',*,*,#1471,.F.);
#979=ORIENTED_EDGE('',*,*,#1514,.T.);
#980=ORIENTED_EDGE('',*,*,#1455,.F.);
#981=ORIENTED_EDGE('',*,*,#1515,.F.);
#982=ORIENTED_EDGE('',*,*,#1472,.F.);
#983=ORIENTED_EDGE('',*,*,#1515,.T.);
#984=ORIENTED_EDGE('',*,*,#1496,.F.);
#985=ORIENTED_EDGE('',*,*,#1516,.F.);
#986=ORIENTED_EDGE('',*,*,#1473,.F.);
#987=ORIENTED_EDGE('',*,*,#1516,.T.);
#988=ORIENTED_EDGE('',*,*,#1459,.F.);
#989=ORIENTED_EDGE('',*,*,#1517,.F.);
#990=ORIENTED_EDGE('',*,*,#1474,.F.);
#991=ORIENTED_EDGE('',*,*,#1517,.T.);
#992=ORIENTED_EDGE('',*,*,#1498,.F.);
#993=ORIENTED_EDGE('',*,*,#1518,.F.);
#994=ORIENTED_EDGE('',*,*,#1475,.F.);
#995=ORIENTED_EDGE('',*,*,#1518,.T.);
#996=ORIENTED_EDGE('',*,*,#1463,.F.);
#997=ORIENTED_EDGE('',*,*,#1519,.F.);
#998=ORIENTED_EDGE('',*,*,#1476,.F.);
#999=ORIENTED_EDGE('',*,*,#1519,.T.);
#1000=ORIENTED_EDGE('',*,*,#1500,.F.);
#1001=ORIENTED_EDGE('',*,*,#1520,.F.);
#1002=ORIENTED_EDGE('',*,*,#1477,.F.);
#1003=ORIENTED_EDGE('',*,*,#1520,.T.);
#1004=ORIENTED_EDGE('',*,*,#1467,.F.);
#1005=ORIENTED_EDGE('',*,*,#1521,.F.);
#1006=ORIENTED_EDGE('',*,*,#1478,.F.);
#1007=ORIENTED_EDGE('',*,*,#1521,.T.);
#1008=ORIENTED_EDGE('',*,*,#1502,.F.);
#1009=ORIENTED_EDGE('',*,*,#1522,.F.);
#1010=ORIENTED_EDGE('',*,*,#1479,.F.);
#1011=ORIENTED_EDGE('',*,*,#1522,.T.);
#1012=ORIENTED_EDGE('',*,*,#1290,.F.);
#1013=ORIENTED_EDGE('',*,*,#1523,.F.);
#1014=ORIENTED_EDGE('',*,*,#1480,.F.);
#1015=ORIENTED_EDGE('',*,*,#1523,.T.);
#1016=ORIENTED_EDGE('',*,*,#1510,.F.);
#1017=ORIENTED_EDGE('',*,*,#1524,.F.);
#1018=ORIENTED_EDGE('',*,*,#1481,.F.);
#1019=ORIENTED_EDGE('',*,*,#1524,.T.);
#1020=ORIENTED_EDGE('',*,*,#1439,.F.);
#1021=ORIENTED_EDGE('',*,*,#1525,.F.);
#1022=ORIENTED_EDGE('',*,*,#1482,.F.);
#1023=ORIENTED_EDGE('',*,*,#1525,.T.);
#1024=ORIENTED_EDGE('',*,*,#1508,.F.);
#1025=ORIENTED_EDGE('',*,*,#1526,.F.);
#1026=ORIENTED_EDGE('',*,*,#1483,.F.);
#1027=ORIENTED_EDGE('',*,*,#1526,.T.);
#1028=ORIENTED_EDGE('',*,*,#1443,.F.);
#1029=ORIENTED_EDGE('',*,*,#1527,.F.);
#1030=ORIENTED_EDGE('',*,*,#1484,.F.);
#1031=ORIENTED_EDGE('',*,*,#1527,.T.);
#1032=ORIENTED_EDGE('',*,*,#1506,.F.);
#1033=ORIENTED_EDGE('',*,*,#1528,.F.);
#1034=ORIENTED_EDGE('',*,*,#1485,.F.);
#1035=ORIENTED_EDGE('',*,*,#1528,.T.);
#1036=ORIENTED_EDGE('',*,*,#1447,.F.);
#1037=ORIENTED_EDGE('',*,*,#1529,.F.);
#1038=ORIENTED_EDGE('',*,*,#1486,.F.);
#1039=ORIENTED_EDGE('',*,*,#1529,.T.);
#1040=ORIENTED_EDGE('',*,*,#1504,.F.);
#1041=ORIENTED_EDGE('',*,*,#1530,.F.);
#1042=ORIENTED_EDGE('',*,*,#1487,.F.);
#1043=ORIENTED_EDGE('',*,*,#1530,.T.);
#1044=ORIENTED_EDGE('',*,*,#1451,.F.);
#1045=ORIENTED_EDGE('',*,*,#1531,.F.);
#1046=ORIENTED_EDGE('',*,*,#1488,.F.);
#1047=ORIENTED_EDGE('',*,*,#1531,.T.);
#1048=ORIENTED_EDGE('',*,*,#1494,.F.);
#1049=ORIENTED_EDGE('',*,*,#1513,.F.);
#1050=ORIENTED_EDGE('',*,*,#1489,.F.);
#1051=ORIENTED_EDGE('',*,*,#1435,.F.);
#1052=ORIENTED_EDGE('',*,*,#1405,.T.);
#1053=ORIENTED_EDGE('',*,*,#1248,.F.);
#1054=ORIENTED_EDGE('',*,*,#1247,.T.);
#1055=ORIENTED_EDGE('',*,*,#1246,.F.);
#1056=ORIENTED_EDGE('',*,*,#1404,.F.);
#1057=ORIENTED_EDGE('',*,*,#1434,.F.);
#1058=ORIENTED_EDGE('',*,*,#1436,.T.);
#1059=ORIENTED_EDGE('',*,*,#1431,.T.);
#1060=ORIENTED_EDGE('',*,*,#1429,.F.);
#1061=ORIENTED_EDGE('',*,*,#1532,.F.);
#1062=ORIENTED_EDGE('',*,*,#1493,.F.);
#1063=ORIENTED_EDGE('',*,*,#1532,.T.);
#1064=ORIENTED_EDGE('',*,*,#1428,.F.);
#1065=ORIENTED_EDGE('',*,*,#1533,.F.);
#1066=ORIENTED_EDGE('',*,*,#1457,.F.);
#1067=ORIENTED_EDGE('',*,*,#1533,.T.);
#1068=ORIENTED_EDGE('',*,*,#1427,.F.);
#1069=ORIENTED_EDGE('',*,*,#1534,.F.);
#1070=ORIENTED_EDGE('',*,*,#1497,.F.);
#1071=ORIENTED_EDGE('',*,*,#1534,.T.);
#1072=ORIENTED_EDGE('',*,*,#1426,.F.);
#1073=ORIENTED_EDGE('',*,*,#1535,.F.);
#1074=ORIENTED_EDGE('',*,*,#1461,.F.);
#1075=ORIENTED_EDGE('',*,*,#1535,.T.);
#1076=ORIENTED_EDGE('',*,*,#1425,.F.);
#1077=ORIENTED_EDGE('',*,*,#1536,.F.);
#1078=ORIENTED_EDGE('',*,*,#1499,.F.);
#1079=ORIENTED_EDGE('',*,*,#1536,.T.);
#1080=ORIENTED_EDGE('',*,*,#1424,.F.);
#1081=ORIENTED_EDGE('',*,*,#1537,.F.);
#1082=ORIENTED_EDGE('',*,*,#1465,.F.);
#1083=ORIENTED_EDGE('',*,*,#1537,.T.);
#1084=ORIENTED_EDGE('',*,*,#1423,.F.);
#1085=ORIENTED_EDGE('',*,*,#1538,.F.);
#1086=ORIENTED_EDGE('',*,*,#1501,.F.);
#1087=ORIENTED_EDGE('',*,*,#1538,.T.);
#1088=ORIENTED_EDGE('',*,*,#1422,.F.);
#1089=ORIENTED_EDGE('',*,*,#1539,.F.);
#1090=ORIENTED_EDGE('',*,*,#1469,.F.);
#1091=ORIENTED_EDGE('',*,*,#1539,.T.);
#1092=ORIENTED_EDGE('',*,*,#1421,.F.);
#1093=ORIENTED_EDGE('',*,*,#1432,.F.);
#1094=ORIENTED_EDGE('',*,*,#1503,.F.);
#1095=ORIENTED_EDGE('',*,*,#1437,.T.);
#1096=ORIENTED_EDGE('',*,*,#1419,.F.);
#1097=ORIENTED_EDGE('',*,*,#1540,.F.);
#1098=ORIENTED_EDGE('',*,*,#1511,.F.);
#1099=ORIENTED_EDGE('',*,*,#1540,.T.);
#1100=ORIENTED_EDGE('',*,*,#1418,.F.);
#1101=ORIENTED_EDGE('',*,*,#1541,.F.);
#1102=ORIENTED_EDGE('',*,*,#1441,.F.);
#1103=ORIENTED_EDGE('',*,*,#1541,.T.);
#1104=ORIENTED_EDGE('',*,*,#1417,.F.);
#1105=ORIENTED_EDGE('',*,*,#1542,.F.);
#1106=ORIENTED_EDGE('',*,*,#1509,.F.);
#1107=ORIENTED_EDGE('',*,*,#1542,.T.);
#1108=ORIENTED_EDGE('',*,*,#1416,.F.);
#1109=ORIENTED_EDGE('',*,*,#1543,.F.);
#1110=ORIENTED_EDGE('',*,*,#1445,.F.);
#1111=ORIENTED_EDGE('',*,*,#1543,.T.);
#1112=ORIENTED_EDGE('',*,*,#1415,.F.);
#1113=ORIENTED_EDGE('',*,*,#1544,.F.);
#1114=ORIENTED_EDGE('',*,*,#1507,.F.);
#1115=ORIENTED_EDGE('',*,*,#1544,.T.);
#1116=ORIENTED_EDGE('',*,*,#1414,.F.);
#1117=ORIENTED_EDGE('',*,*,#1545,.F.);
#1118=ORIENTED_EDGE('',*,*,#1449,.F.);
#1119=ORIENTED_EDGE('',*,*,#1545,.T.);
#1120=ORIENTED_EDGE('',*,*,#1413,.F.);
#1121=ORIENTED_EDGE('',*,*,#1546,.F.);
#1122=ORIENTED_EDGE('',*,*,#1505,.F.);
#1123=ORIENTED_EDGE('',*,*,#1546,.T.);
#1124=ORIENTED_EDGE('',*,*,#1412,.F.);
#1125=ORIENTED_EDGE('',*,*,#1547,.F.);
#1126=ORIENTED_EDGE('',*,*,#1453,.F.);
#1127=ORIENTED_EDGE('',*,*,#1547,.T.);
#1128=ORIENTED_EDGE('',*,*,#1411,.F.);
#1129=ORIENTED_EDGE('',*,*,#1433,.F.);
#1130=ORIENTED_EDGE('',*,*,#1495,.F.);
#1131=ORIENTED_EDGE('',*,*,#1376,.F.);
#1132=ORIENTED_EDGE('',*,*,#1317,.T.);
#1133=ORIENTED_EDGE('',*,*,#1256,.F.);
#1134=ORIENTED_EDGE('',*,*,#1355,.F.);
#1135=ORIENTED_EDGE('',*,*,#1259,.T.);
#1136=ORIENTED_EDGE('',*,*,#1316,.F.);
#1137=ORIENTED_EDGE('',*,*,#1395,.F.);
#1138=ORIENTED_EDGE('',*,*,#1210,.F.);
#1139=ORIENTED_EDGE('',*,*,#1398,.F.);
#1140=ORIENTED_EDGE('',*,*,#1221,.F.);
#1141=ORIENTED_EDGE('',*,*,#1151,.T.);
#1142=ORIENTED_EDGE('',*,*,#1208,.F.);
#1143=EDGE_CURVE('',#1548,#1549,#1794,.T.);
#1144=EDGE_CURVE('',#1548,#1550,#1795,.T.);
#1145=EDGE_CURVE('',#1551,#1550,#1796,.T.);
#1146=EDGE_CURVE('',#1549,#1551,#1797,.T.);
#1147=EDGE_CURVE('',#1552,#1553,#1798,.T.);
#1148=EDGE_CURVE('',#1554,#1552,#1799,.T.);
#1149=EDGE_CURVE('',#1554,#1555,#1800,.T.);
#1150=EDGE_CURVE('',#1553,#1555,#1801,.T.);
#1151=EDGE_CURVE('',#1556,#1556,#159,.T.);
#1152=EDGE_CURVE('',#1549,#1554,#1802,.T.);
#1153=EDGE_CURVE('',#1555,#1551,#1803,.T.);
#1154=EDGE_CURVE('',#1557,#1557,#160,.T.);
#1155=EDGE_CURVE('',#1558,#1558,#161,.T.);
#1156=EDGE_CURVE('',#1559,#1559,#162,.T.);
#1157=EDGE_CURVE('',#1560,#1560,#163,.T.);
#1158=EDGE_CURVE('',#1561,#1561,#164,.T.);
#1159=EDGE_CURVE('',#1562,#1563,#1804,.T.);
#1160=EDGE_CURVE('',#1564,#1563,#1805,.T.);
#1161=EDGE_CURVE('',#1565,#1564,#1806,.T.);
#1162=EDGE_CURVE('',#1565,#1562,#1807,.T.);
#1163=EDGE_CURVE('',#1566,#1567,#1808,.F.);
#1164=EDGE_CURVE('',#1566,#1564,#1809,.T.);
#1165=EDGE_CURVE('',#1567,#1563,#1810,.T.);
#1166=EDGE_CURVE('',#1568,#1569,#1811,.F.);
#1167=EDGE_CURVE('',#1568,#1570,#1812,.T.);
#1168=EDGE_CURVE('',#1571,#1570,#1813,.T.);
#1169=EDGE_CURVE('',#1569,#1571,#1814,.T.);
#1170=EDGE_CURVE('',#1565,#1572,#1815,.T.);
#1171=EDGE_CURVE('',#1573,#1572,#1816,.T.);
#1172=EDGE_CURVE('',#1562,#1573,#1817,.T.);
#1173=EDGE_CURVE('',#1574,#1575,#1818,.T.);
#1174=EDGE_CURVE('',#1576,#1575,#1819,.F.);
#1175=EDGE_CURVE('',#1577,#1576,#1820,.T.);
#1176=EDGE_CURVE('',#1574,#1577,#1821,.T.);
#1177=EDGE_CURVE('',#1578,#1568,#1822,.T.);
#1178=EDGE_CURVE('',#1579,#1578,#165,.F.);
#1179=EDGE_CURVE('',#1580,#1579,#1823,.F.);
#1180=EDGE_CURVE('',#1581,#1580,#166,.F.);
#1181=EDGE_CURVE('',#1582,#1581,#1824,.F.);
#1182=EDGE_CURVE('',#1583,#1582,#167,.T.);
#1183=EDGE_CURVE('',#1584,#1583,#1825,.F.);
#1184=EDGE_CURVE('',#1585,#1584,#168,.F.);
#1185=EDGE_CURVE('',#1586,#1585,#1826,.F.);
#1186=EDGE_CURVE('',#1587,#1586,#169,.F.);
#1187=EDGE_CURVE('',#1570,#1587,#1827,.F.);
#1188=EDGE_CURVE('',#1588,#1576,#1828,.F.);
#1189=EDGE_CURVE('',#1589,#1588,#170,.F.);
#1190=EDGE_CURVE('',#1590,#1589,#1829,.T.);
#1191=EDGE_CURVE('',#1591,#1590,#171,.F.);
#1192=EDGE_CURVE('',#1592,#1591,#1830,.T.);
#1193=EDGE_CURVE('',#1593,#1592,#172,.T.);
#1194=EDGE_CURVE('',#1594,#1593,#1831,.T.);
#1195=EDGE_CURVE('',#1595,#1594,#173,.F.);
#1196=EDGE_CURVE('',#1596,#1595,#1832,.T.);
#1197=EDGE_CURVE('',#1597,#1596,#174,.F.);
#1198=EDGE_CURVE('',#1577,#1597,#1833,.T.);
#1199=EDGE_CURVE('',#1598,#1599,#1834,.T.);
#1200=EDGE_CURVE('',#1599,#1588,#175,.T.);
#1201=EDGE_CURVE('',#1598,#1576,#52,.T.);
#1202=EDGE_CURVE('',#1600,#1597,#176,.T.);
#1203=EDGE_CURVE('',#1600,#1601,#1835,.F.);
#1204=EDGE_CURVE('',#1577,#1601,#53,.F.);
#1205=EDGE_CURVE('',#1602,#1587,#177,.T.);
#1206=EDGE_CURVE('',#1602,#1603,#1836,.T.);
#1207=EDGE_CURVE('',#1570,#1603,#54,.F.);
#1208=EDGE_CURVE('',#1604,#1604,#178,.T.);
#1209=EDGE_CURVE('',#1605,#1606,#1837,.F.);
#1210=EDGE_CURVE('',#1605,#1607,#1838,.F.);
#1211=EDGE_CURVE('',#1608,#1607,#1839,.T.);
#1212=EDGE_CURVE('',#1606,#1608,#1840,.F.);
#1213=EDGE_CURVE('',#1609,#1566,#1841,.F.);
#1214=EDGE_CURVE('',#1609,#1610,#1842,.T.);
#1215=EDGE_CURVE('',#1572,#1610,#1843,.F.);
#1216=EDGE_CURVE('',#1611,#1612,#1844,.F.);
#1217=EDGE_CURVE('',#1612,#1578,#179,.T.);
#1218=EDGE_CURVE('',#1611,#1568,#55,.T.);
#1219=EDGE_CURVE('',#1552,#1548,#1845,.T.);
#1220=EDGE_CURVE('',#1613,#1614,#1846,.T.);
#1221=EDGE_CURVE('',#1614,#1615,#1847,.T.);
#1222=EDGE_CURVE('',#1616,#1615,#1848,.T.);
#1223=EDGE_CURVE('',#1616,#1617,#1849,.F.);
#1224=EDGE_CURVE('',#1618,#1617,#1850,.T.);
#1225=EDGE_CURVE('',#1618,#1613,#1851,.F.);
#1226=EDGE_CURVE('',#1619,#1620,#1852,.F.);
#1227=EDGE_CURVE('',#1621,#1619,#1853,.T.);
#1228=EDGE_CURVE('',#1622,#1621,#1854,.T.);
#1229=EDGE_CURVE('',#1620,#1622,#1855,.F.);
#1230=EDGE_CURVE('',#1623,#1624,#1856,.F.);
#1231=EDGE_CURVE('',#1625,#1623,#1857,.T.);
#1232=EDGE_CURVE('',#1626,#1625,#1858,.T.);
#1233=EDGE_CURVE('',#1624,#1626,#1859,.F.);
#1234=EDGE_CURVE('',#1627,#1628,#1860,.F.);
#1235=EDGE_CURVE('',#1629,#1627,#1861,.T.);
#1236=EDGE_CURVE('',#1630,#1629,#1862,.T.);
#1237=EDGE_CURVE('',#1628,#1630,#1863,.F.);
#1238=EDGE_CURVE('',#1631,#1632,#1864,.F.);
#1239=EDGE_CURVE('',#1633,#1631,#1865,.T.);
#1240=EDGE_CURVE('',#1634,#1633,#1866,.T.);
#1241=EDGE_CURVE('',#1632,#1634,#1867,.F.);
#1242=EDGE_CURVE('',#1635,#1636,#1868,.T.);
#1243=EDGE_CURVE('',#1635,#1637,#1869,.F.);
#1244=EDGE_CURVE('',#1638,#1637,#1870,.T.);
#1245=EDGE_CURVE('',#1639,#1638,#1871,.T.);
#1246=EDGE_CURVE('',#1639,#1640,#1872,.T.);
#1247=EDGE_CURVE('',#1641,#1640,#1873,.F.);
#1248=EDGE_CURVE('',#1641,#1642,#1874,.T.);
#1249=EDGE_CURVE('',#1636,#1642,#1875,.F.);
#1250=EDGE_CURVE('',#1643,#1644,#1876,.F.);
#1251=EDGE_CURVE('',#1644,#1645,#1877,.T.);
#1252=EDGE_CURVE('',#1645,#1646,#1878,.T.);
#1253=EDGE_CURVE('',#1603,#1646,#1879,.F.);
#1254=EDGE_CURVE('',#1647,#1602,#1880,.T.);
#1255=EDGE_CURVE('',#1648,#1647,#1881,.F.);
#1256=EDGE_CURVE('',#1648,#1649,#1882,.T.);
#1257=EDGE_CURVE('',#1649,#1553,#1883,.T.);
#1258=EDGE_CURVE('',#1550,#1650,#1884,.T.);
#1259=EDGE_CURVE('',#1651,#1650,#1885,.T.);
#1260=EDGE_CURVE('',#1652,#1651,#1886,.F.);
#1261=EDGE_CURVE('',#1599,#1652,#1887,.F.);
#1262=EDGE_CURVE('',#1653,#1598,#1888,.T.);
#1263=EDGE_CURVE('',#1653,#1654,#1889,.T.);
#1264=EDGE_CURVE('',#1654,#1655,#1890,.F.);
#1265=EDGE_CURVE('',#1655,#1656,#1891,.F.);
#1266=EDGE_CURVE('',#1643,#1656,#1892,.T.);
#1267=EDGE_CURVE('',#1657,#1658,#1893,.F.);
#1268=EDGE_CURVE('',#1659,#1657,#1894,.F.);
#1269=EDGE_CURVE('',#1660,#1659,#1895,.T.);
#1270=EDGE_CURVE('',#1658,#1660,#1896,.T.);
#1271=EDGE_CURVE('',#1661,#1662,#1897,.F.);
#1272=EDGE_CURVE('',#1663,#1661,#1898,.F.);
#1273=EDGE_CURVE('',#1664,#1663,#1899,.T.);
#1274=EDGE_CURVE('',#1662,#1664,#1900,.T.);
#1275=EDGE_CURVE('',#1665,#1666,#1901,.F.);
#1276=EDGE_CURVE('',#1667,#1665,#1902,.F.);
#1277=EDGE_CURVE('',#1668,#1667,#1903,.T.);
#1278=EDGE_CURVE('',#1666,#1668,#1904,.T.);
#1279=EDGE_CURVE('',#1669,#1670,#1905,.F.);
#1280=EDGE_CURVE('',#1671,#1669,#1906,.F.);
#1281=EDGE_CURVE('',#1672,#1671,#1907,.T.);
#1282=EDGE_CURVE('',#1670,#1672,#1908,.T.);
#1283=EDGE_CURVE('',#1601,#1673,#1909,.F.);
#1284=EDGE_CURVE('',#1674,#1600,#1910,.T.);
#1285=EDGE_CURVE('',#1675,#1674,#1911,.T.);
#1286=EDGE_CURVE('',#1612,#1675,#1912,.F.);
#1287=EDGE_CURVE('',#1676,#1611,#1913,.T.);
#1288=EDGE_CURVE('',#1676,#1677,#1914,.F.);
#1289=EDGE_CURVE('',#1677,#1678,#1915,.F.);
#1290=EDGE_CURVE('',#1678,#1679,#1916,.T.);
#1291=EDGE_CURVE('',#1679,#1680,#1917,.T.);
#1292=EDGE_CURVE('',#1680,#1673,#1918,.F.);
#1293=EDGE_CURVE('',#1681,#1681,#180,.T.);
#1294=EDGE_CURVE('',#1682,#1682,#181,.T.);
#1295=EDGE_CURVE('',#1683,#1683,#182,.T.);
#1296=EDGE_CURVE('',#1684,#1684,#183,.T.);
#1297=EDGE_CURVE('',#1685,#1685,#184,.T.);
#1298=EDGE_CURVE('',#1686,#1687,#1919,.F.);
#1299=EDGE_CURVE('',#1686,#1688,#1920,.T.);
#1300=EDGE_CURVE('',#1689,#1688,#1921,.T.);
#1301=EDGE_CURVE('',#1690,#1689,#1922,.T.);
#1302=EDGE_CURVE('',#1691,#1690,#1923,.F.);
#1303=EDGE_CURVE('',#1691,#1687,#1924,.T.);
#1304=EDGE_CURVE('',#1692,#1693,#185,.T.);
#1305=EDGE_CURVE('',#1694,#1692,#1925,.F.);
#1306=EDGE_CURVE('',#1695,#1694,#186,.T.);
#1307=EDGE_CURVE('',#1696,#1695,#1926,.F.);
#1308=EDGE_CURVE('',#1697,#1696,#187,.T.);
#1309=EDGE_CURVE('',#1698,#1697,#1927,.F.);
#1310=EDGE_CURVE('',#1699,#1698,#188,.F.);
#1311=EDGE_CURVE('',#1700,#1699,#1928,.F.);
#1312=EDGE_CURVE('',#1701,#1700,#189,.T.);
#1313=EDGE_CURVE('',#1702,#1701,#1929,.F.);
#1314=EDGE_CURVE('',#1703,#1702,#190,.T.);
#1315=EDGE_CURVE('',#1704,#1703,#1930,.T.);
#1316=EDGE_CURVE('',#1704,#1650,#1931,.T.);
#1317=EDGE_CURVE('',#1705,#1649,#1932,.T.);
#1318=EDGE_CURVE('',#1706,#1705,#1933,.T.);
#1319=EDGE_CURVE('',#1707,#1706,#191,.T.);
#1320=EDGE_CURVE('',#1708,#1707,#1934,.T.);
#1321=EDGE_CURVE('',#1709,#1708,#192,.T.);
#1322=EDGE_CURVE('',#1710,#1709,#1935,.T.);
#1323=EDGE_CURVE('',#1711,#1710,#193,.F.);
#1324=EDGE_CURVE('',#1712,#1711,#1936,.T.);
#1325=EDGE_CURVE('',#1713,#1712,#194,.T.);
#1326=EDGE_CURVE('',#1693,#1713,#1937,.T.);
#1327=EDGE_CURVE('',#1599,#1659,#195,.T.);
#1328=EDGE_CURVE('',#1660,#1652,#196,.F.);
#1329=EDGE_CURVE('',#1631,#1602,#197,.T.);
#1330=EDGE_CURVE('',#1647,#1632,#198,.F.);
#1331=EDGE_CURVE('',#1657,#1663,#199,.T.);
#1332=EDGE_CURVE('',#1664,#1658,#200,.F.);
#1333=EDGE_CURVE('',#1661,#1667,#201,.F.);
#1334=EDGE_CURVE('',#1668,#1662,#202,.T.);
#1335=EDGE_CURVE('',#1665,#1671,#203,.T.);
#1336=EDGE_CURVE('',#1672,#1666,#204,.F.);
#1337=EDGE_CURVE('',#1669,#1600,#205,.T.);
#1338=EDGE_CURVE('',#1674,#1670,#206,.F.);
#1339=EDGE_CURVE('',#1627,#1633,#207,.T.);
#1340=EDGE_CURVE('',#1634,#1628,#208,.F.);
#1341=EDGE_CURVE('',#1623,#1629,#209,.F.);
#1342=EDGE_CURVE('',#1630,#1624,#210,.T.);
#1343=EDGE_CURVE('',#1619,#1625,#211,.T.);
#1344=EDGE_CURVE('',#1626,#1620,#212,.F.);
#1345=EDGE_CURVE('',#1612,#1621,#213,.T.);
#1346=EDGE_CURVE('',#1622,#1675,#214,.F.);
#1347=EDGE_CURVE('',#1714,#1715,#1938,.T.);
#1348=EDGE_CURVE('',#1716,#1714,#1939,.F.);
#1349=EDGE_CURVE('',#1716,#1717,#1940,.T.);
#1350=EDGE_CURVE('',#1715,#1717,#1941,.T.);
#1351=EDGE_CURVE('',#1616,#1716,#1942,.F.);
#1352=EDGE_CURVE('',#1717,#1615,#1943,.T.);
#1353=EDGE_CURVE('',#1714,#1613,#1944,.T.);
#1354=EDGE_CURVE('',#1614,#1715,#1945,.F.);
#1355=EDGE_CURVE('',#1651,#1704,#215,.T.);
#1356=EDGE_CURVE('',#1703,#1652,#216,.T.);
#1357=EDGE_CURVE('',#1702,#1660,#217,.T.);
#1358=EDGE_CURVE('',#1701,#1658,#218,.T.);
#1359=EDGE_CURVE('',#1700,#1664,#219,.T.);
#1360=EDGE_CURVE('',#1699,#1662,#220,.T.);
#1361=EDGE_CURVE('',#1698,#1668,#221,.T.);
#1362=EDGE_CURVE('',#1697,#1666,#222,.T.);
#1363=EDGE_CURVE('',#1696,#1672,#223,.T.);
#1364=EDGE_CURVE('',#1695,#1670,#224,.T.);
#1365=EDGE_CURVE('',#1694,#1674,#225,.T.);
#1366=EDGE_CURVE('',#1692,#1675,#226,.T.);
#1367=EDGE_CURVE('',#1693,#1622,#227,.T.);
#1368=EDGE_CURVE('',#1713,#1620,#228,.T.);
#1369=EDGE_CURVE('',#1712,#1626,#229,.T.);
#1370=EDGE_CURVE('',#1711,#1624,#230,.T.);
#1371=EDGE_CURVE('',#1710,#1630,#231,.T.);
#1372=EDGE_CURVE('',#1709,#1628,#232,.T.);
#1373=EDGE_CURVE('',#1708,#1634,#233,.T.);
#1374=EDGE_CURVE('',#1707,#1632,#234,.T.);
#1375=EDGE_CURVE('',#1706,#1647,#235,.T.);
#1376=EDGE_CURVE('',#1705,#1648,#236,.F.);
#1377=EDGE_CURVE('',#1638,#1566,#56,.F.);
#1378=EDGE_CURVE('',#1572,#1636,#57,.F.);
#1379=EDGE_CURVE('',#1659,#1589,#237,.T.);
#1380=EDGE_CURVE('',#1657,#1590,#238,.T.);
#1381=EDGE_CURVE('',#1663,#1591,#239,.T.);
#1382=EDGE_CURVE('',#1661,#1592,#240,.T.);
#1383=EDGE_CURVE('',#1667,#1593,#241,.T.);
#1384=EDGE_CURVE('',#1665,#1594,#242,.T.);
#1385=EDGE_CURVE('',#1671,#1595,#243,.T.);
#1386=EDGE_CURVE('',#1669,#1596,#244,.T.);
#1387=EDGE_CURVE('',#1621,#1579,#245,.T.);
#1388=EDGE_CURVE('',#1619,#1580,#246,.T.);
#1389=EDGE_CURVE('',#1625,#1581,#247,.T.);
#1390=EDGE_CURVE('',#1623,#1582,#248,.T.);
#1391=EDGE_CURVE('',#1629,#1583,#249,.T.);
#1392=EDGE_CURVE('',#1627,#1584,#250,.T.);
#1393=EDGE_CURVE('',#1633,#1585,#251,.T.);
#1394=EDGE_CURVE('',#1631,#1586,#252,.T.);
#1395=EDGE_CURVE('',#1607,#1614,#58,.T.);
#1396=EDGE_CURVE('',#1715,#1608,#59,.T.);
#1397=EDGE_CURVE('',#1717,#1606,#60,.T.);
#1398=EDGE_CURVE('',#1615,#1605,#61,.F.);
#1399=EDGE_CURVE('',#1689,#1716,#62,.F.);
#1400=EDGE_CURVE('',#1714,#1690,#63,.T.);
#1401=EDGE_CURVE('',#1613,#1691,#64,.F.);
#1402=EDGE_CURVE('',#1688,#1616,#65,.T.);
#1403=EDGE_CURVE('',#1571,#1646,#66,.F.);
#1404=EDGE_CURVE('',#1567,#1639,#67,.T.);
#1405=EDGE_CURVE('',#1573,#1642,#68,.F.);
#1406=EDGE_CURVE('',#1575,#1653,#69,.F.);
#1407=EDGE_CURVE('',#1574,#1673,#70,.F.);
#1408=EDGE_CURVE('',#1569,#1676,#71,.F.);
#1409=EDGE_CURVE('',#1718,#1569,#1946,.T.);
#1410=EDGE_CURVE('',#1571,#1719,#1947,.F.);
#1411=EDGE_CURVE('',#1719,#1720,#253,.F.);
#1412=EDGE_CURVE('',#1720,#1721,#1948,.F.);
#1413=EDGE_CURVE('',#1721,#1722,#254,.F.);
#1414=EDGE_CURVE('',#1722,#1723,#1949,.F.);
#1415=EDGE_CURVE('',#1723,#1724,#255,.T.);
#1416=EDGE_CURVE('',#1724,#1725,#1950,.F.);
#1417=EDGE_CURVE('',#1725,#1726,#256,.F.);
#1418=EDGE_CURVE('',#1726,#1727,#1951,.F.);
#1419=EDGE_CURVE('',#1727,#1718,#257,.F.);
#1420=EDGE_CURVE('',#1574,#1728,#1952,.T.);
#1421=EDGE_CURVE('',#1728,#1729,#258,.F.);
#1422=EDGE_CURVE('',#1729,#1730,#1953,.T.);
#1423=EDGE_CURVE('',#1730,#1731,#259,.F.);
#1424=EDGE_CURVE('',#1731,#1732,#1954,.T.);
#1425=EDGE_CURVE('',#1732,#1733,#260,.T.);
#1426=EDGE_CURVE('',#1733,#1734,#1955,.T.);
#1427=EDGE_CURVE('',#1734,#1735,#261,.F.);
#1428=EDGE_CURVE('',#1735,#1736,#1956,.T.);
#1429=EDGE_CURVE('',#1736,#1737,#262,.F.);
#1430=EDGE_CURVE('',#1737,#1575,#1957,.F.);
#1431=EDGE_CURVE('',#1654,#1737,#263,.T.);
#1432=EDGE_CURVE('',#1680,#1728,#264,.T.);
#1433=EDGE_CURVE('',#1645,#1719,#265,.T.);
#1434=EDGE_CURVE('',#1738,#1567,#1958,.F.);
#1435=EDGE_CURVE('',#1573,#1739,#1959,.F.);
#1436=EDGE_CURVE('',#1738,#1739,#1960,.T.);
#1437=EDGE_CURVE('',#1677,#1718,#266,.T.);
#1438=EDGE_CURVE('',#1740,#1741,#1961,.F.);
#1439=EDGE_CURVE('',#1741,#1742,#1962,.F.);
#1440=EDGE_CURVE('',#1742,#1743,#1963,.T.);
#1441=EDGE_CURVE('',#1743,#1740,#1964,.T.);
#1442=EDGE_CURVE('',#1744,#1745,#1965,.F.);
#1443=EDGE_CURVE('',#1745,#1746,#1966,.F.);
#1444=EDGE_CURVE('',#1746,#1747,#1967,.T.);
#1445=EDGE_CURVE('',#1747,#1744,#1968,.T.);
#1446=EDGE_CURVE('',#1748,#1749,#1969,.F.);
#1447=EDGE_CURVE('',#1749,#1750,#1970,.F.);
#1448=EDGE_CURVE('',#1750,#1751,#1971,.T.);
#1449=EDGE_CURVE('',#1751,#1748,#1972,.T.);
#1450=EDGE_CURVE('',#1752,#1753,#1973,.F.);
#1451=EDGE_CURVE('',#1753,#1754,#1974,.F.);
#1452=EDGE_CURVE('',#1754,#1755,#1975,.T.);
#1453=EDGE_CURVE('',#1755,#1752,#1976,.T.);
#1454=EDGE_CURVE('',#1756,#1757,#1977,.F.);
#1455=EDGE_CURVE('',#1757,#1758,#1978,.T.);
#1456=EDGE_CURVE('',#1758,#1759,#1979,.T.);
#1457=EDGE_CURVE('',#1759,#1756,#1980,.F.);
#1458=EDGE_CURVE('',#1760,#1761,#1981,.F.);
#1459=EDGE_CURVE('',#1761,#1762,#1982,.T.);
#1460=EDGE_CURVE('',#1762,#1763,#1983,.T.);
#1461=EDGE_CURVE('',#1763,#1760,#1984,.F.);
#1462=EDGE_CURVE('',#1764,#1765,#1985,.F.);
#1463=EDGE_CURVE('',#1765,#1766,#1986,.T.);
#1464=EDGE_CURVE('',#1766,#1767,#1987,.T.);
#1465=EDGE_CURVE('',#1767,#1764,#1988,.F.);
#1466=EDGE_CURVE('',#1768,#1769,#1989,.F.);
#1467=EDGE_CURVE('',#1769,#1770,#1990,.T.);
#1468=EDGE_CURVE('',#1770,#1771,#1991,.T.);
#1469=EDGE_CURVE('',#1771,#1768,#1992,.F.);
#1470=EDGE_CURVE('',#1772,#1773,#1993,.T.);
#1471=EDGE_CURVE('',#1773,#1774,#267,.T.);
#1472=EDGE_CURVE('',#1774,#1775,#1994,.F.);
#1473=EDGE_CURVE('',#1775,#1776,#268,.T.);
#1474=EDGE_CURVE('',#1776,#1777,#1995,.F.);
#1475=EDGE_CURVE('',#1777,#1778,#269,.F.);
#1476=EDGE_CURVE('',#1778,#1779,#1996,.F.);
#1477=EDGE_CURVE('',#1779,#1780,#270,.T.);
#1478=EDGE_CURVE('',#1780,#1781,#1997,.F.);
#1479=EDGE_CURVE('',#1781,#1782,#271,.T.);
#1480=EDGE_CURVE('',#1782,#1783,#1998,.F.);
#1481=EDGE_CURVE('',#1783,#1784,#272,.T.);
#1482=EDGE_CURVE('',#1784,#1785,#1999,.T.);
#1483=EDGE_CURVE('',#1785,#1786,#273,.T.);
#1484=EDGE_CURVE('',#1786,#1787,#2000,.T.);
#1485=EDGE_CURVE('',#1787,#1788,#274,.F.);
#1486=EDGE_CURVE('',#1788,#1789,#2001,.T.);
#1487=EDGE_CURVE('',#1789,#1790,#275,.T.);
#1488=EDGE_CURVE('',#1790,#1791,#2002,.T.);
#1489=EDGE_CURVE('',#1791,#1792,#276,.T.);
#1490=EDGE_CURVE('',#1792,#1793,#2003,.T.);
#1491=EDGE_CURVE('',#1772,#1793,#2004,.F.);
#1492=EDGE_CURVE('',#1758,#1655,#277,.F.);
#1493=EDGE_CURVE('',#1654,#1759,#278,.T.);
#1494=EDGE_CURVE('',#1644,#1753,#279,.F.);
#1495=EDGE_CURVE('',#1752,#1645,#280,.T.);
#1496=EDGE_CURVE('',#1762,#1757,#281,.F.);
#1497=EDGE_CURVE('',#1756,#1763,#282,.T.);
#1498=EDGE_CURVE('',#1766,#1761,#283,.T.);
#1499=EDGE_CURVE('',#1760,#1767,#284,.F.);
#1500=EDGE_CURVE('',#1770,#1765,#285,.F.);
#1501=EDGE_CURVE('',#1764,#1771,#286,.T.);
#1502=EDGE_CURVE('',#1679,#1769,#287,.F.);
#1503=EDGE_CURVE('',#1768,#1680,#288,.T.);
#1504=EDGE_CURVE('',#1754,#1749,#289,.F.);
#1505=EDGE_CURVE('',#1748,#1755,#290,.T.);
#1506=EDGE_CURVE('',#1750,#1745,#291,.T.);
#1507=EDGE_CURVE('',#1744,#1751,#292,.F.);
#1508=EDGE_CURVE('',#1746,#1741,#293,.F.);
#1509=EDGE_CURVE('',#1740,#1747,#294,.T.);
#1510=EDGE_CURVE('',#1742,#1678,#295,.F.);
#1511=EDGE_CURVE('',#1677,#1743,#296,.T.);
#1512=EDGE_CURVE('',#1773,#1655,#297,.T.);
#1513=EDGE_CURVE('',#1792,#1644,#298,.T.);
#1514=EDGE_CURVE('',#1774,#1758,#299,.T.);
#1515=EDGE_CURVE('',#1775,#1757,#300,.T.);
#1516=EDGE_CURVE('',#1776,#1762,#301,.T.);
#1517=EDGE_CURVE('',#1777,#1761,#302,.T.);
#1518=EDGE_CURVE('',#1778,#1766,#303,.T.);
#1519=EDGE_CURVE('',#1779,#1765,#304,.T.);
#1520=EDGE_CURVE('',#1780,#1770,#305,.T.);
#1521=EDGE_CURVE('',#1781,#1769,#306,.T.);
#1522=EDGE_CURVE('',#1782,#1679,#307,.T.);
#1523=EDGE_CURVE('',#1783,#1678,#308,.T.);
#1524=EDGE_CURVE('',#1784,#1742,#309,.T.);
#1525=EDGE_CURVE('',#1785,#1741,#310,.T.);
#1526=EDGE_CURVE('',#1786,#1746,#311,.T.);
#1527=EDGE_CURVE('',#1787,#1745,#312,.T.);
#1528=EDGE_CURVE('',#1788,#1750,#313,.T.);
#1529=EDGE_CURVE('',#1789,#1749,#314,.T.);
#1530=EDGE_CURVE('',#1790,#1754,#315,.T.);
#1531=EDGE_CURVE('',#1791,#1753,#316,.T.);
#1532=EDGE_CURVE('',#1759,#1736,#317,.T.);
#1533=EDGE_CURVE('',#1756,#1735,#318,.T.);
#1534=EDGE_CURVE('',#1763,#1734,#319,.T.);
#1535=EDGE_CURVE('',#1760,#1733,#320,.T.);
#1536=EDGE_CURVE('',#1767,#1732,#321,.T.);
#1537=EDGE_CURVE('',#1764,#1731,#322,.T.);
#1538=EDGE_CURVE('',#1771,#1730,#323,.T.);
#1539=EDGE_CURVE('',#1768,#1729,#324,.T.);
#1540=EDGE_CURVE('',#1743,#1727,#325,.T.);
#1541=EDGE_CURVE('',#1740,#1726,#326,.T.);
#1542=EDGE_CURVE('',#1747,#1725,#327,.T.);
#1543=EDGE_CURVE('',#1744,#1724,#328,.T.);
#1544=EDGE_CURVE('',#1751,#1723,#329,.T.);
#1545=EDGE_CURVE('',#1748,#1722,#330,.T.);
#1546=EDGE_CURVE('',#1755,#1721,#331,.T.);
#1547=EDGE_CURVE('',#1752,#1720,#332,.T.);
#1548=VERTEX_POINT('',#4118);
#1549=VERTEX_POINT('',#4119);
#1550=VERTEX_POINT('',#4121);
#1551=VERTEX_POINT('',#4123);
#1552=VERTEX_POINT('',#4127);
#1553=VERTEX_POINT('',#4128);
#1554=VERTEX_POINT('',#4130);
#1555=VERTEX_POINT('',#4132);
#1556=VERTEX_POINT('',#4136);
#1557=VERTEX_POINT('',#4141);
#1558=VERTEX_POINT('',#4143);
#1559=VERTEX_POINT('',#4145);
#1560=VERTEX_POINT('',#4147);
#1561=VERTEX_POINT('',#4149);
#1562=VERTEX_POINT('',#4151);
#1563=VERTEX_POINT('',#4152);
#1564=VERTEX_POINT('',#4154);
#1565=VERTEX_POINT('',#4156);
#1566=VERTEX_POINT('',#4160);
#1567=VERTEX_POINT('',#4161);
#1568=VERTEX_POINT('',#4166);
#1569=VERTEX_POINT('',#4167);
#1570=VERTEX_POINT('',#4169);
#1571=VERTEX_POINT('',#4171);
#1572=VERTEX_POINT('',#4175);
#1573=VERTEX_POINT('',#4177);
#1574=VERTEX_POINT('',#4181);
#1575=VERTEX_POINT('',#4182);
#1576=VERTEX_POINT('',#4184);
#1577=VERTEX_POINT('',#4186);
#1578=VERTEX_POINT('',#4190);
#1579=VERTEX_POINT('',#4192);
#1580=VERTEX_POINT('',#4194);
#1581=VERTEX_POINT('',#4196);
#1582=VERTEX_POINT('',#4198);
#1583=VERTEX_POINT('',#4200);
#1584=VERTEX_POINT('',#4202);
#1585=VERTEX_POINT('',#4204);
#1586=VERTEX_POINT('',#4206);
#1587=VERTEX_POINT('',#4208);
#1588=VERTEX_POINT('',#4212);
#1589=VERTEX_POINT('',#4214);
#1590=VERTEX_POINT('',#4216);
#1591=VERTEX_POINT('',#4218);
#1592=VERTEX_POINT('',#4220);
#1593=VERTEX_POINT('',#4222);
#1594=VERTEX_POINT('',#4224);
#1595=VERTEX_POINT('',#4226);
#1596=VERTEX_POINT('',#4228);
#1597=VERTEX_POINT('',#4230);
#1598=VERTEX_POINT('',#4234);
#1599=VERTEX_POINT('',#4235);
#1600=VERTEX_POINT('',#4240);
#1601=VERTEX_POINT('',#4242);
#1602=VERTEX_POINT('',#4246);
#1603=VERTEX_POINT('',#4248);
#1604=VERTEX_POINT('',#4252);
#1605=VERTEX_POINT('',#4254);
#1606=VERTEX_POINT('',#4255);
#1607=VERTEX_POINT('',#4257);
#1608=VERTEX_POINT('',#4259);
#1609=VERTEX_POINT('',#4262);
#1610=VERTEX_POINT('',#4264);
#1611=VERTEX_POINT('',#4268);
#1612=VERTEX_POINT('',#4269);
#1613=VERTEX_POINT('',#4276);
#1614=VERTEX_POINT('',#4277);
#1615=VERTEX_POINT('',#4279);
#1616=VERTEX_POINT('',#4281);
#1617=VERTEX_POINT('',#4283);
#1618=VERTEX_POINT('',#4285);
#1619=VERTEX_POINT('',#4289);
#1620=VERTEX_POINT('',#4290);
#1621=VERTEX_POINT('',#4292);
#1622=VERTEX_POINT('',#4294);
#1623=VERTEX_POINT('',#4298);
#1624=VERTEX_POINT('',#4299);
#1625=VERTEX_POINT('',#4301);
#1626=VERTEX_POINT('',#4303);
#1627=VERTEX_POINT('',#4307);
#1628=VERTEX_POINT('',#4308);
#1629=VERTEX_POINT('',#4310);
#1630=VERTEX_POINT('',#4312);
#1631=VERTEX_POINT('',#4316);
#1632=VERTEX_POINT('',#4317);
#1633=VERTEX_POINT('',#4319);
#1634=VERTEX_POINT('',#4321);
#1635=VERTEX_POINT('',#4325);
#1636=VERTEX_POINT('',#4326);
#1637=VERTEX_POINT('',#4328);
#1638=VERTEX_POINT('',#4330);
#1639=VERTEX_POINT('',#4332);
#1640=VERTEX_POINT('',#4334);
#1641=VERTEX_POINT('',#4336);
#1642=VERTEX_POINT('',#4338);
#1643=VERTEX_POINT('',#4341);
#1644=VERTEX_POINT('',#4342);
#1645=VERTEX_POINT('',#4344);
#1646=VERTEX_POINT('',#4346);
#1647=VERTEX_POINT('',#4349);
#1648=VERTEX_POINT('',#4351);
#1649=VERTEX_POINT('',#4353);
#1650=VERTEX_POINT('',#4356);
#1651=VERTEX_POINT('',#4358);
#1652=VERTEX_POINT('',#4360);
#1653=VERTEX_POINT('',#4363);
#1654=VERTEX_POINT('',#4365);
#1655=VERTEX_POINT('',#4367);
#1656=VERTEX_POINT('',#4369);
#1657=VERTEX_POINT('',#4373);
#1658=VERTEX_POINT('',#4374);
#1659=VERTEX_POINT('',#4376);
#1660=VERTEX_POINT('',#4378);
#1661=VERTEX_POINT('',#4382);
#1662=VERTEX_POINT('',#4383);
#1663=VERTEX_POINT('',#4385);
#1664=VERTEX_POINT('',#4387);
#1665=VERTEX_POINT('',#4391);
#1666=VERTEX_POINT('',#4392);
#1667=VERTEX_POINT('',#4394);
#1668=VERTEX_POINT('',#4396);
#1669=VERTEX_POINT('',#4400);
#1670=VERTEX_POINT('',#4401);
#1671=VERTEX_POINT('',#4403);
#1672=VERTEX_POINT('',#4405);
#1673=VERTEX_POINT('',#4409);
#1674=VERTEX_POINT('',#4411);
#1675=VERTEX_POINT('',#4413);
#1676=VERTEX_POINT('',#4416);
#1677=VERTEX_POINT('',#4418);
#1678=VERTEX_POINT('',#4420);
#1679=VERTEX_POINT('',#4422);
#1680=VERTEX_POINT('',#4424);
#1681=VERTEX_POINT('',#4427);
#1682=VERTEX_POINT('',#4429);
#1683=VERTEX_POINT('',#4431);
#1684=VERTEX_POINT('',#4433);
#1685=VERTEX_POINT('',#4435);
#1686=VERTEX_POINT('',#4438);
#1687=VERTEX_POINT('',#4439);
#1688=VERTEX_POINT('',#4441);
#1689=VERTEX_POINT('',#4443);
#1690=VERTEX_POINT('',#4445);
#1691=VERTEX_POINT('',#4447);
#1692=VERTEX_POINT('',#4450);
#1693=VERTEX_POINT('',#4451);
#1694=VERTEX_POINT('',#4453);
#1695=VERTEX_POINT('',#4455);
#1696=VERTEX_POINT('',#4457);
#1697=VERTEX_POINT('',#4459);
#1698=VERTEX_POINT('',#4461);
#1699=VERTEX_POINT('',#4463);
#1700=VERTEX_POINT('',#4465);
#1701=VERTEX_POINT('',#4467);
#1702=VERTEX_POINT('',#4469);
#1703=VERTEX_POINT('',#4471);
#1704=VERTEX_POINT('',#4473);
#1705=VERTEX_POINT('',#4476);
#1706=VERTEX_POINT('',#4478);
#1707=VERTEX_POINT('',#4480);
#1708=VERTEX_POINT('',#4482);
#1709=VERTEX_POINT('',#4484);
#1710=VERTEX_POINT('',#4486);
#1711=VERTEX_POINT('',#4488);
#1712=VERTEX_POINT('',#4490);
#1713=VERTEX_POINT('',#4492);
#1714=VERTEX_POINT('',#4526);
#1715=VERTEX_POINT('',#4527);
#1716=VERTEX_POINT('',#4529);
#1717=VERTEX_POINT('',#4531);
#1718=VERTEX_POINT('',#4653);
#1719=VERTEX_POINT('',#4655);
#1720=VERTEX_POINT('',#4657);
#1721=VERTEX_POINT('',#4659);
#1722=VERTEX_POINT('',#4661);
#1723=VERTEX_POINT('',#4663);
#1724=VERTEX_POINT('',#4665);
#1725=VERTEX_POINT('',#4667);
#1726=VERTEX_POINT('',#4669);
#1727=VERTEX_POINT('',#4671);
#1728=VERTEX_POINT('',#4675);
#1729=VERTEX_POINT('',#4677);
#1730=VERTEX_POINT('',#4679);
#1731=VERTEX_POINT('',#4681);
#1732=VERTEX_POINT('',#4683);
#1733=VERTEX_POINT('',#4685);
#1734=VERTEX_POINT('',#4687);
#1735=VERTEX_POINT('',#4689);
#1736=VERTEX_POINT('',#4691);
#1737=VERTEX_POINT('',#4693);
#1738=VERTEX_POINT('',#4703);
#1739=VERTEX_POINT('',#4705);
#1740=VERTEX_POINT('',#4711);
#1741=VERTEX_POINT('',#4712);
#1742=VERTEX_POINT('',#4714);
#1743=VERTEX_POINT('',#4716);
#1744=VERTEX_POINT('',#4720);
#1745=VERTEX_POINT('',#4721);
#1746=VERTEX_POINT('',#4723);
#1747=VERTEX_POINT('',#4725);
#1748=VERTEX_POINT('',#4729);
#1749=VERTEX_POINT('',#4730);
#1750=VERTEX_POINT('',#4732);
#1751=VERTEX_POINT('',#4734);
#1752=VERTEX_POINT('',#4738);
#1753=VERTEX_POINT('',#4739);
#1754=VERTEX_POINT('',#4741);
#1755=VERTEX_POINT('',#4743);
#1756=VERTEX_POINT('',#4747);
#1757=VERTEX_POINT('',#4748);
#1758=VERTEX_POINT('',#4750);
#1759=VERTEX_POINT('',#4752);
#1760=VERTEX_POINT('',#4756);
#1761=VERTEX_POINT('',#4757);
#1762=VERTEX_POINT('',#4759);
#1763=VERTEX_POINT('',#4761);
#1764=VERTEX_POINT('',#4765);
#1765=VERTEX_POINT('',#4766);
#1766=VERTEX_POINT('',#4768);
#1767=VERTEX_POINT('',#4770);
#1768=VERTEX_POINT('',#4774);
#1769=VERTEX_POINT('',#4775);
#1770=VERTEX_POINT('',#4777);
#1771=VERTEX_POINT('',#4779);
#1772=VERTEX_POINT('',#4783);
#1773=VERTEX_POINT('',#4784);
#1774=VERTEX_POINT('',#4786);
#1775=VERTEX_POINT('',#4788);
#1776=VERTEX_POINT('',#4790);
#1777=VERTEX_POINT('',#4792);
#1778=VERTEX_POINT('',#4794);
#1779=VERTEX_POINT('',#4796);
#1780=VERTEX_POINT('',#4798);
#1781=VERTEX_POINT('',#4800);
#1782=VERTEX_POINT('',#4802);
#1783=VERTEX_POINT('',#4804);
#1784=VERTEX_POINT('',#4806);
#1785=VERTEX_POINT('',#4808);
#1786=VERTEX_POINT('',#4810);
#1787=VERTEX_POINT('',#4812);
#1788=VERTEX_POINT('',#4814);
#1789=VERTEX_POINT('',#4816);
#1790=VERTEX_POINT('',#4818);
#1791=VERTEX_POINT('',#4820);
#1792=VERTEX_POINT('',#4822);
#1793=VERTEX_POINT('',#4824);
#1794=LINE('',#4117,#2005);
#1795=LINE('',#4120,#2006);
#1796=LINE('',#4122,#2007);
#1797=LINE('',#4124,#2008);
#1798=LINE('',#4126,#2009);
#1799=LINE('',#4129,#2010);
#1800=LINE('',#4131,#2011);
#1801=LINE('',#4133,#2012);
#1802=LINE('',#4137,#2013);
#1803=LINE('',#4138,#2014);
#1804=LINE('',#4150,#2015);
#1805=LINE('',#4153,#2016);
#1806=LINE('',#4155,#2017);
#1807=LINE('',#4157,#2018);
#1808=LINE('',#4159,#2019);
#1809=LINE('',#4162,#2020);
#1810=LINE('',#4163,#2021);
#1811=LINE('',#4165,#2022);
#1812=LINE('',#4168,#2023);
#1813=LINE('',#4170,#2024);
#1814=LINE('',#4172,#2025);
#1815=LINE('',#4174,#2026);
#1816=LINE('',#4176,#2027);
#1817=LINE('',#4178,#2028);
#1818=LINE('',#4180,#2029);
#1819=LINE('',#4183,#2030);
#1820=LINE('',#4185,#2031);
#1821=LINE('',#4187,#2032);
#1822=LINE('',#4189,#2033);
#1823=LINE('',#4193,#2034);
#1824=LINE('',#4197,#2035);
#1825=LINE('',#4201,#2036);
#1826=LINE('',#4205,#2037);
#1827=LINE('',#4209,#2038);
#1828=LINE('',#4211,#2039);
#1829=LINE('',#4215,#2040);
#1830=LINE('',#4219,#2041);
#1831=LINE('',#4223,#2042);
#1832=LINE('',#4227,#2043);
#1833=LINE('',#4231,#2044);
#1834=LINE('',#4233,#2045);
#1835=LINE('',#4241,#2046);
#1836=LINE('',#4247,#2047);
#1837=LINE('',#4253,#2048);
#1838=LINE('',#4256,#2049);
#1839=LINE('',#4258,#2050);
#1840=LINE('',#4260,#2051);
#1841=LINE('',#4261,#2052);
#1842=LINE('',#4263,#2053);
#1843=LINE('',#4265,#2054);
#1844=LINE('',#4267,#2055);
#1845=LINE('',#4273,#2056);
#1846=LINE('',#4275,#2057);
#1847=LINE('',#4278,#2058);
#1848=LINE('',#4280,#2059);
#1849=LINE('',#4282,#2060);
#1850=LINE('',#4284,#2061);
#1851=LINE('',#4286,#2062);
#1852=LINE('',#4288,#2063);
#1853=LINE('',#4291,#2064);
#1854=LINE('',#4293,#2065);
#1855=LINE('',#4295,#2066);
#1856=LINE('',#4297,#2067);
#1857=LINE('',#4300,#2068);
#1858=LINE('',#4302,#2069);
#1859=LINE('',#4304,#2070);
#1860=LINE('',#4306,#2071);
#1861=LINE('',#4309,#2072);
#1862=LINE('',#4311,#2073);
#1863=LINE('',#4313,#2074);
#1864=LINE('',#4315,#2075);
#1865=LINE('',#4318,#2076);
#1866=LINE('',#4320,#2077);
#1867=LINE('',#4322,#2078);
#1868=LINE('',#4324,#2079);
#1869=LINE('',#4327,#2080);
#1870=LINE('',#4329,#2081);
#1871=LINE('',#4331,#2082);
#1872=LINE('',#4333,#2083);
#1873=LINE('',#4335,#2084);
#1874=LINE('',#4337,#2085);
#1875=LINE('',#4339,#2086);
#1876=LINE('',#4340,#2087);
#1877=LINE('',#4343,#2088);
#1878=LINE('',#4345,#2089);
#1879=LINE('',#4347,#2090);
#1880=LINE('',#4348,#2091);
#1881=LINE('',#4350,#2092);
#1882=LINE('',#4352,#2093);
#1883=LINE('',#4354,#2094);
#1884=LINE('',#4355,#2095);
#1885=LINE('',#4357,#2096);
#1886=LINE('',#4359,#2097);
#1887=LINE('',#4361,#2098);
#1888=LINE('',#4362,#2099);
#1889=LINE('',#4364,#2100);
#1890=LINE('',#4366,#2101);
#1891=LINE('',#4368,#2102);
#1892=LINE('',#4370,#2103);
#1893=LINE('',#4372,#2104);
#1894=LINE('',#4375,#2105);
#1895=LINE('',#4377,#2106);
#1896=LINE('',#4379,#2107);
#1897=LINE('',#4381,#2108);
#1898=LINE('',#4384,#2109);
#1899=LINE('',#4386,#2110);
#1900=LINE('',#4388,#2111);
#1901=LINE('',#4390,#2112);
#1902=LINE('',#4393,#2113);
#1903=LINE('',#4395,#2114);
#1904=LINE('',#4397,#2115);
#1905=LINE('',#4399,#2116);
#1906=LINE('',#4402,#2117);
#1907=LINE('',#4404,#2118);
#1908=LINE('',#4406,#2119);
#1909=LINE('',#4408,#2120);
#1910=LINE('',#4410,#2121);
#1911=LINE('',#4412,#2122);
#1912=LINE('',#4414,#2123);
#1913=LINE('',#4415,#2124);
#1914=LINE('',#4417,#2125);
#1915=LINE('',#4419,#2126);
#1916=LINE('',#4421,#2127);
#1917=LINE('',#4423,#2128);
#1918=LINE('',#4425,#2129);
#1919=LINE('',#4437,#2130);
#1920=LINE('',#4440,#2131);
#1921=LINE('',#4442,#2132);
#1922=LINE('',#4444,#2133);
#1923=LINE('',#4446,#2134);
#1924=LINE('',#4448,#2135);
#1925=LINE('',#4452,#2136);
#1926=LINE('',#4456,#2137);
#1927=LINE('',#4460,#2138);
#1928=LINE('',#4464,#2139);
#1929=LINE('',#4468,#2140);
#1930=LINE('',#4472,#2141);
#1931=LINE('',#4474,#2142);
#1932=LINE('',#4475,#2143);
#1933=LINE('',#4477,#2144);
#1934=LINE('',#4481,#2145);
#1935=LINE('',#4485,#2146);
#1936=LINE('',#4489,#2147);
#1937=LINE('',#4493,#2148);
#1938=LINE('',#4525,#2149);
#1939=LINE('',#4528,#2150);
#1940=LINE('',#4530,#2151);
#1941=LINE('',#4532,#2152);
#1942=LINE('',#4534,#2153);
#1943=LINE('',#4535,#2154);
#1944=LINE('',#4537,#2155);
#1945=LINE('',#4538,#2156);
#1946=LINE('',#4652,#2157);
#1947=LINE('',#4654,#2158);
#1948=LINE('',#4658,#2159);
#1949=LINE('',#4662,#2160);
#1950=LINE('',#4666,#2161);
#1951=LINE('',#4670,#2162);
#1952=LINE('',#4674,#2163);
#1953=LINE('',#4678,#2164);
#1954=LINE('',#4682,#2165);
#1955=LINE('',#4686,#2166);
#1956=LINE('',#4690,#2167);
#1957=LINE('',#4694,#2168);
#1958=LINE('',#4702,#2169);
#1959=LINE('',#4704,#2170);
#1960=LINE('',#4706,#2171);
#1961=LINE('',#4710,#2172);
#1962=LINE('',#4713,#2173);
#1963=LINE('',#4715,#2174);
#1964=LINE('',#4717,#2175);
#1965=LINE('',#4719,#2176);
#1966=LINE('',#4722,#2177);
#1967=LINE('',#4724,#2178);
#1968=LINE('',#4726,#2179);
#1969=LINE('',#4728,#2180);
#1970=LINE('',#4731,#2181);
#1971=LINE('',#4733,#2182);
#1972=LINE('',#4735,#2183);
#1973=LINE('',#4737,#2184);
#1974=LINE('',#4740,#2185);
#1975=LINE('',#4742,#2186);
#1976=LINE('',#4744,#2187);
#1977=LINE('',#4746,#2188);
#1978=LINE('',#4749,#2189);
#1979=LINE('',#4751,#2190);
#1980=LINE('',#4753,#2191);
#1981=LINE('',#4755,#2192);
#1982=LINE('',#4758,#2193);
#1983=LINE('',#4760,#2194);
#1984=LINE('',#4762,#2195);
#1985=LINE('',#4764,#2196);
#1986=LINE('',#4767,#2197);
#1987=LINE('',#4769,#2198);
#1988=LINE('',#4771,#2199);
#1989=LINE('',#4773,#2200);
#1990=LINE('',#4776,#2201);
#1991=LINE('',#4778,#2202);
#1992=LINE('',#4780,#2203);
#1993=LINE('',#4782,#2204);
#1994=LINE('',#4787,#2205);
#1995=LINE('',#4791,#2206);
#1996=LINE('',#4795,#2207);
#1997=LINE('',#4799,#2208);
#1998=LINE('',#4803,#2209);
#1999=LINE('',#4807,#2210);
#2000=LINE('',#4811,#2211);
#2001=LINE('',#4815,#2212);
#2002=LINE('',#4819,#2213);
#2003=LINE('',#4823,#2214);
#2004=LINE('',#4825,#2215);
#2005=VECTOR('',#3182,1.);
#2006=VECTOR('',#3183,1.);
#2007=VECTOR('',#3184,1.);
#2008=VECTOR('',#3185,1.);
#2009=VECTOR('',#3188,1.);
#2010=VECTOR('',#3189,1.);
#2011=VECTOR('',#3190,1.);
#2012=VECTOR('',#3191,1.);
#2013=VECTOR('',#3196,1.);
#2014=VECTOR('',#3197,1.);
#2015=VECTOR('',#3210,1.);
#2016=VECTOR('',#3211,1.);
#2017=VECTOR('',#3212,1.);
#2018=VECTOR('',#3213,1.);
#2019=VECTOR('',#3216,1.);
#2020=VECTOR('',#3217,1.);
#2021=VECTOR('',#3218,1.);
#2022=VECTOR('',#3221,1.);
#2023=VECTOR('',#3222,1.);
#2024=VECTOR('',#3223,1.);
#2025=VECTOR('',#3224,1.);
#2026=VECTOR('',#3227,1.);
#2027=VECTOR('',#3228,1.);
#2028=VECTOR('',#3229,1.);
#2029=VECTOR('',#3232,1.);
#2030=VECTOR('',#3233,1.);
#2031=VECTOR('',#3234,1.);
#2032=VECTOR('',#3235,1.);
#2033=VECTOR('',#3238,1.);
#2034=VECTOR('',#3241,1.);
#2035=VECTOR('',#3244,1.);
#2036=VECTOR('',#3247,1.);
#2037=VECTOR('',#3250,1.);
#2038=VECTOR('',#3253,1.);
#2039=VECTOR('',#3256,1.);
#2040=VECTOR('',#3259,1.);
#2041=VECTOR('',#3262,1.);
#2042=VECTOR('',#3265,1.);
#2043=VECTOR('',#3268,1.);
#2044=VECTOR('',#3271,1.);
#2045=VECTOR('',#3274,1.);
#2046=VECTOR('',#3283,1.);
#2047=VECTOR('',#3290,1.);
#2048=VECTOR('',#3297,1.);
#2049=VECTOR('',#3298,1.);
#2050=VECTOR('',#3299,1.);
#2051=VECTOR('',#3300,1.);
#2052=VECTOR('',#3301,1.);
#2053=VECTOR('',#3302,1.);
#2054=VECTOR('',#3303,1.);
#2055=VECTOR('',#3306,1.);
#2056=VECTOR('',#3313,1.);
#2057=VECTOR('',#3316,1.);
#2058=VECTOR('',#3317,1.);
#2059=VECTOR('',#3318,1.);
#2060=VECTOR('',#3319,1.);
#2061=VECTOR('',#3320,1.);
#2062=VECTOR('',#3321,1.);
#2063=VECTOR('',#3324,1.);
#2064=VECTOR('',#3325,1.);
#2065=VECTOR('',#3326,1.);
#2066=VECTOR('',#3327,1.);
#2067=VECTOR('',#3330,1.);
#2068=VECTOR('',#3331,1.);
#2069=VECTOR('',#3332,1.);
#2070=VECTOR('',#3333,1.);
#2071=VECTOR('',#3336,1.);
#2072=VECTOR('',#3337,1.);
#2073=VECTOR('',#3338,1.);
#2074=VECTOR('',#3339,1.);
#2075=VECTOR('',#3342,1.);
#2076=VECTOR('',#3343,1.);
#2077=VECTOR('',#3344,1.);
#2078=VECTOR('',#3345,1.);
#2079=VECTOR('',#3348,1.);
#2080=VECTOR('',#3349,1.);
#2081=VECTOR('',#3350,1.);
#2082=VECTOR('',#3351,1.);
#2083=VECTOR('',#3352,1.);
#2084=VECTOR('',#3353,1.);
#2085=VECTOR('',#3354,1.);
#2086=VECTOR('',#3355,1.);
#2087=VECTOR('',#3356,1.);
#2088=VECTOR('',#3357,1.);
#2089=VECTOR('',#3358,1.);
#2090=VECTOR('',#3359,1.);
#2091=VECTOR('',#3360,1.);
#2092=VECTOR('',#3361,1.);
#2093=VECTOR('',#3362,1.);
#2094=VECTOR('',#3363,1.);
#2095=VECTOR('',#3364,1.);
#2096=VECTOR('',#3365,1.);
#2097=VECTOR('',#3366,1.);
#2098=VECTOR('',#3367,1.);
#2099=VECTOR('',#3368,1.);
#2100=VECTOR('',#3369,1.);
#2101=VECTOR('',#3370,1.);
#2102=VECTOR('',#3371,1.);
#2103=VECTOR('',#3372,1.);
#2104=VECTOR('',#3375,1.);
#2105=VECTOR('',#3376,1.);
#2106=VECTOR('',#3377,1.);
#2107=VECTOR('',#3378,1.);
#2108=VECTOR('',#3381,1.);
#2109=VECTOR('',#3382,1.);
#2110=VECTOR('',#3383,1.);
#2111=VECTOR('',#3384,1.);
#2112=VECTOR('',#3387,1.);
#2113=VECTOR('',#3388,1.);
#2114=VECTOR('',#3389,1.);
#2115=VECTOR('',#3390,1.);
#2116=VECTOR('',#3393,1.);
#2117=VECTOR('',#3394,1.);
#2118=VECTOR('',#3395,1.);
#2119=VECTOR('',#3396,1.);
#2120=VECTOR('',#3399,1.);
#2121=VECTOR('',#3400,1.);
#2122=VECTOR('',#3401,1.);
#2123=VECTOR('',#3402,1.);
#2124=VECTOR('',#3403,1.);
#2125=VECTOR('',#3404,1.);
#2126=VECTOR('',#3405,1.);
#2127=VECTOR('',#3406,1.);
#2128=VECTOR('',#3407,1.);
#2129=VECTOR('',#3408,1.);
#2130=VECTOR('',#3421,1.);
#2131=VECTOR('',#3422,1.);
#2132=VECTOR('',#3423,1.);
#2133=VECTOR('',#3424,1.);
#2134=VECTOR('',#3425,1.);
#2135=VECTOR('',#3426,1.);
#2136=VECTOR('',#3429,1.);
#2137=VECTOR('',#3432,1.);
#2138=VECTOR('',#3435,1.);
#2139=VECTOR('',#3438,1.);
#2140=VECTOR('',#3441,1.);
#2141=VECTOR('',#3444,1.);
#2142=VECTOR('',#3445,1.);
#2143=VECTOR('',#3446,1.);
#2144=VECTOR('',#3447,1.);
#2145=VECTOR('',#3450,1.);
#2146=VECTOR('',#3453,1.);
#2147=VECTOR('',#3456,1.);
#2148=VECTOR('',#3459,1.);
#2149=VECTOR('',#3522,1.);
#2150=VECTOR('',#3523,1.);
#2151=VECTOR('',#3524,1.);
#2152=VECTOR('',#3525,1.);
#2153=VECTOR('',#3528,1.);
#2154=VECTOR('',#3529,1.);
#2155=VECTOR('',#3532,1.);
#2156=VECTOR('',#3533,1.);
#2157=VECTOR('',#3760,1.);
#2158=VECTOR('',#3761,1.);
#2159=VECTOR('',#3764,1.);
#2160=VECTOR('',#3767,1.);
#2161=VECTOR('',#3770,1.);
#2162=VECTOR('',#3773,1.);
#2163=VECTOR('',#3778,1.);
#2164=VECTOR('',#3781,1.);
#2165=VECTOR('',#3784,1.);
#2166=VECTOR('',#3787,1.);
#2167=VECTOR('',#3790,1.);
#2168=VECTOR('',#3793,1.);
#2169=VECTOR('',#3808,1.);
#2170=VECTOR('',#3809,1.);
#2171=VECTOR('',#3810,1.);
#2172=VECTOR('',#3817,1.);
#2173=VECTOR('',#3818,1.);
#2174=VECTOR('',#3819,1.);
#2175=VECTOR('',#3820,1.);
#2176=VECTOR('',#3823,1.);
#2177=VECTOR('',#3824,1.);
#2178=VECTOR('',#3825,1.);
#2179=VECTOR('',#3826,1.);
#2180=VECTOR('',#3829,1.);
#2181=VECTOR('',#3830,1.);
#2182=VECTOR('',#3831,1.);
#2183=VECTOR('',#3832,1.);
#2184=VECTOR('',#3835,1.);
#2185=VECTOR('',#3836,1.);
#2186=VECTOR('',#3837,1.);
#2187=VECTOR('',#3838,1.);
#2188=VECTOR('',#3841,1.);
#2189=VECTOR('',#3842,1.);
#2190=VECTOR('',#3843,1.);
#2191=VECTOR('',#3844,1.);
#2192=VECTOR('',#3847,1.);
#2193=VECTOR('',#3848,1.);
#2194=VECTOR('',#3849,1.);
#2195=VECTOR('',#3850,1.);
#2196=VECTOR('',#3853,1.);
#2197=VECTOR('',#3854,1.);
#2198=VECTOR('',#3855,1.);
#2199=VECTOR('',#3856,1.);
#2200=VECTOR('',#3859,1.);
#2201=VECTOR('',#3860,1.);
#2202=VECTOR('',#3861,1.);
#2203=VECTOR('',#3862,1.);
#2204=VECTOR('',#3865,1.);
#2205=VECTOR('',#3868,1.);
#2206=VECTOR('',#3871,1.);
#2207=VECTOR('',#3874,1.);
#2208=VECTOR('',#3877,1.);
#2209=VECTOR('',#3880,1.);
#2210=VECTOR('',#3883,1.);
#2211=VECTOR('',#3886,1.);
#2212=VECTOR('',#3889,1.);
#2213=VECTOR('',#3892,1.);
#2214=VECTOR('',#3895,1.);
#2215=VECTOR('',#3896,1.);
#2216=EDGE_LOOP('',(#333,#334,#335,#336));
#2217=EDGE_LOOP('',(#337,#338,#339,#340));
#2218=EDGE_LOOP('',(#341));
#2219=EDGE_LOOP('',(#342,#343,#344,#345));
#2220=EDGE_LOOP('',(#346));
#2221=EDGE_LOOP('',(#347));
#2222=EDGE_LOOP('',(#348));
#2223=EDGE_LOOP('',(#349));
#2224=EDGE_LOOP('',(#350));
#2225=EDGE_LOOP('',(#351,#352,#353,#354));
#2226=EDGE_LOOP('',(#355,#356,#357,#358));
#2227=EDGE_LOOP('',(#359,#360,#361,#362));
#2228=EDGE_LOOP('',(#363,#364,#365,#366));
#2229=EDGE_LOOP('',(#367,#368,#369,#370));
#2230=EDGE_LOOP('',(#371,#372,#373,#374,#375,#376,#377,#378,#379,#380,#381,
#382));
#2231=EDGE_LOOP('',(#383,#384,#385,#386,#387,#388,#389,#390,#391,#392,#393,
#394));
#2232=EDGE_LOOP('',(#395,#396,#397,#398));
#2233=EDGE_LOOP('',(#399,#400,#401,#402));
#2234=EDGE_LOOP('',(#403,#404,#405,#406));
#2235=EDGE_LOOP('',(#407));
#2236=EDGE_LOOP('',(#408,#409,#410,#411));
#2237=EDGE_LOOP('',(#412,#413,#414,#415,#416,#417));
#2238=EDGE_LOOP('',(#418,#419,#420,#421));
#2239=EDGE_LOOP('',(#422,#423,#424,#425));
#2240=EDGE_LOOP('',(#426,#427,#428,#429,#430,#431));
#2241=EDGE_LOOP('',(#432,#433,#434,#435));
#2242=EDGE_LOOP('',(#436,#437,#438,#439));
#2243=EDGE_LOOP('',(#440,#441,#442,#443));
#2244=EDGE_LOOP('',(#444,#445,#446,#447));
#2245=EDGE_LOOP('',(#448,#449,#450,#451,#452,#453,#454,#455));
#2246=EDGE_LOOP('',(#456,#457,#458,#459,#460,#461,#462,#463,#464,#465,#466,
#467,#468,#469,#470,#471,#472,#473,#474,#475,#476,#477));
#2247=EDGE_LOOP('',(#478,#479,#480,#481));
#2248=EDGE_LOOP('',(#482,#483,#484,#485));
#2249=EDGE_LOOP('',(#486,#487,#488,#489));
#2250=EDGE_LOOP('',(#490,#491,#492,#493));
#2251=EDGE_LOOP('',(#494,#495,#496,#497,#498,#499,#500,#501,#502,#503,#504,
#505));
#2252=EDGE_LOOP('',(#506));
#2253=EDGE_LOOP('',(#507));
#2254=EDGE_LOOP('',(#508));
#2255=EDGE_LOOP('',(#509));
#2256=EDGE_LOOP('',(#510));
#2257=EDGE_LOOP('',(#511,#512,#513,#514,#515,#516));
#2258=EDGE_LOOP('',(#517,#518,#519,#520,#521,#522,#523,#524,#525,#526,#527,
#528,#529,#530,#531,#532,#533,#534,#535,#536,#537,#538,#539,#540,#541,#542,
#543,#544));
#2259=EDGE_LOOP('',(#545,#546,#547,#548));
#2260=EDGE_LOOP('',(#549,#550,#551,#552));
#2261=EDGE_LOOP('',(#553,#554,#555,#556));
#2262=EDGE_LOOP('',(#557,#558,#559,#560));
#2263=EDGE_LOOP('',(#561,#562,#563,#564));
#2264=EDGE_LOOP('',(#565,#566,#567,#568));
#2265=EDGE_LOOP('',(#569,#570,#571,#572));
#2266=EDGE_LOOP('',(#573,#574,#575,#576));
#2267=EDGE_LOOP('',(#577,#578,#579,#580));
#2268=EDGE_LOOP('',(#581,#582,#583,#584));
#2269=EDGE_LOOP('',(#585,#586,#587,#588));
#2270=EDGE_LOOP('',(#589,#590,#591,#592));
#2271=EDGE_LOOP('',(#593,#594,#595,#596));
#2272=EDGE_LOOP('',(#597,#598,#599,#600));
#2273=EDGE_LOOP('',(#601,#602,#603,#604));
#2274=EDGE_LOOP('',(#605,#606,#607,#608));
#2275=EDGE_LOOP('',(#609,#610,#611,#612));
#2276=EDGE_LOOP('',(#613,#614,#615,#616));
#2277=EDGE_LOOP('',(#617,#618,#619,#620));
#2278=EDGE_LOOP('',(#621,#622,#623,#624));
#2279=EDGE_LOOP('',(#625,#626,#627,#628));
#2280=EDGE_LOOP('',(#629,#630,#631,#632));
#2281=EDGE_LOOP('',(#633,#634,#635,#636));
#2282=EDGE_LOOP('',(#637,#638,#639,#640));
#2283=EDGE_LOOP('',(#641,#642,#643,#644));
#2284=EDGE_LOOP('',(#645,#646,#647,#648));
#2285=EDGE_LOOP('',(#649,#650,#651,#652));
#2286=EDGE_LOOP('',(#653,#654,#655,#656));
#2287=EDGE_LOOP('',(#657,#658,#659,#660));
#2288=EDGE_LOOP('',(#661,#662,#663,#664));
#2289=EDGE_LOOP('',(#665,#666,#667,#668));
#2290=EDGE_LOOP('',(#669,#670,#671,#672));
#2291=EDGE_LOOP('',(#673,#674,#675,#676));
#2292=EDGE_LOOP('',(#677,#678,#679,#680));
#2293=EDGE_LOOP('',(#681,#682,#683,#684,#685,#686,#687,#688));
#2294=EDGE_LOOP('',(#689,#690,#691,#692));
#2295=EDGE_LOOP('',(#693,#694,#695,#696));
#2296=EDGE_LOOP('',(#697,#698,#699,#700));
#2297=EDGE_LOOP('',(#701,#702,#703,#704));
#2298=EDGE_LOOP('',(#705,#706,#707,#708));
#2299=EDGE_LOOP('',(#709,#710,#711,#712));
#2300=EDGE_LOOP('',(#713,#714,#715,#716));
#2301=EDGE_LOOP('',(#717,#718,#719,#720));
#2302=EDGE_LOOP('',(#721,#722,#723,#724));
#2303=EDGE_LOOP('',(#725,#726,#727,#728));
#2304=EDGE_LOOP('',(#729,#730,#731,#732));
#2305=EDGE_LOOP('',(#733,#734,#735,#736));
#2306=EDGE_LOOP('',(#737,#738,#739,#740));
#2307=EDGE_LOOP('',(#741,#742,#743,#744));
#2308=EDGE_LOOP('',(#745,#746,#747,#748));
#2309=EDGE_LOOP('',(#749,#750,#751,#752));
#2310=EDGE_LOOP('',(#753,#754,#755,#756));
#2311=EDGE_LOOP('',(#757,#758,#759,#760));
#2312=EDGE_LOOP('',(#761,#762,#763,#764));
#2313=EDGE_LOOP('',(#765,#766,#767,#768));
#2314=EDGE_LOOP('',(#769,#770,#771,#772));
#2315=EDGE_LOOP('',(#773,#774,#775,#776));
#2316=EDGE_LOOP('',(#777,#778,#779,#780));
#2317=EDGE_LOOP('',(#781,#782,#783,#784));
#2318=EDGE_LOOP('',(#785,#786,#787,#788,#789,#790,#791,#792));
#2319=EDGE_LOOP('',(#793));
#2320=EDGE_LOOP('',(#794));
#2321=EDGE_LOOP('',(#795));
#2322=EDGE_LOOP('',(#796));
#2323=EDGE_LOOP('',(#797));
#2324=EDGE_LOOP('',(#798));
#2325=EDGE_LOOP('',(#799));
#2326=EDGE_LOOP('',(#800));
#2327=EDGE_LOOP('',(#801));
#2328=EDGE_LOOP('',(#802));
#2329=EDGE_LOOP('',(#803,#804,#805,#806));
#2330=EDGE_LOOP('',(#807,#808,#809,#810));
#2331=EDGE_LOOP('',(#811,#812,#813,#814));
#2332=EDGE_LOOP('',(#815,#816,#817,#818));
#2333=EDGE_LOOP('',(#819,#820,#821,#822));
#2334=EDGE_LOOP('',(#823,#824,#825,#826));
#2335=EDGE_LOOP('',(#827,#828,#829,#830,#831,#832,#833,#834,#835,#836,#837,
#838));
#2336=EDGE_LOOP('',(#839,#840,#841,#842,#843,#844,#845,#846,#847,#848,#849,
#850));
#2337=EDGE_LOOP('',(#851,#852,#853,#854));
#2338=EDGE_LOOP('',(#855,#856,#857,#858));
#2339=EDGE_LOOP('',(#859,#860,#861,#862));
#2340=EDGE_LOOP('',(#863,#864,#865,#866,#867,#868));
#2341=EDGE_LOOP('',(#869,#870,#871,#872));
#2342=EDGE_LOOP('',(#873,#874,#875,#876));
#2343=EDGE_LOOP('',(#877,#878,#879,#880));
#2344=EDGE_LOOP('',(#881,#882,#883,#884));
#2345=EDGE_LOOP('',(#885,#886,#887,#888));
#2346=EDGE_LOOP('',(#889,#890,#891,#892));
#2347=EDGE_LOOP('',(#893,#894,#895,#896));
#2348=EDGE_LOOP('',(#897,#898,#899,#900));
#2349=EDGE_LOOP('',(#901,#902,#903,#904));
#2350=EDGE_LOOP('',(#905,#906,#907,#908,#909,#910,#911,#912,#913,#914,#915,
#916,#917,#918,#919,#920,#921,#922,#923,#924,#925,#926));
#2351=EDGE_LOOP('',(#927,#928,#929,#930));
#2352=EDGE_LOOP('',(#931,#932,#933,#934));
#2353=EDGE_LOOP('',(#935,#936,#937,#938));
#2354=EDGE_LOOP('',(#939,#940,#941,#942));
#2355=EDGE_LOOP('',(#943,#944,#945,#946));
#2356=EDGE_LOOP('',(#947,#948,#949,#950));
#2357=EDGE_LOOP('',(#951,#952,#953,#954));
#2358=EDGE_LOOP('',(#955,#956,#957,#958));
#2359=EDGE_LOOP('',(#959,#960,#961,#962));
#2360=EDGE_LOOP('',(#963,#964,#965,#966));
#2361=EDGE_LOOP('',(#967,#968,#969,#970,#971,#972,#973,#974));
#2362=EDGE_LOOP('',(#975,#976,#977,#978));
#2363=EDGE_LOOP('',(#979,#980,#981,#982));
#2364=EDGE_LOOP('',(#983,#984,#985,#986));
#2365=EDGE_LOOP('',(#987,#988,#989,#990));
#2366=EDGE_LOOP('',(#991,#992,#993,#994));
#2367=EDGE_LOOP('',(#995,#996,#997,#998));
#2368=EDGE_LOOP('',(#999,#1000,#1001,#1002));
#2369=EDGE_LOOP('',(#1003,#1004,#1005,#1006));
#2370=EDGE_LOOP('',(#1007,#1008,#1009,#1010));
#2371=EDGE_LOOP('',(#1011,#1012,#1013,#1014));
#2372=EDGE_LOOP('',(#1015,#1016,#1017,#1018));
#2373=EDGE_LOOP('',(#1019,#1020,#1021,#1022));
#2374=EDGE_LOOP('',(#1023,#1024,#1025,#1026));
#2375=EDGE_LOOP('',(#1027,#1028,#1029,#1030));
#2376=EDGE_LOOP('',(#1031,#1032,#1033,#1034));
#2377=EDGE_LOOP('',(#1035,#1036,#1037,#1038));
#2378=EDGE_LOOP('',(#1039,#1040,#1041,#1042));
#2379=EDGE_LOOP('',(#1043,#1044,#1045,#1046));
#2380=EDGE_LOOP('',(#1047,#1048,#1049,#1050));
#2381=EDGE_LOOP('',(#1051,#1052,#1053,#1054,#1055,#1056,#1057,#1058));
#2382=EDGE_LOOP('',(#1059,#1060,#1061,#1062));
#2383=EDGE_LOOP('',(#1063,#1064,#1065,#1066));
#2384=EDGE_LOOP('',(#1067,#1068,#1069,#1070));
#2385=EDGE_LOOP('',(#1071,#1072,#1073,#1074));
#2386=EDGE_LOOP('',(#1075,#1076,#1077,#1078));
#2387=EDGE_LOOP('',(#1079,#1080,#1081,#1082));
#2388=EDGE_LOOP('',(#1083,#1084,#1085,#1086));
#2389=EDGE_LOOP('',(#1087,#1088,#1089,#1090));
#2390=EDGE_LOOP('',(#1091,#1092,#1093,#1094));
#2391=EDGE_LOOP('',(#1095,#1096,#1097,#1098));
#2392=EDGE_LOOP('',(#1099,#1100,#1101,#1102));
#2393=EDGE_LOOP('',(#1103,#1104,#1105,#1106));
#2394=EDGE_LOOP('',(#1107,#1108,#1109,#1110));
#2395=EDGE_LOOP('',(#1111,#1112,#1113,#1114));
#2396=EDGE_LOOP('',(#1115,#1116,#1117,#1118));
#2397=EDGE_LOOP('',(#1119,#1120,#1121,#1122));
#2398=EDGE_LOOP('',(#1123,#1124,#1125,#1126));
#2399=EDGE_LOOP('',(#1127,#1128,#1129,#1130));
#2400=EDGE_LOOP('',(#1131,#1132,#1133));
#2401=EDGE_LOOP('',(#1134,#1135,#1136));
#2402=EDGE_LOOP('',(#1137,#1138,#1139,#1140));
#2403=EDGE_LOOP('',(#1141));
#2404=EDGE_LOOP('',(#1142));
#2405=FACE_BOUND('',#2216,.T.);
#2406=FACE_BOUND('',#2217,.T.);
#2407=FACE_BOUND('',#2218,.T.);
#2408=FACE_BOUND('',#2219,.T.);
#2409=FACE_BOUND('',#2220,.T.);
#2410=FACE_BOUND('',#2221,.T.);
#2411=FACE_BOUND('',#2222,.T.);
#2412=FACE_BOUND('',#2223,.T.);
#2413=FACE_BOUND('',#2224,.T.);
#2414=FACE_BOUND('',#2225,.T.);
#2415=FACE_BOUND('',#2226,.T.);
#2416=FACE_BOUND('',#2227,.T.);
#2417=FACE_BOUND('',#2228,.T.);
#2418=FACE_BOUND('',#2229,.T.);
#2419=FACE_BOUND('',#2230,.T.);
#2420=FACE_BOUND('',#2231,.T.);
#2421=FACE_BOUND('',#2232,.T.);
#2422=FACE_BOUND('',#2233,.T.);
#2423=FACE_BOUND('',#2234,.T.);
#2424=FACE_BOUND('',#2235,.T.);
#2425=FACE_BOUND('',#2236,.T.);
#2426=FACE_BOUND('',#2237,.T.);
#2427=FACE_BOUND('',#2238,.T.);
#2428=FACE_BOUND('',#2239,.T.);
#2429=FACE_BOUND('',#2240,.T.);
#2430=FACE_BOUND('',#2241,.T.);
#2431=FACE_BOUND('',#2242,.T.);
#2432=FACE_BOUND('',#2243,.T.);
#2433=FACE_BOUND('',#2244,.T.);
#2434=FACE_BOUND('',#2245,.T.);
#2435=FACE_BOUND('',#2246,.T.);
#2436=FACE_BOUND('',#2247,.T.);
#2437=FACE_BOUND('',#2248,.T.);
#2438=FACE_BOUND('',#2249,.T.);
#2439=FACE_BOUND('',#2250,.T.);
#2440=FACE_BOUND('',#2251,.T.);
#2441=FACE_BOUND('',#2252,.T.);
#2442=FACE_BOUND('',#2253,.T.);
#2443=FACE_BOUND('',#2254,.T.);
#2444=FACE_BOUND('',#2255,.T.);
#2445=FACE_BOUND('',#2256,.T.);
#2446=FACE_BOUND('',#2257,.T.);
#2447=FACE_BOUND('',#2258,.T.);
#2448=FACE_BOUND('',#2259,.T.);
#2449=FACE_BOUND('',#2260,.T.);
#2450=FACE_BOUND('',#2261,.T.);
#2451=FACE_BOUND('',#2262,.T.);
#2452=FACE_BOUND('',#2263,.T.);
#2453=FACE_BOUND('',#2264,.T.);
#2454=FACE_BOUND('',#2265,.T.);
#2455=FACE_BOUND('',#2266,.T.);
#2456=FACE_BOUND('',#2267,.T.);
#2457=FACE_BOUND('',#2268,.T.);
#2458=FACE_BOUND('',#2269,.T.);
#2459=FACE_BOUND('',#2270,.T.);
#2460=FACE_BOUND('',#2271,.T.);
#2461=FACE_BOUND('',#2272,.T.);
#2462=FACE_BOUND('',#2273,.T.);
#2463=FACE_BOUND('',#2274,.T.);
#2464=FACE_BOUND('',#2275,.T.);
#2465=FACE_BOUND('',#2276,.T.);
#2466=FACE_BOUND('',#2277,.T.);
#2467=FACE_BOUND('',#2278,.T.);
#2468=FACE_BOUND('',#2279,.T.);
#2469=FACE_BOUND('',#2280,.T.);
#2470=FACE_BOUND('',#2281,.T.);
#2471=FACE_BOUND('',#2282,.T.);
#2472=FACE_BOUND('',#2283,.T.);
#2473=FACE_BOUND('',#2284,.T.);
#2474=FACE_BOUND('',#2285,.T.);
#2475=FACE_BOUND('',#2286,.T.);
#2476=FACE_BOUND('',#2287,.T.);
#2477=FACE_BOUND('',#2288,.T.);
#2478=FACE_BOUND('',#2289,.T.);
#2479=FACE_BOUND('',#2290,.T.);
#2480=FACE_BOUND('',#2291,.T.);
#2481=FACE_BOUND('',#2292,.T.);
#2482=FACE_BOUND('',#2293,.T.);
#2483=FACE_BOUND('',#2294,.T.);
#2484=FACE_BOUND('',#2295,.T.);
#2485=FACE_BOUND('',#2296,.T.);
#2486=FACE_BOUND('',#2297,.T.);
#2487=FACE_BOUND('',#2298,.T.);
#2488=FACE_BOUND('',#2299,.T.);
#2489=FACE_BOUND('',#2300,.T.);
#2490=FACE_BOUND('',#2301,.T.);
#2491=FACE_BOUND('',#2302,.T.);
#2492=FACE_BOUND('',#2303,.T.);
#2493=FACE_BOUND('',#2304,.T.);
#2494=FACE_BOUND('',#2305,.T.);
#2495=FACE_BOUND('',#2306,.T.);
#2496=FACE_BOUND('',#2307,.T.);
#2497=FACE_BOUND('',#2308,.T.);
#2498=FACE_BOUND('',#2309,.T.);
#2499=FACE_BOUND('',#2310,.T.);
#2500=FACE_BOUND('',#2311,.T.);
#2501=FACE_BOUND('',#2312,.T.);
#2502=FACE_BOUND('',#2313,.T.);
#2503=FACE_BOUND('',#2314,.T.);
#2504=FACE_BOUND('',#2315,.T.);
#2505=FACE_BOUND('',#2316,.T.);
#2506=FACE_BOUND('',#2317,.T.);
#2507=FACE_BOUND('',#2318,.T.);
#2508=FACE_BOUND('',#2319,.T.);
#2509=FACE_BOUND('',#2320,.T.);
#2510=FACE_BOUND('',#2321,.T.);
#2511=FACE_BOUND('',#2322,.T.);
#2512=FACE_BOUND('',#2323,.T.);
#2513=FACE_BOUND('',#2324,.T.);
#2514=FACE_BOUND('',#2325,.T.);
#2515=FACE_BOUND('',#2326,.T.);
#2516=FACE_BOUND('',#2327,.T.);
#2517=FACE_BOUND('',#2328,.T.);
#2518=FACE_BOUND('',#2329,.T.);
#2519=FACE_BOUND('',#2330,.T.);
#2520=FACE_BOUND('',#2331,.T.);
#2521=FACE_BOUND('',#2332,.T.);
#2522=FACE_BOUND('',#2333,.T.);
#2523=FACE_BOUND('',#2334,.T.);
#2524=FACE_BOUND('',#2335,.T.);
#2525=FACE_BOUND('',#2336,.T.);
#2526=FACE_BOUND('',#2337,.T.);
#2527=FACE_BOUND('',#2338,.T.);
#2528=FACE_BOUND('',#2339,.T.);
#2529=FACE_BOUND('',#2340,.T.);
#2530=FACE_BOUND('',#2341,.T.);
#2531=FACE_BOUND('',#2342,.T.);
#2532=FACE_BOUND('',#2343,.T.);
#2533=FACE_BOUND('',#2344,.T.);
#2534=FACE_BOUND('',#2345,.T.);
#2535=FACE_BOUND('',#2346,.T.);
#2536=FACE_BOUND('',#2347,.T.);
#2537=FACE_BOUND('',#2348,.T.);
#2538=FACE_BOUND('',#2349,.T.);
#2539=FACE_BOUND('',#2350,.T.);
#2540=FACE_BOUND('',#2351,.T.);
#2541=FACE_BOUND('',#2352,.T.);
#2542=FACE_BOUND('',#2353,.T.);
#2543=FACE_BOUND('',#2354,.T.);
#2544=FACE_BOUND('',#2355,.T.);
#2545=FACE_BOUND('',#2356,.T.);
#2546=FACE_BOUND('',#2357,.T.);
#2547=FACE_BOUND('',#2358,.T.);
#2548=FACE_BOUND('',#2359,.T.);
#2549=FACE_BOUND('',#2360,.T.);
#2550=FACE_BOUND('',#2361,.T.);
#2551=FACE_BOUND('',#2362,.T.);
#2552=FACE_BOUND('',#2363,.T.);
#2553=FACE_BOUND('',#2364,.T.);
#2554=FACE_BOUND('',#2365,.T.);
#2555=FACE_BOUND('',#2366,.T.);
#2556=FACE_BOUND('',#2367,.T.);
#2557=FACE_BOUND('',#2368,.T.);
#2558=FACE_BOUND('',#2369,.T.);
#2559=FACE_BOUND('',#2370,.T.);
#2560=FACE_BOUND('',#2371,.T.);
#2561=FACE_BOUND('',#2372,.T.);
#2562=FACE_BOUND('',#2373,.T.);
#2563=FACE_BOUND('',#2374,.T.);
#2564=FACE_BOUND('',#2375,.T.);
#2565=FACE_BOUND('',#2376,.T.);
#2566=FACE_BOUND('',#2377,.T.);
#2567=FACE_BOUND('',#2378,.T.);
#2568=FACE_BOUND('',#2379,.T.);
#2569=FACE_BOUND('',#2380,.T.);
#2570=FACE_BOUND('',#2381,.T.);
#2571=FACE_BOUND('',#2382,.T.);
#2572=FACE_BOUND('',#2383,.T.);
#2573=FACE_BOUND('',#2384,.T.);
#2574=FACE_BOUND('',#2385,.T.);
#2575=FACE_BOUND('',#2386,.T.);
#2576=FACE_BOUND('',#2387,.T.);
#2577=FACE_BOUND('',#2388,.T.);
#2578=FACE_BOUND('',#2389,.T.);
#2579=FACE_BOUND('',#2390,.T.);
#2580=FACE_BOUND('',#2391,.T.);
#2581=FACE_BOUND('',#2392,.T.);
#2582=FACE_BOUND('',#2393,.T.);
#2583=FACE_BOUND('',#2394,.T.);
#2584=FACE_BOUND('',#2395,.T.);
#2585=FACE_BOUND('',#2396,.T.);
#2586=FACE_BOUND('',#2397,.T.);
#2587=FACE_BOUND('',#2398,.T.);
#2588=FACE_BOUND('',#2399,.T.);
#2589=FACE_BOUND('',#2400,.T.);
#2590=FACE_BOUND('',#2401,.T.);
#2591=FACE_BOUND('',#2402,.T.);
#2592=FACE_BOUND('',#2403,.T.);
#2593=FACE_BOUND('',#2404,.T.);
#2594=PLANE('',#2816);
#2595=PLANE('',#2817);
#2596=PLANE('',#2818);
#2597=PLANE('',#2820);
#2598=PLANE('',#2826);
#2599=PLANE('',#2827);
#2600=PLANE('',#2828);
#2601=PLANE('',#2829);
#2602=PLANE('',#2830);
#2603=PLANE('',#2836);
#2604=PLANE('',#2851);
#2605=PLANE('',#2856);
#2606=PLANE('',#2857);
#2607=PLANE('',#2858);
#2608=PLANE('',#2859);
#2609=PLANE('',#2860);
#2610=PLANE('',#2861);
#2611=PLANE('',#2862);
#2612=PLANE('',#2863);
#2613=PLANE('',#2864);
#2614=PLANE('',#2865);
#2615=PLANE('',#2866);
#2616=PLANE('',#2867);
#2617=PLANE('',#2873);
#2618=PLANE('',#2914);
#2619=PLANE('',#2915);
#2620=PLANE('',#2916);
#2621=PLANE('',#3029);
#2622=PLANE('',#3035);
#2623=PLANE('',#3047);
#2624=PLANE('',#3050);
#2625=PLANE('',#3051);
#2626=PLANE('',#3052);
#2627=PLANE('',#3053);
#2628=PLANE('',#3054);
#2629=PLANE('',#3055);
#2630=PLANE('',#3056);
#2631=PLANE('',#3057);
#2632=PLANE('',#3058);
#2633=PLANE('',#3174);
#2634=PLANE('',#3175);
#2635=ADVANCED_FACE('',(#2405),#2594,.T.);
#2636=ADVANCED_FACE('',(#2406),#2595,.T.);
#2637=ADVANCED_FACE('',(#2407,#2408),#2596,.T.);
#2638=ADVANCED_FACE('',(#2409,#2410,#2411,#2412,#2413,#2414),#2597,.F.);
#2639=ADVANCED_FACE('',(#2415),#2598,.T.);
#2640=ADVANCED_FACE('',(#2416),#2599,.T.);
#2641=ADVANCED_FACE('',(#2417),#2600,.T.);
#2642=ADVANCED_FACE('',(#2418),#2601,.F.);
#2643=ADVANCED_FACE('',(#2419),#2602,.F.);
#2644=ADVANCED_FACE('',(#2420),#2603,.F.);
#2645=ADVANCED_FACE('',(#2421),#72,.T.);
#2646=ADVANCED_FACE('',(#2422),#73,.T.);
#2647=ADVANCED_FACE('',(#2423),#74,.T.);
#2648=ADVANCED_FACE('',(#2424,#2425,#2426),#2604,.F.);
#2649=ADVANCED_FACE('',(#2427),#75,.T.);
#2650=ADVANCED_FACE('',(#2428),#2605,.F.);
#2651=ADVANCED_FACE('',(#2429),#2606,.T.);
#2652=ADVANCED_FACE('',(#2430),#2607,.F.);
#2653=ADVANCED_FACE('',(#2431),#2608,.F.);
#2654=ADVANCED_FACE('',(#2432),#2609,.F.);
#2655=ADVANCED_FACE('',(#2433),#2610,.F.);
#2656=ADVANCED_FACE('',(#2434,#2435),#2611,.F.);
#2657=ADVANCED_FACE('',(#2436),#2612,.T.);
#2658=ADVANCED_FACE('',(#2437),#2613,.T.);
#2659=ADVANCED_FACE('',(#2438),#2614,.T.);
#2660=ADVANCED_FACE('',(#2439),#2615,.T.);
#2661=ADVANCED_FACE('',(#2440,#2441,#2442,#2443,#2444,#2445),#2616,.T.);
#2662=ADVANCED_FACE('',(#2446,#2447),#2617,.T.);
#2663=ADVANCED_FACE('',(#2448),#76,.T.);
#2664=ADVANCED_FACE('',(#2449),#77,.T.);
#2665=ADVANCED_FACE('',(#2450),#78,.T.);
#2666=ADVANCED_FACE('',(#2451),#79,.F.);
#2667=ADVANCED_FACE('',(#2452),#80,.T.);
#2668=ADVANCED_FACE('',(#2453),#81,.T.);
#2669=ADVANCED_FACE('',(#2454),#82,.T.);
#2670=ADVANCED_FACE('',(#2455),#83,.F.);
#2671=ADVANCED_FACE('',(#2456),#84,.T.);
#2672=ADVANCED_FACE('',(#2457),#85,.T.);
#2673=ADVANCED_FACE('',(#2458),#2618,.F.);
#2674=ADVANCED_FACE('',(#2459),#2619,.F.);
#2675=ADVANCED_FACE('',(#2460),#2620,.T.);
#2676=ADVANCED_FACE('',(#2461),#86,.T.);
#2677=ADVANCED_FACE('',(#2462),#12,.T.);
#2678=ADVANCED_FACE('',(#2463),#87,.T.);
#2679=ADVANCED_FACE('',(#2464),#13,.T.);
#2680=ADVANCED_FACE('',(#2465),#88,.T.);
#2681=ADVANCED_FACE('',(#2466),#14,.T.);
#2682=ADVANCED_FACE('',(#2467),#89,.T.);
#2683=ADVANCED_FACE('',(#2468),#15,.T.);
#2684=ADVANCED_FACE('',(#2469),#90,.T.);
#2685=ADVANCED_FACE('',(#2470),#16,.T.);
#2686=ADVANCED_FACE('',(#2471),#91,.T.);
#2687=ADVANCED_FACE('',(#2472),#17,.T.);
#2688=ADVANCED_FACE('',(#2473),#92,.T.);
#2689=ADVANCED_FACE('',(#2474),#18,.T.);
#2690=ADVANCED_FACE('',(#2475),#93,.T.);
#2691=ADVANCED_FACE('',(#2476),#19,.T.);
#2692=ADVANCED_FACE('',(#2477),#94,.T.);
#2693=ADVANCED_FACE('',(#2478),#20,.T.);
#2694=ADVANCED_FACE('',(#2479),#95,.T.);
#2695=ADVANCED_FACE('',(#2480),#21,.T.);
#2696=ADVANCED_FACE('',(#2481),#96,.T.);
#2697=ADVANCED_FACE('',(#2482),#97,.T.);
#2698=ADVANCED_FACE('',(#2483),#22,.T.);
#2699=ADVANCED_FACE('',(#2484),#98,.T.);
#2700=ADVANCED_FACE('',(#2485),#23,.T.);
#2701=ADVANCED_FACE('',(#2486),#99,.T.);
#2702=ADVANCED_FACE('',(#2487),#24,.T.);
#2703=ADVANCED_FACE('',(#2488),#100,.T.);
#2704=ADVANCED_FACE('',(#2489),#25,.T.);
#2705=ADVANCED_FACE('',(#2490),#101,.T.);
#2706=ADVANCED_FACE('',(#2491),#26,.T.);
#2707=ADVANCED_FACE('',(#2492),#27,.T.);
#2708=ADVANCED_FACE('',(#2493),#102,.T.);
#2709=ADVANCED_FACE('',(#2494),#28,.T.);
#2710=ADVANCED_FACE('',(#2495),#103,.T.);
#2711=ADVANCED_FACE('',(#2496),#29,.T.);
#2712=ADVANCED_FACE('',(#2497),#104,.T.);
#2713=ADVANCED_FACE('',(#2498),#30,.T.);
#2714=ADVANCED_FACE('',(#2499),#105,.T.);
#2715=ADVANCED_FACE('',(#2500),#31,.T.);
#2716=ADVANCED_FACE('',(#2501),#106,.T.);
#2717=ADVANCED_FACE('',(#2502),#107,.T.);
#2718=ADVANCED_FACE('',(#2503),#108,.T.);
#2719=ADVANCED_FACE('',(#2504),#109,.T.);
#2720=ADVANCED_FACE('',(#2505),#110,.T.);
#2721=ADVANCED_FACE('',(#2506),#111,.T.);
#2722=ADVANCED_FACE('',(#2507),#112,.T.);
#2723=ADVANCED_FACE('',(#2508,#2509),#113,.F.);
#2724=ADVANCED_FACE('',(#2510,#2511),#114,.F.);
#2725=ADVANCED_FACE('',(#2512,#2513),#115,.F.);
#2726=ADVANCED_FACE('',(#2514,#2515),#116,.F.);
#2727=ADVANCED_FACE('',(#2516,#2517),#117,.F.);
#2728=ADVANCED_FACE('',(#2518),#118,.T.);
#2729=ADVANCED_FACE('',(#2519),#119,.T.);
#2730=ADVANCED_FACE('',(#2520),#120,.T.);
#2731=ADVANCED_FACE('',(#2521),#121,.T.);
#2732=ADVANCED_FACE('',(#2522),#122,.T.);
#2733=ADVANCED_FACE('',(#2523),#123,.T.);
#2734=ADVANCED_FACE('',(#2524),#2621,.F.);
#2735=ADVANCED_FACE('',(#2525),#2622,.F.);
#2736=ADVANCED_FACE('',(#2526),#124,.T.);
#2737=ADVANCED_FACE('',(#2527),#125,.T.);
#2738=ADVANCED_FACE('',(#2528),#126,.T.);
#2739=ADVANCED_FACE('',(#2529),#2623,.F.);
#2740=ADVANCED_FACE('',(#2530),#127,.T.);
#2741=ADVANCED_FACE('',(#2531),#2624,.F.);
#2742=ADVANCED_FACE('',(#2532),#2625,.F.);
#2743=ADVANCED_FACE('',(#2533),#2626,.F.);
#2744=ADVANCED_FACE('',(#2534),#2627,.F.);
#2745=ADVANCED_FACE('',(#2535),#2628,.T.);
#2746=ADVANCED_FACE('',(#2536),#2629,.T.);
#2747=ADVANCED_FACE('',(#2537),#2630,.T.);
#2748=ADVANCED_FACE('',(#2538),#2631,.T.);
#2749=ADVANCED_FACE('',(#2539),#2632,.T.);
#2750=ADVANCED_FACE('',(#2540),#128,.T.);
#2751=ADVANCED_FACE('',(#2541),#129,.T.);
#2752=ADVANCED_FACE('',(#2542),#130,.T.);
#2753=ADVANCED_FACE('',(#2543),#131,.F.);
#2754=ADVANCED_FACE('',(#2544),#132,.T.);
#2755=ADVANCED_FACE('',(#2545),#133,.T.);
#2756=ADVANCED_FACE('',(#2546),#134,.T.);
#2757=ADVANCED_FACE('',(#2547),#135,.F.);
#2758=ADVANCED_FACE('',(#2548),#136,.T.);
#2759=ADVANCED_FACE('',(#2549),#137,.T.);
#2760=ADVANCED_FACE('',(#2550),#138,.T.);
#2761=ADVANCED_FACE('',(#2551),#32,.T.);
#2762=ADVANCED_FACE('',(#2552),#139,.T.);
#2763=ADVANCED_FACE('',(#2553),#33,.T.);
#2764=ADVANCED_FACE('',(#2554),#140,.T.);
#2765=ADVANCED_FACE('',(#2555),#34,.T.);
#2766=ADVANCED_FACE('',(#2556),#141,.T.);
#2767=ADVANCED_FACE('',(#2557),#35,.T.);
#2768=ADVANCED_FACE('',(#2558),#142,.T.);
#2769=ADVANCED_FACE('',(#2559),#36,.T.);
#2770=ADVANCED_FACE('',(#2560),#143,.T.);
#2771=ADVANCED_FACE('',(#2561),#37,.T.);
#2772=ADVANCED_FACE('',(#2562),#144,.T.);
#2773=ADVANCED_FACE('',(#2563),#38,.T.);
#2774=ADVANCED_FACE('',(#2564),#145,.T.);
#2775=ADVANCED_FACE('',(#2565),#39,.T.);
#2776=ADVANCED_FACE('',(#2566),#146,.T.);
#2777=ADVANCED_FACE('',(#2567),#40,.T.);
#2778=ADVANCED_FACE('',(#2568),#147,.T.);
#2779=ADVANCED_FACE('',(#2569),#41,.T.);
#2780=ADVANCED_FACE('',(#2570),#148,.T.);
#2781=ADVANCED_FACE('',(#2571),#42,.T.);
#2782=ADVANCED_FACE('',(#2572),#149,.T.);
#2783=ADVANCED_FACE('',(#2573),#43,.T.);
#2784=ADVANCED_FACE('',(#2574),#150,.T.);
#2785=ADVANCED_FACE('',(#2575),#44,.T.);
#2786=ADVANCED_FACE('',(#2576),#151,.T.);
#2787=ADVANCED_FACE('',(#2577),#45,.T.);
#2788=ADVANCED_FACE('',(#2578),#152,.T.);
#2789=ADVANCED_FACE('',(#2579),#46,.T.);
#2790=ADVANCED_FACE('',(#2580),#47,.T.);
#2791=ADVANCED_FACE('',(#2581),#153,.T.);
#2792=ADVANCED_FACE('',(#2582),#48,.T.);
#2793=ADVANCED_FACE('',(#2583),#154,.T.);
#2794=ADVANCED_FACE('',(#2584),#49,.T.);
#2795=ADVANCED_FACE('',(#2585),#155,.T.);
#2796=ADVANCED_FACE('',(#2586),#50,.T.);
#2797=ADVANCED_FACE('',(#2587),#156,.T.);
#2798=ADVANCED_FACE('',(#2588),#51,.T.);
#2799=ADVANCED_FACE('',(#2589),#2633,.T.);
#2800=ADVANCED_FACE('',(#2590),#2634,.F.);
#2801=ADVANCED_FACE('',(#2591),#157,.T.);
#2802=ADVANCED_FACE('',(#2592,#2593),#158,.F.);
#2803=CLOSED_SHELL('',(#2635,#2636,#2637,#2638,#2639,#2640,#2641,#2642,
#2643,#2644,#2645,#2646,#2647,#2648,#2649,#2650,#2651,#2652,#2653,#2654,
#2655,#2656,#2657,#2658,#2659,#2660,#2661,#2662,#2663,#2664,#2665,#2666,
#2667,#2668,#2669,#2670,#2671,#2672,#2673,#2674,#2675,#2676,#2677,#2678,
#2679,#2680,#2681,#2682,#2683,#2684,#2685,#2686,#2687,#2688,#2689,#2690,
#2691,#2692,#2693,#2694,#2695,#2696,#2697,#2698,#2699,#2700,#2701,#2702,
#2703,#2704,#2705,#2706,#2707,#2708,#2709,#2710,#2711,#2712,#2713,#2714,
#2715,#2716,#2717,#2718,#2719,#2720,#2721,#2722,#2723,#2724,#2725,#2726,
#2727,#2728,#2729,#2730,#2731,#2732,#2733,#2734,#2735,#2736,#2737,#2738,
#2739,#2740,#2741,#2742,#2743,#2744,#2745,#2746,#2747,#2748,#2749,#2750,
#2751,#2752,#2753,#2754,#2755,#2756,#2757,#2758,#2759,#2760,#2761,#2762,
#2763,#2764,#2765,#2766,#2767,#2768,#2769,#2770,#2771,#2772,#2773,#2774,
#2775,#2776,#2777,#2778,#2779,#2780,#2781,#2782,#2783,#2784,#2785,#2786,
#2787,#2788,#2789,#2790,#2791,#2792,#2793,#2794,#2795,#2796,#2797,#2798,
#2799,#2800,#2801,#2802));
#2804=STYLED_ITEM('',(#2805),#2812);
#2805=PRESENTATION_STYLE_ASSIGNMENT((#2806));
#2806=SURFACE_STYLE_USAGE(.BOTH.,#2807);
#2807=SURFACE_SIDE_STYLE('',(#2808));
#2808=SURFACE_STYLE_FILL_AREA(#2809);
#2809=FILL_AREA_STYLE('',(#2810));
#2810=FILL_AREA_STYLE_COLOUR('',#2811);
#2811=COLOUR_RGB('',0.917647058823529,0.917647058823529,0.917647058823529);
#2812=MANIFOLD_SOLID_BREP('End Plate Electronics',#2803);
#2813=SHAPE_DEFINITION_REPRESENTATION(#4941,#2814);
#2814=SHAPE_REPRESENTATION('End Plate Electronics',(#2815),#4936);
#2815=AXIS2_PLACEMENT_3D('',#4115,#3178,#3179);
#2816=AXIS2_PLACEMENT_3D('',#4116,#3180,#3181);
#2817=AXIS2_PLACEMENT_3D('',#4125,#3186,#3187);
#2818=AXIS2_PLACEMENT_3D('',#4134,#3192,#3193);
#2819=AXIS2_PLACEMENT_3D('',#4135,#3194,#3195);
#2820=AXIS2_PLACEMENT_3D('',#4139,#3198,#3199);
#2821=AXIS2_PLACEMENT_3D('',#4140,#3200,#3201);
#2822=AXIS2_PLACEMENT_3D('',#4142,#3202,#3203);
#2823=AXIS2_PLACEMENT_3D('',#4144,#3204,#3205);
#2824=AXIS2_PLACEMENT_3D('',#4146,#3206,#3207);
#2825=AXIS2_PLACEMENT_3D('',#4148,#3208,#3209);
#2826=AXIS2_PLACEMENT_3D('',#4158,#3214,#3215);
#2827=AXIS2_PLACEMENT_3D('',#4164,#3219,#3220);
#2828=AXIS2_PLACEMENT_3D('',#4173,#3225,#3226);
#2829=AXIS2_PLACEMENT_3D('',#4179,#3230,#3231);
#2830=AXIS2_PLACEMENT_3D('',#4188,#3236,#3237);
#2831=AXIS2_PLACEMENT_3D('',#4191,#3239,#3240);
#2832=AXIS2_PLACEMENT_3D('',#4195,#3242,#3243);
#2833=AXIS2_PLACEMENT_3D('',#4199,#3245,#3246);
#2834=AXIS2_PLACEMENT_3D('',#4203,#3248,#3249);
#2835=AXIS2_PLACEMENT_3D('',#4207,#3251,#3252);
#2836=AXIS2_PLACEMENT_3D('',#4210,#3254,#3255);
#2837=AXIS2_PLACEMENT_3D('',#4213,#3257,#3258);
#2838=AXIS2_PLACEMENT_3D('',#4217,#3260,#3261);
#2839=AXIS2_PLACEMENT_3D('',#4221,#3263,#3264);
#2840=AXIS2_PLACEMENT_3D('',#4225,#3266,#3267);
#2841=AXIS2_PLACEMENT_3D('',#4229,#3269,#3270);
#2842=AXIS2_PLACEMENT_3D('',#4232,#3272,#3273);
#2843=AXIS2_PLACEMENT_3D('',#4236,#3275,#3276);
#2844=AXIS2_PLACEMENT_3D('',#4237,#3277,#3278);
#2845=AXIS2_PLACEMENT_3D('',#4238,#3279,#3280);
#2846=AXIS2_PLACEMENT_3D('',#4239,#3281,#3282);
#2847=AXIS2_PLACEMENT_3D('',#4243,#3284,#3285);
#2848=AXIS2_PLACEMENT_3D('',#4244,#3286,#3287);
#2849=AXIS2_PLACEMENT_3D('',#4245,#3288,#3289);
#2850=AXIS2_PLACEMENT_3D('',#4249,#3291,#3292);
#2851=AXIS2_PLACEMENT_3D('',#4250,#3293,#3294);
#2852=AXIS2_PLACEMENT_3D('',#4251,#3295,#3296);
#2853=AXIS2_PLACEMENT_3D('',#4266,#3304,#3305);
#2854=AXIS2_PLACEMENT_3D('',#4270,#3307,#3308);
#2855=AXIS2_PLACEMENT_3D('',#4271,#3309,#3310);
#2856=AXIS2_PLACEMENT_3D('',#4272,#3311,#3312);
#2857=AXIS2_PLACEMENT_3D('',#4274,#3314,#3315);
#2858=AXIS2_PLACEMENT_3D('',#4287,#3322,#3323);
#2859=AXIS2_PLACEMENT_3D('',#4296,#3328,#3329);
#2860=AXIS2_PLACEMENT_3D('',#4305,#3334,#3335);
#2861=AXIS2_PLACEMENT_3D('',#4314,#3340,#3341);
#2862=AXIS2_PLACEMENT_3D('',#4323,#3346,#3347);
#2863=AXIS2_PLACEMENT_3D('',#4371,#3373,#3374);
#2864=AXIS2_PLACEMENT_3D('',#4380,#3379,#3380);
#2865=AXIS2_PLACEMENT_3D('',#4389,#3385,#3386);
#2866=AXIS2_PLACEMENT_3D('',#4398,#3391,#3392);
#2867=AXIS2_PLACEMENT_3D('',#4407,#3397,#3398);
#2868=AXIS2_PLACEMENT_3D('',#4426,#3409,#3410);
#2869=AXIS2_PLACEMENT_3D('',#4428,#3411,#3412);
#2870=AXIS2_PLACEMENT_3D('',#4430,#3413,#3414);
#2871=AXIS2_PLACEMENT_3D('',#4432,#3415,#3416);
#2872=AXIS2_PLACEMENT_3D('',#4434,#3417,#3418);
#2873=AXIS2_PLACEMENT_3D('',#4436,#3419,#3420);
#2874=AXIS2_PLACEMENT_3D('',#4449,#3427,#3428);
#2875=AXIS2_PLACEMENT_3D('',#4454,#3430,#3431);
#2876=AXIS2_PLACEMENT_3D('',#4458,#3433,#3434);
#2877=AXIS2_PLACEMENT_3D('',#4462,#3436,#3437);
#2878=AXIS2_PLACEMENT_3D('',#4466,#3439,#3440);
#2879=AXIS2_PLACEMENT_3D('',#4470,#3442,#3443);
#2880=AXIS2_PLACEMENT_3D('',#4479,#3448,#3449);
#2881=AXIS2_PLACEMENT_3D('',#4483,#3451,#3452);
#2882=AXIS2_PLACEMENT_3D('',#4487,#3454,#3455);
#2883=AXIS2_PLACEMENT_3D('',#4491,#3457,#3458);
#2884=AXIS2_PLACEMENT_3D('',#4494,#3460,#3461);
#2885=AXIS2_PLACEMENT_3D('',#4495,#3462,#3463);
#2886=AXIS2_PLACEMENT_3D('',#4496,#3464,#3465);
#2887=AXIS2_PLACEMENT_3D('',#4497,#3466,#3467);
#2888=AXIS2_PLACEMENT_3D('',#4498,#3468,#3469);
#2889=AXIS2_PLACEMENT_3D('',#4499,#3470,#3471);
#2890=AXIS2_PLACEMENT_3D('',#4500,#3472,#3473);
#2891=AXIS2_PLACEMENT_3D('',#4501,#3474,#3475);
#2892=AXIS2_PLACEMENT_3D('',#4502,#3476,#3477);
#2893=AXIS2_PLACEMENT_3D('',#4503,#3478,#3479);
#2894=AXIS2_PLACEMENT_3D('',#4504,#3480,#3481);
#2895=AXIS2_PLACEMENT_3D('',#4505,#3482,#3483);
#2896=AXIS2_PLACEMENT_3D('',#4506,#3484,#3485);
#2897=AXIS2_PLACEMENT_3D('',#4507,#3486,#3487);
#2898=AXIS2_PLACEMENT_3D('',#4508,#3488,#3489);
#2899=AXIS2_PLACEMENT_3D('',#4509,#3490,#3491);
#2900=AXIS2_PLACEMENT_3D('',#4510,#3492,#3493);
#2901=AXIS2_PLACEMENT_3D('',#4511,#3494,#3495);
#2902=AXIS2_PLACEMENT_3D('',#4512,#3496,#3497);
#2903=AXIS2_PLACEMENT_3D('',#4513,#3498,#3499);
#2904=AXIS2_PLACEMENT_3D('',#4514,#3500,#3501);
#2905=AXIS2_PLACEMENT_3D('',#4515,#3502,#3503);
#2906=AXIS2_PLACEMENT_3D('',#4516,#3504,#3505);
#2907=AXIS2_PLACEMENT_3D('',#4517,#3506,#3507);
#2908=AXIS2_PLACEMENT_3D('',#4518,#3508,#3509);
#2909=AXIS2_PLACEMENT_3D('',#4519,#3510,#3511);
#2910=AXIS2_PLACEMENT_3D('',#4520,#3512,#3513);
#2911=AXIS2_PLACEMENT_3D('',#4521,#3514,#3515);
#2912=AXIS2_PLACEMENT_3D('',#4522,#3516,#3517);
#2913=AXIS2_PLACEMENT_3D('',#4523,#3518,#3519);
#2914=AXIS2_PLACEMENT_3D('',#4524,#3520,#3521);
#2915=AXIS2_PLACEMENT_3D('',#4533,#3526,#3527);
#2916=AXIS2_PLACEMENT_3D('',#4536,#3530,#3531);
#2917=AXIS2_PLACEMENT_3D('',#4539,#3534,#3535);
#2918=AXIS2_PLACEMENT_3D('',#4540,#3536,#3537);
#2919=AXIS2_PLACEMENT_3D('',#4541,#3538,#3539);
#2920=AXIS2_PLACEMENT_3D('',#4542,#3540,#3541);
#2921=AXIS2_PLACEMENT_3D('',#4543,#3542,#3543);
#2922=AXIS2_PLACEMENT_3D('',#4544,#3544,#3545);
#2923=AXIS2_PLACEMENT_3D('',#4545,#3546,#3547);
#2924=AXIS2_PLACEMENT_3D('',#4546,#3548,#3549);
#2925=AXIS2_PLACEMENT_3D('',#4547,#3550,#3551);
#2926=AXIS2_PLACEMENT_3D('',#4548,#3552,#3553);
#2927=AXIS2_PLACEMENT_3D('',#4549,#3554,#3555);
#2928=AXIS2_PLACEMENT_3D('',#4550,#3556,#3557);
#2929=AXIS2_PLACEMENT_3D('',#4551,#3558,#3559);
#2930=AXIS2_PLACEMENT_3D('',#4552,#3560,#3561);
#2931=AXIS2_PLACEMENT_3D('',#4553,#3562,#3563);
#2932=AXIS2_PLACEMENT_3D('',#4554,#3564,#3565);
#2933=AXIS2_PLACEMENT_3D('',#4555,#3566,#3567);
#2934=AXIS2_PLACEMENT_3D('',#4556,#3568,#3569);
#2935=AXIS2_PLACEMENT_3D('',#4557,#3570,#3571);
#2936=AXIS2_PLACEMENT_3D('',#4558,#3572,#3573);
#2937=AXIS2_PLACEMENT_3D('',#4559,#3574,#3575);
#2938=AXIS2_PLACEMENT_3D('',#4560,#3576,#3577);
#2939=AXIS2_PLACEMENT_3D('',#4561,#3578,#3579);
#2940=AXIS2_PLACEMENT_3D('',#4562,#3580,#3581);
#2941=AXIS2_PLACEMENT_3D('',#4563,#3582,#3583);
#2942=AXIS2_PLACEMENT_3D('',#4564,#3584,#3585);
#2943=AXIS2_PLACEMENT_3D('',#4565,#3586,#3587);
#2944=AXIS2_PLACEMENT_3D('',#4566,#3588,#3589);
#2945=AXIS2_PLACEMENT_3D('',#4567,#3590,#3591);
#2946=AXIS2_PLACEMENT_3D('',#4568,#3592,#3593);
#2947=AXIS2_PLACEMENT_3D('',#4569,#3594,#3595);
#2948=AXIS2_PLACEMENT_3D('',#4570,#3596,#3597);
#2949=AXIS2_PLACEMENT_3D('',#4571,#3598,#3599);
#2950=AXIS2_PLACEMENT_3D('',#4572,#3600,#3601);
#2951=AXIS2_PLACEMENT_3D('',#4573,#3602,#3603);
#2952=AXIS2_PLACEMENT_3D('',#4574,#3604,#3605);
#2953=AXIS2_PLACEMENT_3D('',#4575,#3606,#3607);
#2954=AXIS2_PLACEMENT_3D('',#4576,#3608,#3609);
#2955=AXIS2_PLACEMENT_3D('',#4577,#3610,#3611);
#2956=AXIS2_PLACEMENT_3D('',#4578,#3612,#3613);
#2957=AXIS2_PLACEMENT_3D('',#4579,#3614,#3615);
#2958=AXIS2_PLACEMENT_3D('',#4580,#3616,#3617);
#2959=AXIS2_PLACEMENT_3D('',#4581,#3618,#3619);
#2960=AXIS2_PLACEMENT_3D('',#4582,#3620,#3621);
#2961=AXIS2_PLACEMENT_3D('',#4583,#3622,#3623);
#2962=AXIS2_PLACEMENT_3D('',#4584,#3624,#3625);
#2963=AXIS2_PLACEMENT_3D('',#4585,#3626,#3627);
#2964=AXIS2_PLACEMENT_3D('',#4586,#3628,#3629);
#2965=AXIS2_PLACEMENT_3D('',#4587,#3630,#3631);
#2966=AXIS2_PLACEMENT_3D('',#4588,#3632,#3633);
#2967=AXIS2_PLACEMENT_3D('',#4589,#3634,#3635);
#2968=AXIS2_PLACEMENT_3D('',#4590,#3636,#3637);
#2969=AXIS2_PLACEMENT_3D('',#4591,#3638,#3639);
#2970=AXIS2_PLACEMENT_3D('',#4592,#3640,#3641);
#2971=AXIS2_PLACEMENT_3D('',#4593,#3642,#3643);
#2972=AXIS2_PLACEMENT_3D('',#4594,#3644,#3645);
#2973=AXIS2_PLACEMENT_3D('',#4595,#3646,#3647);
#2974=AXIS2_PLACEMENT_3D('',#4596,#3648,#3649);
#2975=AXIS2_PLACEMENT_3D('',#4597,#3650,#3651);
#2976=AXIS2_PLACEMENT_3D('',#4598,#3652,#3653);
#2977=AXIS2_PLACEMENT_3D('',#4599,#3654,#3655);
#2978=AXIS2_PLACEMENT_3D('',#4600,#3656,#3657);
#2979=AXIS2_PLACEMENT_3D('',#4601,#3658,#3659);
#2980=AXIS2_PLACEMENT_3D('',#4602,#3660,#3661);
#2981=AXIS2_PLACEMENT_3D('',#4603,#3662,#3663);
#2982=AXIS2_PLACEMENT_3D('',#4604,#3664,#3665);
#2983=AXIS2_PLACEMENT_3D('',#4605,#3666,#3667);
#2984=AXIS2_PLACEMENT_3D('',#4606,#3668,#3669);
#2985=AXIS2_PLACEMENT_3D('',#4607,#3670,#3671);
#2986=AXIS2_PLACEMENT_3D('',#4608,#3672,#3673);
#2987=AXIS2_PLACEMENT_3D('',#4609,#3674,#3675);
#2988=AXIS2_PLACEMENT_3D('',#4610,#3676,#3677);
#2989=AXIS2_PLACEMENT_3D('',#4611,#3678,#3679);
#2990=AXIS2_PLACEMENT_3D('',#4612,#3680,#3681);
#2991=AXIS2_PLACEMENT_3D('',#4613,#3682,#3683);
#2992=AXIS2_PLACEMENT_3D('',#4614,#3684,#3685);
#2993=AXIS2_PLACEMENT_3D('',#4615,#3686,#3687);
#2994=AXIS2_PLACEMENT_3D('',#4616,#3688,#3689);
#2995=AXIS2_PLACEMENT_3D('',#4617,#3690,#3691);
#2996=AXIS2_PLACEMENT_3D('',#4618,#3692,#3693);
#2997=AXIS2_PLACEMENT_3D('',#4619,#3694,#3695);
#2998=AXIS2_PLACEMENT_3D('',#4620,#3696,#3697);
#2999=AXIS2_PLACEMENT_3D('',#4621,#3698,#3699);
#3000=AXIS2_PLACEMENT_3D('',#4622,#3700,#3701);
#3001=AXIS2_PLACEMENT_3D('',#4623,#3702,#3703);
#3002=AXIS2_PLACEMENT_3D('',#4624,#3704,#3705);
#3003=AXIS2_PLACEMENT_3D('',#4625,#3706,#3707);
#3004=AXIS2_PLACEMENT_3D('',#4626,#3708,#3709);
#3005=AXIS2_PLACEMENT_3D('',#4627,#3710,#3711);
#3006=AXIS2_PLACEMENT_3D('',#4628,#3712,#3713);
#3007=AXIS2_PLACEMENT_3D('',#4629,#3714,#3715);
#3008=AXIS2_PLACEMENT_3D('',#4630,#3716,#3717);
#3009=AXIS2_PLACEMENT_3D('',#4631,#3718,#3719);
#3010=AXIS2_PLACEMENT_3D('',#4632,#3720,#3721);
#3011=AXIS2_PLACEMENT_3D('',#4633,#3722,#3723);
#3012=AXIS2_PLACEMENT_3D('',#4634,#3724,#3725);
#3013=AXIS2_PLACEMENT_3D('',#4635,#3726,#3727);
#3014=AXIS2_PLACEMENT_3D('',#4636,#3728,#3729);
#3015=AXIS2_PLACEMENT_3D('',#4637,#3730,#3731);
#3016=AXIS2_PLACEMENT_3D('',#4638,#3732,#3733);
#3017=AXIS2_PLACEMENT_3D('',#4639,#3734,#3735);
#3018=AXIS2_PLACEMENT_3D('',#4640,#3736,#3737);
#3019=AXIS2_PLACEMENT_3D('',#4641,#3738,#3739);
#3020=AXIS2_PLACEMENT_3D('',#4642,#3740,#3741);
#3021=AXIS2_PLACEMENT_3D('',#4643,#3742,#3743);
#3022=AXIS2_PLACEMENT_3D('',#4644,#3744,#3745);
#3023=AXIS2_PLACEMENT_3D('',#4645,#3746,#3747);
#3024=AXIS2_PLACEMENT_3D('',#4646,#3748,#3749);
#3025=AXIS2_PLACEMENT_3D('',#4647,#3750,#3751);
#3026=AXIS2_PLACEMENT_3D('',#4648,#3752,#3753);
#3027=AXIS2_PLACEMENT_3D('',#4649,#3754,#3755);
#3028=AXIS2_PLACEMENT_3D('',#4650,#3756,#3757);
#3029=AXIS2_PLACEMENT_3D('',#4651,#3758,#3759);
#3030=AXIS2_PLACEMENT_3D('',#4656,#3762,#3763);
#3031=AXIS2_PLACEMENT_3D('',#4660,#3765,#3766);
#3032=AXIS2_PLACEMENT_3D('',#4664,#3768,#3769);
#3033=AXIS2_PLACEMENT_3D('',#4668,#3771,#3772);
#3034=AXIS2_PLACEMENT_3D('',#4672,#3774,#3775);
#3035=AXIS2_PLACEMENT_3D('',#4673,#3776,#3777);
#3036=AXIS2_PLACEMENT_3D('',#4676,#3779,#3780);
#3037=AXIS2_PLACEMENT_3D('',#4680,#3782,#3783);
#3038=AXIS2_PLACEMENT_3D('',#4684,#3785,#3786);
#3039=AXIS2_PLACEMENT_3D('',#4688,#3788,#3789);
#3040=AXIS2_PLACEMENT_3D('',#4692,#3791,#3792);
#3041=AXIS2_PLACEMENT_3D('',#4695,#3794,#3795);
#3042=AXIS2_PLACEMENT_3D('',#4696,#3796,#3797);
#3043=AXIS2_PLACEMENT_3D('',#4697,#3798,#3799);
#3044=AXIS2_PLACEMENT_3D('',#4698,#3800,#3801);
#3045=AXIS2_PLACEMENT_3D('',#4699,#3802,#3803);
#3046=AXIS2_PLACEMENT_3D('',#4700,#3804,#3805);
#3047=AXIS2_PLACEMENT_3D('',#4701,#3806,#3807);
#3048=AXIS2_PLACEMENT_3D('',#4707,#3811,#3812);
#3049=AXIS2_PLACEMENT_3D('',#4708,#3813,#3814);
#3050=AXIS2_PLACEMENT_3D('',#4709,#3815,#3816);
#3051=AXIS2_PLACEMENT_3D('',#4718,#3821,#3822);
#3052=AXIS2_PLACEMENT_3D('',#4727,#3827,#3828);
#3053=AXIS2_PLACEMENT_3D('',#4736,#3833,#3834);
#3054=AXIS2_PLACEMENT_3D('',#4745,#3839,#3840);
#3055=AXIS2_PLACEMENT_3D('',#4754,#3845,#3846);
#3056=AXIS2_PLACEMENT_3D('',#4763,#3851,#3852);
#3057=AXIS2_PLACEMENT_3D('',#4772,#3857,#3858);
#3058=AXIS2_PLACEMENT_3D('',#4781,#3863,#3864);
#3059=AXIS2_PLACEMENT_3D('',#4785,#3866,#3867);
#3060=AXIS2_PLACEMENT_3D('',#4789,#3869,#3870);
#3061=AXIS2_PLACEMENT_3D('',#4793,#3872,#3873);
#3062=AXIS2_PLACEMENT_3D('',#4797,#3875,#3876);
#3063=AXIS2_PLACEMENT_3D('',#4801,#3878,#3879);
#3064=AXIS2_PLACEMENT_3D('',#4805,#3881,#3882);
#3065=AXIS2_PLACEMENT_3D('',#4809,#3884,#3885);
#3066=AXIS2_PLACEMENT_3D('',#4813,#3887,#3888);
#3067=AXIS2_PLACEMENT_3D('',#4817,#3890,#3891);
#3068=AXIS2_PLACEMENT_3D('',#4821,#3893,#3894);
#3069=AXIS2_PLACEMENT_3D('',#4826,#3897,#3898);
#3070=AXIS2_PLACEMENT_3D('',#4827,#3899,#3900);
#3071=AXIS2_PLACEMENT_3D('',#4828,#3901,#3902);
#3072=AXIS2_PLACEMENT_3D('',#4829,#3903,#3904);
#3073=AXIS2_PLACEMENT_3D('',#4830,#3905,#3906);
#3074=AXIS2_PLACEMENT_3D('',#4831,#3907,#3908);
#3075=AXIS2_PLACEMENT_3D('',#4832,#3909,#3910);
#3076=AXIS2_PLACEMENT_3D('',#4833,#3911,#3912);
#3077=AXIS2_PLACEMENT_3D('',#4834,#3913,#3914);
#3078=AXIS2_PLACEMENT_3D('',#4835,#3915,#3916);
#3079=AXIS2_PLACEMENT_3D('',#4836,#3917,#3918);
#3080=AXIS2_PLACEMENT_3D('',#4837,#3919,#3920);
#3081=AXIS2_PLACEMENT_3D('',#4838,#3921,#3922);
#3082=AXIS2_PLACEMENT_3D('',#4839,#3923,#3924);
#3083=AXIS2_PLACEMENT_3D('',#4840,#3925,#3926);
#3084=AXIS2_PLACEMENT_3D('',#4841,#3927,#3928);
#3085=AXIS2_PLACEMENT_3D('',#4842,#3929,#3930);
#3086=AXIS2_PLACEMENT_3D('',#4843,#3931,#3932);
#3087=AXIS2_PLACEMENT_3D('',#4844,#3933,#3934);
#3088=AXIS2_PLACEMENT_3D('',#4845,#3935,#3936);
#3089=AXIS2_PLACEMENT_3D('',#4846,#3937,#3938);
#3090=AXIS2_PLACEMENT_3D('',#4847,#3939,#3940);
#3091=AXIS2_PLACEMENT_3D('',#4848,#3941,#3942);
#3092=AXIS2_PLACEMENT_3D('',#4849,#3943,#3944);
#3093=AXIS2_PLACEMENT_3D('',#4850,#3945,#3946);
#3094=AXIS2_PLACEMENT_3D('',#4851,#3947,#3948);
#3095=AXIS2_PLACEMENT_3D('',#4852,#3949,#3950);
#3096=AXIS2_PLACEMENT_3D('',#4853,#3951,#3952);
#3097=AXIS2_PLACEMENT_3D('',#4854,#3953,#3954);
#3098=AXIS2_PLACEMENT_3D('',#4855,#3955,#3956);
#3099=AXIS2_PLACEMENT_3D('',#4856,#3957,#3958);
#3100=AXIS2_PLACEMENT_3D('',#4857,#3959,#3960);
#3101=AXIS2_PLACEMENT_3D('',#4858,#3961,#3962);
#3102=AXIS2_PLACEMENT_3D('',#4859,#3963,#3964);
#3103=AXIS2_PLACEMENT_3D('',#4860,#3965,#3966);
#3104=AXIS2_PLACEMENT_3D('',#4861,#3967,#3968);
#3105=AXIS2_PLACEMENT_3D('',#4862,#3969,#3970);
#3106=AXIS2_PLACEMENT_3D('',#4863,#3971,#3972);
#3107=AXIS2_PLACEMENT_3D('',#4864,#3973,#3974);
#3108=AXIS2_PLACEMENT_3D('',#4865,#3975,#3976);
#3109=AXIS2_PLACEMENT_3D('',#4866,#3977,#3978);
#3110=AXIS2_PLACEMENT_3D('',#4867,#3979,#3980);
#3111=AXIS2_PLACEMENT_3D('',#4868,#3981,#3982);
#3112=AXIS2_PLACEMENT_3D('',#4869,#3983,#3984);
#3113=AXIS2_PLACEMENT_3D('',#4870,#3985,#3986);
#3114=AXIS2_PLACEMENT_3D('',#4871,#3987,#3988);
#3115=AXIS2_PLACEMENT_3D('',#4872,#3989,#3990);
#3116=AXIS2_PLACEMENT_3D('',#4873,#3991,#3992);
#3117=AXIS2_PLACEMENT_3D('',#4874,#3993,#3994);
#3118=AXIS2_PLACEMENT_3D('',#4875,#3995,#3996);
#3119=AXIS2_PLACEMENT_3D('',#4876,#3997,#3998);
#3120=AXIS2_PLACEMENT_3D('',#4877,#3999,#4000);
#3121=AXIS2_PLACEMENT_3D('',#4878,#4001,#4002);
#3122=AXIS2_PLACEMENT_3D('',#4879,#4003,#4004);
#3123=AXIS2_PLACEMENT_3D('',#4880,#4005,#4006);
#3124=AXIS2_PLACEMENT_3D('',#4881,#4007,#4008);
#3125=AXIS2_PLACEMENT_3D('',#4882,#4009,#4010);
#3126=AXIS2_PLACEMENT_3D('',#4883,#4011,#4012);
#3127=AXIS2_PLACEMENT_3D('',#4884,#4013,#4014);
#3128=AXIS2_PLACEMENT_3D('',#4885,#4015,#4016);
#3129=AXIS2_PLACEMENT_3D('',#4886,#4017,#4018);
#3130=AXIS2_PLACEMENT_3D('',#4887,#4019,#4020);
#3131=AXIS2_PLACEMENT_3D('',#4888,#4021,#4022);
#3132=AXIS2_PLACEMENT_3D('',#4889,#4023,#4024);
#3133=AXIS2_PLACEMENT_3D('',#4890,#4025,#4026);
#3134=AXIS2_PLACEMENT_3D('',#4891,#4027,#4028);
#3135=AXIS2_PLACEMENT_3D('',#4892,#4029,#4030);
#3136=AXIS2_PLACEMENT_3D('',#4893,#4031,#4032);
#3137=AXIS2_PLACEMENT_3D('',#4894,#4033,#4034);
#3138=AXIS2_PLACEMENT_3D('',#4895,#4035,#4036);
#3139=AXIS2_PLACEMENT_3D('',#4896,#4037,#4038);
#3140=AXIS2_PLACEMENT_3D('',#4897,#4039,#4040);
#3141=AXIS2_PLACEMENT_3D('',#4898,#4041,#4042);
#3142=AXIS2_PLACEMENT_3D('',#4899,#4043,#4044);
#3143=AXIS2_PLACEMENT_3D('',#4900,#4045,#4046);
#3144=AXIS2_PLACEMENT_3D('',#4901,#4047,#4048);
#3145=AXIS2_PLACEMENT_3D('',#4902,#4049,#4050);
#3146=AXIS2_PLACEMENT_3D('',#4903,#4051,#4052);
#3147=AXIS2_PLACEMENT_3D('',#4904,#4053,#4054);
#3148=AXIS2_PLACEMENT_3D('',#4905,#4055,#4056);
#3149=AXIS2_PLACEMENT_3D('',#4906,#4057,#4058);
#3150=AXIS2_PLACEMENT_3D('',#4907,#4059,#4060);
#3151=AXIS2_PLACEMENT_3D('',#4908,#4061,#4062);
#3152=AXIS2_PLACEMENT_3D('',#4909,#4063,#4064);
#3153=AXIS2_PLACEMENT_3D('',#4910,#4065,#4066);
#3154=AXIS2_PLACEMENT_3D('',#4911,#4067,#4068);
#3155=AXIS2_PLACEMENT_3D('',#4912,#4069,#4070);
#3156=AXIS2_PLACEMENT_3D('',#4913,#4071,#4072);
#3157=AXIS2_PLACEMENT_3D('',#4914,#4073,#4074);
#3158=AXIS2_PLACEMENT_3D('',#4915,#4075,#4076);
#3159=AXIS2_PLACEMENT_3D('',#4916,#4077,#4078);
#3160=AXIS2_PLACEMENT_3D('',#4917,#4079,#4080);
#3161=AXIS2_PLACEMENT_3D('',#4918,#4081,#4082);
#3162=AXIS2_PLACEMENT_3D('',#4919,#4083,#4084);
#3163=AXIS2_PLACEMENT_3D('',#4920,#4085,#4086);
#3164=AXIS2_PLACEMENT_3D('',#4921,#4087,#4088);
#3165=AXIS2_PLACEMENT_3D('',#4922,#4089,#4090);
#3166=AXIS2_PLACEMENT_3D('',#4923,#4091,#4092);
#3167=AXIS2_PLACEMENT_3D('',#4924,#4093,#4094);
#3168=AXIS2_PLACEMENT_3D('',#4925,#4095,#4096);
#3169=AXIS2_PLACEMENT_3D('',#4926,#4097,#4098);
#3170=AXIS2_PLACEMENT_3D('',#4927,#4099,#4100);
#3171=AXIS2_PLACEMENT_3D('',#4928,#4101,#4102);
#3172=AXIS2_PLACEMENT_3D('',#4929,#4103,#4104);
#3173=AXIS2_PLACEMENT_3D('',#4930,#4105,#4106);
#3174=AXIS2_PLACEMENT_3D('',#4931,#4107,#4108);
#3175=AXIS2_PLACEMENT_3D('',#4932,#4109,#4110);
#3176=AXIS2_PLACEMENT_3D('',#4933,#4111,#4112);
#3177=AXIS2_PLACEMENT_3D('',#4934,#4113,#4114);
#3178=DIRECTION('',(0.,0.,1.));
#3179=DIRECTION('',(1.,0.,0.));
#3180=DIRECTION('',(-0.866025403784438,-1.71693096998532E-16,0.5));
#3181=DIRECTION('',(0.5,0.,0.866025403784438));
#3182=DIRECTION('',(0.5,0.,0.866025403784438));
#3183=DIRECTION('',(1.98254111540206E-16,-1.,0.));
#3184=DIRECTION('',(-0.5,-9.91270557701034E-17,-0.866025403784438));
#3185=DIRECTION('',(1.98254111540206E-16,-1.,0.));
#3186=DIRECTION('',(0.866025403784438,1.71693096998532E-16,0.5));
#3187=DIRECTION('',(0.5,0.,-0.866025403784438));
#3188=DIRECTION('',(1.98254111540206E-16,-1.,0.));
#3189=DIRECTION('',(0.5,0.,-0.866025403784438));
#3190=DIRECTION('',(1.98254111540206E-16,-1.,0.));
#3191=DIRECTION('',(-0.5,-9.91270557701033E-17,0.866025403784439));
#3192=DIRECTION('',(0.,0.,-1.));
#3193=DIRECTION('',(0.,1.,0.));
#3194=DIRECTION('',(0.,0.,-1.));
#3195=DIRECTION('',(0.,1.,0.));
#3196=DIRECTION('',(-1.,0.,0.));
#3197=DIRECTION('',(1.,1.98254111540206E-16,0.));
#3198=DIRECTION('',(-2.42861286636753E-16,1.,0.));
#3199=DIRECTION('',(1.,2.42861286636753E-16,0.));
#3200=DIRECTION('',(2.42861286636753E-16,-1.,0.));
#3201=DIRECTION('',(1.,2.42861286636753E-16,0.));
#3202=DIRECTION('',(2.42861286636753E-16,-1.,0.));
#3203=DIRECTION('',(1.,2.42861286636753E-16,0.));
#3204=DIRECTION('',(2.42861286636753E-16,-1.,0.));
#3205=DIRECTION('',(1.,2.42861286636753E-16,0.));
#3206=DIRECTION('',(2.42861286636753E-16,-1.,0.));
#3207=DIRECTION('',(1.,2.42861286636753E-16,0.));
#3208=DIRECTION('',(2.42861286636753E-16,-1.,0.));
#3209=DIRECTION('',(1.,2.42861286636753E-16,0.));
#3210=DIRECTION('',(-1.,-2.42861286636753E-16,0.));
#3211=DIRECTION('',(0.,0.,1.));
#3212=DIRECTION('',(-1.,-2.42861286636753E-16,0.));
#3213=DIRECTION('',(-1.59514802388672E-16,-3.87399701457203E-32,1.));
#3214=DIRECTION('',(1.,2.42861286636753E-16,0.));
#3215=DIRECTION('',(2.42861286636753E-16,-1.,0.));
#3216=DIRECTION('',(0.,0.,-1.));
#3217=DIRECTION('',(-2.42861286636753E-16,1.,0.));
#3218=DIRECTION('',(-2.42861286636753E-16,1.,0.));
#3219=DIRECTION('',(-1.,7.67306334726194E-17,0.));
#3220=DIRECTION('',(7.67306334726194E-17,1.,0.));
#3221=DIRECTION('',(0.,0.,-1.));
#3222=DIRECTION('',(-7.67306334726194E-17,-1.,0.));
#3223=DIRECTION('',(0.,0.,-1.));
#3224=DIRECTION('',(-7.67306334726194E-17,-1.,0.));
#3225=DIRECTION('',(-1.,1.53461266945239E-16,0.));
#3226=DIRECTION('',(1.53461266945239E-16,1.,0.));
#3227=DIRECTION('',(-1.53461266945239E-16,-1.,0.));
#3228=DIRECTION('',(0.,0.,-1.));
#3229=DIRECTION('',(-1.53461266945239E-16,-1.,0.));
#3230=DIRECTION('',(-1.,1.53461266945239E-16,0.));
#3231=DIRECTION('',(1.53461266945239E-16,1.,0.));
#3232=DIRECTION('',(-1.53461266945239E-16,-1.,0.));
#3233=DIRECTION('',(0.,0.,-1.));
#3234=DIRECTION('',(-1.53461266945239E-16,-1.,0.));
#3235=DIRECTION('',(0.,0.,-1.));
#3236=DIRECTION('',(0.,0.,-1.));
#3237=DIRECTION('',(1.,0.,0.));
#3238=DIRECTION('',(1.,2.42861286636753E-16,0.));
#3239=DIRECTION('',(0.,0.,1.));
#3240=DIRECTION('',(0.,-1.,0.));
#3241=DIRECTION('',(0.,-1.,0.));
#3242=DIRECTION('',(0.,0.,1.));
#3243=DIRECTION('',(0.,-1.,0.));
#3244=DIRECTION('',(0.323834847946941,-0.946113624917843,0.));
#3245=DIRECTION('',(0.,0.,1.));
#3246=DIRECTION('',(0.,-1.,0.));
#3247=DIRECTION('',(-0.323834847946941,-0.946113624917843,0.));
#3248=DIRECTION('',(0.,0.,1.));
#3249=DIRECTION('',(0.,-1.,0.));
#3250=DIRECTION('',(0.,-1.,0.));
#3251=DIRECTION('',(0.,0.,1.));
#3252=DIRECTION('',(0.,-1.,0.));
#3253=DIRECTION('',(1.,2.97381167310309E-16,0.));
#3254=DIRECTION('',(0.,0.,-1.));
#3255=DIRECTION('',(1.,0.,0.));
#3256=DIRECTION('',(1.,1.98254111540206E-16,0.));
#3257=DIRECTION('',(0.,0.,1.));
#3258=DIRECTION('',(0.,-1.,0.));
#3259=DIRECTION('',(0.,-1.,0.));
#3260=DIRECTION('',(0.,0.,1.));
#3261=DIRECTION('',(0.,-1.,0.));
#3262=DIRECTION('',(0.323834847946941,-0.946113624917843,0.));
#3263=DIRECTION('',(0.,0.,1.));
#3264=DIRECTION('',(0.,-1.,0.));
#3265=DIRECTION('',(-0.323834847946941,-0.946113624917844,0.));
#3266=DIRECTION('',(0.,0.,1.));
#3267=DIRECTION('',(0.,-1.,0.));
#3268=DIRECTION('',(0.,-1.,0.));
#3269=DIRECTION('',(0.,0.,1.));
#3270=DIRECTION('',(0.,-1.,0.));
#3271=DIRECTION('',(1.,2.42861286636753E-16,0.));
#3272=DIRECTION('',(1.,1.98254111540206E-16,0.));
#3273=DIRECTION('',(1.98254111540206E-16,-1.,0.));
#3274=DIRECTION('',(1.,1.98254111540206E-16,0.));
#3275=DIRECTION('',(-1.,0.,0.));
#3276=DIRECTION('',(0.,-1.,0.));
#3277=DIRECTION('',(-0.707106781186548,-1.40186826668194E-16,0.707106781186548));
#3278=DIRECTION('',(-0.707106781186548,-1.40186826668194E-16,-0.707106781186548));
#3279=DIRECTION('',(-1.,-2.42861286636753E-16,0.));
#3280=DIRECTION('',(-2.42861286636753E-16,1.,0.));
#3281=DIRECTION('',(1.,0.,0.));
#3282=DIRECTION('',(0.,1.,0.));
#3283=DIRECTION('',(1.,2.42861286636753E-16,0.));
#3284=DIRECTION('',(0.707106781186548,1.71728862668538E-16,-0.707106781186548));
#3285=DIRECTION('',(0.707106781186548,1.71728862668538E-16,0.707106781186548));
#3286=DIRECTION('',(1.,2.97381167310309E-16,0.));
#3287=DIRECTION('',(2.97381167310309E-16,-1.,0.));
#3288=DIRECTION('',(-1.,0.,0.));
#3289=DIRECTION('',(0.,-1.,0.));
#3290=DIRECTION('',(1.,2.97381167310309E-16,0.));
#3291=DIRECTION('',(-0.707106781186548,-2.10280240002291E-16,-0.707106781186548));
#3292=DIRECTION('',(-0.707106781186548,-2.10280240002291E-16,0.707106781186548));
#3293=DIRECTION('',(0.,0.,-1.));
#3294=DIRECTION('',(1.,0.,0.));
#3295=DIRECTION('',(0.,0.,-1.));
#3296=DIRECTION('',(0.,1.,0.));
#3297=DIRECTION('',(0.,-1.,0.));
#3298=DIRECTION('',(1.,2.51078397838749E-16,0.));
#3299=DIRECTION('',(0.,-1.,0.));
#3300=DIRECTION('',(1.,1.82602471155453E-16,0.));
#3301=DIRECTION('',(1.,2.97381167310309E-16,0.));
#3302=DIRECTION('',(1.,1.98254111540206E-16,0.));
#3303=DIRECTION('',(1.,1.98254111540206E-16,0.));
#3304=DIRECTION('',(-1.,-2.42861286636753E-16,0.));
#3305=DIRECTION('',(-2.42861286636753E-16,1.,0.));
#3306=DIRECTION('',(1.,2.42861286636753E-16,0.));
#3307=DIRECTION('',(1.,0.,0.));
#3308=DIRECTION('',(0.,1.,0.));
#3309=DIRECTION('',(0.707106781186548,1.71728862668538E-16,0.707106781186548));
#3310=DIRECTION('',(0.707106781186548,1.71728862668538E-16,-0.707106781186548));
#3311=DIRECTION('',(0.,1.,0.));
#3312=DIRECTION('',(1.,0.,0.));
#3313=DIRECTION('',(1.,0.,0.));
#3314=DIRECTION('',(-2.51078397838749E-16,1.,0.));
#3315=DIRECTION('',(1.,2.51078397838749E-16,0.));
#3316=DIRECTION('',(0.,0.,1.));
#3317=DIRECTION('',(1.,2.51078397838749E-16,0.));
#3318=DIRECTION('',(0.,0.,1.));
#3319=DIRECTION('',(1.,2.51078397838749E-16,0.));
#3320=DIRECTION('',(1.,2.51078397838749E-16,0.));
#3321=DIRECTION('',(1.,2.51078397838749E-16,0.));
#3322=DIRECTION('',(1.,0.,0.));
#3323=DIRECTION('',(0.,-1.,0.));
#3324=DIRECTION('',(0.,0.,1.));
#3325=DIRECTION('',(0.,-1.,0.));
#3326=DIRECTION('',(0.,0.,1.));
#3327=DIRECTION('',(0.,-1.,0.));
#3328=DIRECTION('',(0.946113624917843,0.323834847946941,0.));
#3329=DIRECTION('',(0.323834847946941,-0.946113624917843,0.));
#3330=DIRECTION('',(0.,0.,1.));
#3331=DIRECTION('',(0.323834847946941,-0.946113624917843,0.));
#3332=DIRECTION('',(0.,0.,1.));
#3333=DIRECTION('',(0.323834847946941,-0.946113624917843,0.));
#3334=DIRECTION('',(0.946113624917843,-0.323834847946941,0.));
#3335=DIRECTION('',(-0.323834847946941,-0.946113624917843,0.));
#3336=DIRECTION('',(0.,0.,1.));
#3337=DIRECTION('',(-0.323834847946941,-0.946113624917843,0.));
#3338=DIRECTION('',(0.,0.,1.));
#3339=DIRECTION('',(-0.323834847946941,-0.946113624917843,0.));
#3340=DIRECTION('',(1.,0.,0.));
#3341=DIRECTION('',(0.,-1.,0.));
#3342=DIRECTION('',(0.,0.,1.));
#3343=DIRECTION('',(0.,-1.,0.));
#3344=DIRECTION('',(0.,0.,1.));
#3345=DIRECTION('',(0.,-1.,0.));
#3346=DIRECTION('',(-1.98254111540206E-16,1.,0.));
#3347=DIRECTION('',(1.,1.98254111540206E-16,0.));
#3348=DIRECTION('',(1.,1.98254111540206E-16,0.));
#3349=DIRECTION('',(1.,1.98254111540206E-16,0.));
#3350=DIRECTION('',(1.,2.97381167310309E-16,0.));
#3351=DIRECTION('',(0.,0.,-1.));
#3352=DIRECTION('',(1.,2.97381167310309E-16,0.));
#3353=DIRECTION('',(1.,1.98254111540206E-16,0.));
#3354=DIRECTION('',(1.,1.98254111540206E-16,0.));
#3355=DIRECTION('',(0.,0.,-1.));
#3356=DIRECTION('',(1.,2.97381167310309E-16,0.));
#3357=DIRECTION('',(0.,0.,-1.));
#3358=DIRECTION('',(1.,2.97381167310309E-16,0.));
#3359=DIRECTION('',(0.,0.,-1.));
#3360=DIRECTION('',(0.,0.,1.));
#3361=DIRECTION('',(1.,2.97381167310309E-16,0.));
#3362=DIRECTION('',(0.,0.,-1.));
#3363=DIRECTION('',(1.,1.98254111540206E-16,0.));
#3364=DIRECTION('',(1.,1.98254111540206E-16,0.));
#3365=DIRECTION('',(0.,0.,-1.));
#3366=DIRECTION('',(1.,1.98254111540206E-16,0.));
#3367=DIRECTION('',(0.,0.,1.));
#3368=DIRECTION('',(0.,0.,-1.));
#3369=DIRECTION('',(1.,1.98254111540206E-16,0.));
#3370=DIRECTION('',(0.,0.,-1.));
#3371=DIRECTION('',(1.,1.98254111540206E-16,0.));
#3372=DIRECTION('',(1.,1.98254111540206E-16,0.));
#3373=DIRECTION('',(1.,0.,0.));
#3374=DIRECTION('',(0.,-1.,0.));
#3375=DIRECTION('',(0.,0.,1.));
#3376=DIRECTION('',(0.,-1.,0.));
#3377=DIRECTION('',(0.,0.,1.));
#3378=DIRECTION('',(0.,-1.,0.));
#3379=DIRECTION('',(0.946113624917843,0.323834847946941,0.));
#3380=DIRECTION('',(0.323834847946941,-0.946113624917843,0.));
#3381=DIRECTION('',(0.,0.,1.));
#3382=DIRECTION('',(0.323834847946941,-0.946113624917843,0.));
#3383=DIRECTION('',(0.,0.,1.));
#3384=DIRECTION('',(0.323834847946941,-0.946113624917843,0.));
#3385=DIRECTION('',(0.946113624917844,-0.323834847946941,0.));
#3386=DIRECTION('',(-0.323834847946941,-0.946113624917844,0.));
#3387=DIRECTION('',(0.,0.,1.));
#3388=DIRECTION('',(-0.323834847946941,-0.946113624917844,0.));
#3389=DIRECTION('',(0.,0.,1.));
#3390=DIRECTION('',(-0.323834847946941,-0.946113624917844,0.));
#3391=DIRECTION('',(1.,0.,0.));
#3392=DIRECTION('',(0.,-1.,0.));
#3393=DIRECTION('',(0.,0.,1.));
#3394=DIRECTION('',(0.,-1.,0.));
#3395=DIRECTION('',(0.,0.,1.));
#3396=DIRECTION('',(0.,-1.,0.));
#3397=DIRECTION('',(-2.42861286636753E-16,1.,0.));
#3398=DIRECTION('',(1.,2.42861286636753E-16,0.));
#3399=DIRECTION('',(0.,0.,-1.));
#3400=DIRECTION('',(0.,0.,1.));
#3401=DIRECTION('',(1.,2.42861286636753E-16,0.));
#3402=DIRECTION('',(0.,0.,1.));
#3403=DIRECTION('',(0.,0.,-1.));
#3404=DIRECTION('',(1.,2.42861286636753E-16,0.));
#3405=DIRECTION('',(0.,0.,-1.));
#3406=DIRECTION('',(1.,2.42861286636753E-16,0.));
#3407=DIRECTION('',(0.,0.,-1.));
#3408=DIRECTION('',(1.,2.42861286636753E-16,0.));
#3409=DIRECTION('',(2.42861286636753E-16,-1.,0.));
#3410=DIRECTION('',(1.,2.42861286636753E-16,0.));
#3411=DIRECTION('',(2.42861286636753E-16,-1.,0.));
#3412=DIRECTION('',(1.,2.42861286636753E-16,0.));
#3413=DIRECTION('',(2.42861286636753E-16,-1.,0.));
#3414=DIRECTION('',(1.,2.42861286636753E-16,0.));
#3415=DIRECTION('',(2.42861286636753E-16,-1.,0.));
#3416=DIRECTION('',(1.,2.42861286636753E-16,0.));
#3417=DIRECTION('',(2.42861286636753E-16,-1.,0.));
#3418=DIRECTION('',(1.,2.42861286636753E-16,0.));
#3419=DIRECTION('',(0.,0.,-1.));
#3420=DIRECTION('',(1.,0.,0.));
#3421=DIRECTION('',(1.,2.51078397838749E-16,0.));
#3422=DIRECTION('',(1.,2.51078397838749E-16,0.));
#3423=DIRECTION('',(0.,-1.,0.));
#3424=DIRECTION('',(1.,1.82602471155453E-16,0.));
#3425=DIRECTION('',(0.,-1.,0.));
#3426=DIRECTION('',(1.,2.51078397838749E-16,0.));
#3427=DIRECTION('',(0.,0.,1.));
#3428=DIRECTION('',(0.,-1.,0.));
#3429=DIRECTION('',(1.,2.42861286636753E-16,0.));
#3430=DIRECTION('',(0.,0.,1.));
#3431=DIRECTION('',(0.,-1.,0.));
#3432=DIRECTION('',(0.,-1.,0.));
#3433=DIRECTION('',(0.,0.,1.));
#3434=DIRECTION('',(0.,-1.,0.));
#3435=DIRECTION('',(-0.323834847946941,-0.946113624917844,0.));
#3436=DIRECTION('',(0.,0.,1.));
#3437=DIRECTION('',(0.,-1.,0.));
#3438=DIRECTION('',(0.323834847946941,-0.946113624917843,0.));
#3439=DIRECTION('',(0.,0.,1.));
#3440=DIRECTION('',(0.,-1.,0.));
#3441=DIRECTION('',(0.,-1.,0.));
#3442=DIRECTION('',(0.,0.,1.));
#3443=DIRECTION('',(0.,-1.,0.));
#3444=DIRECTION('',(1.,1.98254111540206E-16,0.));
#3445=DIRECTION('',(1.98254111540206E-16,-1.,0.));
#3446=DIRECTION('',(1.98254111540206E-16,-1.,0.));
#3447=DIRECTION('',(1.,2.97381167310309E-16,0.));
#3448=DIRECTION('',(0.,0.,1.));
#3449=DIRECTION('',(0.,-1.,0.));
#3450=DIRECTION('',(0.,-1.,0.));
#3451=DIRECTION('',(0.,0.,1.));
#3452=DIRECTION('',(0.,-1.,0.));
#3453=DIRECTION('',(-0.323834847946941,-0.946113624917843,0.));
#3454=DIRECTION('',(0.,0.,1.));
#3455=DIRECTION('',(0.,-1.,0.));
#3456=DIRECTION('',(0.323834847946941,-0.946113624917843,0.));
#3457=DIRECTION('',(0.,0.,1.));
#3458=DIRECTION('',(0.,-1.,0.));
#3459=DIRECTION('',(0.,-1.,0.));
#3460=DIRECTION('',(0.,0.,-1.));
#3461=DIRECTION('',(0.,-1.,0.));
#3462=DIRECTION('',(0.,0.,1.));
#3463=DIRECTION('',(0.,-1.,0.));
#3464=DIRECTION('',(0.,0.,1.));
#3465=DIRECTION('',(0.,-1.,0.));
#3466=DIRECTION('',(0.,0.,1.));
#3467=DIRECTION('',(0.,1.,0.));
#3468=DIRECTION('',(0.,0.,1.));
#3469=DIRECTION('',(0.,-1.,0.));
#3470=DIRECTION('',(0.,0.,1.));
#3471=DIRECTION('',(0.,-1.,0.));
#3472=DIRECTION('',(0.,0.,1.));
#3473=DIRECTION('',(0.,1.,0.));
#3474=DIRECTION('',(0.,0.,1.));
#3475=DIRECTION('',(0.,-1.,0.));
#3476=DIRECTION('',(0.,0.,1.));
#3477=DIRECTION('',(0.,-1.,0.));
#3478=DIRECTION('',(0.,0.,-1.));
#3479=DIRECTION('',(0.,-1.,0.));
#3480=DIRECTION('',(0.,0.,1.));
#3481=DIRECTION('',(0.,-1.,0.));
#3482=DIRECTION('',(0.,0.,1.));
#3483=DIRECTION('',(0.,-1.,0.));
#3484=DIRECTION('',(0.,0.,1.));
#3485=DIRECTION('',(0.,1.,0.));
#3486=DIRECTION('',(0.,0.,1.));
#3487=DIRECTION('',(0.,-1.,0.));
#3488=DIRECTION('',(0.,0.,1.));
#3489=DIRECTION('',(0.,-1.,0.));
#3490=DIRECTION('',(0.,0.,1.));
#3491=DIRECTION('',(0.,1.,0.));
#3492=DIRECTION('',(0.,0.,1.));
#3493=DIRECTION('',(0.,-1.,0.));
#3494=DIRECTION('',(0.,0.,1.));
#3495=DIRECTION('',(0.,-1.,0.));
#3496=DIRECTION('',(0.,0.,1.));
#3497=DIRECTION('',(0.,1.,0.));
#3498=DIRECTION('',(0.,0.,1.));
#3499=DIRECTION('',(0.,-1.,0.));
#3500=DIRECTION('',(0.,0.,1.));
#3501=DIRECTION('',(0.,-1.,0.));
#3502=DIRECTION('',(0.,0.,-1.));
#3503=DIRECTION('',(0.,-1.,0.));
#3504=DIRECTION('',(0.,0.,1.));
#3505=DIRECTION('',(0.,-1.,0.));
#3506=DIRECTION('',(0.,0.,1.));
#3507=DIRECTION('',(0.,-1.,0.));
#3508=DIRECTION('',(0.,0.,1.));
#3509=DIRECTION('',(0.,1.,0.));
#3510=DIRECTION('',(0.,0.,1.));
#3511=DIRECTION('',(0.,-1.,0.));
#3512=DIRECTION('',(0.,0.,1.));
#3513=DIRECTION('',(0.,-1.,0.));
#3514=DIRECTION('',(0.,0.,-1.));
#3515=DIRECTION('',(0.,-1.,0.));
#3516=DIRECTION('',(0.,0.,1.));
#3517=DIRECTION('',(0.,-1.,0.));
#3518=DIRECTION('',(0.,0.,1.));
#3519=DIRECTION('',(0.,-1.,0.));
#3520=DIRECTION('',(-1.82602471155453E-16,1.,0.));
#3521=DIRECTION('',(1.,1.82602471155453E-16,0.));
#3522=DIRECTION('',(0.,0.,1.));
#3523=DIRECTION('',(1.,1.82602471155453E-16,0.));
#3524=DIRECTION('',(0.,0.,1.));
#3525=DIRECTION('',(1.,1.82602471155453E-16,0.));
#3526=DIRECTION('',(1.,0.,0.));
#3527=DIRECTION('',(0.,-1.,0.));
#3528=DIRECTION('',(0.,-1.,0.));
#3529=DIRECTION('',(0.,-1.,0.));
#3530=DIRECTION('',(1.,0.,0.));
#3531=DIRECTION('',(0.,-1.,0.));
#3532=DIRECTION('',(0.,-1.,0.));
#3533=DIRECTION('',(0.,-1.,0.));
#3534=DIRECTION('',(-1.,-1.98254111540206E-16,0.));
#3535=DIRECTION('',(-1.98254111540206E-16,1.,0.));
#3536=DIRECTION('',(1.,-6.59921977075705E-16,0.));
#3537=DIRECTION('',(6.59921977075705E-16,1.,0.));
#3538=DIRECTION('',(-1.,0.,0.));
#3539=DIRECTION('',(0.,-1.,0.));
#3540=DIRECTION('',(0.,0.,-1.));
#3541=DIRECTION('',(0.,-1.,0.));
#3542=DIRECTION('',(0.,-1.,0.));
#3543=DIRECTION('',(1.,0.,0.));
#3544=DIRECTION('',(0.,-1.,0.));
#3545=DIRECTION('',(-1.,0.,0.));
#3546=DIRECTION('',(0.,-1.,0.));
#3547=DIRECTION('',(1.,0.,0.));
#3548=DIRECTION('',(0.,0.,-1.));
#3549=DIRECTION('',(0.,-1.,0.));
#3550=DIRECTION('',(0.323834847946941,-0.946113624917844,0.));
#3551=DIRECTION('',(0.946113624917844,0.323834847946941,0.));
#3552=DIRECTION('',(0.323834847946941,-0.946113624917843,0.));
#3553=DIRECTION('',(-0.946113624917843,-0.323834847946941,0.));
#3554=DIRECTION('',(0.323834847946941,-0.946113624917843,0.));
#3555=DIRECTION('',(0.946113624917844,0.323834847946941,0.));
#3556=DIRECTION('',(0.,0.,-1.));
#3557=DIRECTION('',(0.,-1.,0.));
#3558=DIRECTION('',(-0.32383484794694,-0.946113624917844,0.));
#3559=DIRECTION('',(0.946113624917844,-0.32383484794694,0.));
#3560=DIRECTION('',(-0.323834847946941,-0.946113624917844,0.));
#3561=DIRECTION('',(-0.946113624917844,0.323834847946941,0.));
#3562=DIRECTION('',(-0.32383484794694,-0.946113624917844,0.));
#3563=DIRECTION('',(0.946113624917844,-0.32383484794694,0.));
#3564=DIRECTION('',(0.,0.,-1.));
#3565=DIRECTION('',(0.,-1.,0.));
#3566=DIRECTION('',(0.,-1.,0.));
#3567=DIRECTION('',(1.,0.,0.));
#3568=DIRECTION('',(0.,-1.,0.));
#3569=DIRECTION('',(-1.,0.,0.));
#3570=DIRECTION('',(0.,-1.,0.));
#3571=DIRECTION('',(1.,0.,0.));
#3572=DIRECTION('',(0.,0.,-1.));
#3573=DIRECTION('',(0.,-1.,0.));
#3574=DIRECTION('',(1.,0.,0.));
#3575=DIRECTION('',(0.,1.,0.));
#3576=DIRECTION('',(1.,2.42861286636753E-16,0.));
#3577=DIRECTION('',(2.42861286636753E-16,-1.,0.));
#3578=DIRECTION('',(1.,0.,0.));
#3579=DIRECTION('',(0.,1.,0.));
#3580=DIRECTION('',(0.,0.,-1.));
#3581=DIRECTION('',(0.,-1.,0.));
#3582=DIRECTION('',(0.,1.,0.));
#3583=DIRECTION('',(-1.,0.,0.));
#3584=DIRECTION('',(0.,1.,0.));
#3585=DIRECTION('',(1.,0.,0.));
#3586=DIRECTION('',(0.,1.,0.));
#3587=DIRECTION('',(-1.,0.,0.));
#3588=DIRECTION('',(0.,0.,-1.));
#3589=DIRECTION('',(0.,-1.,0.));
#3590=DIRECTION('',(-0.323834847946941,0.946113624917844,0.));
#3591=DIRECTION('',(-0.946113624917844,-0.323834847946941,0.));
#3592=DIRECTION('',(-0.323834847946941,0.946113624917843,0.));
#3593=DIRECTION('',(0.946113624917843,0.323834847946941,0.));
#3594=DIRECTION('',(-0.32383484794694,0.946113624917844,0.));
#3595=DIRECTION('',(-0.946113624917844,-0.32383484794694,0.));
#3596=DIRECTION('',(0.,0.,-1.));
#3597=DIRECTION('',(0.,-1.,0.));
#3598=DIRECTION('',(0.32383484794694,0.946113624917844,0.));
#3599=DIRECTION('',(-0.946113624917844,0.32383484794694,0.));
#3600=DIRECTION('',(0.323834847946941,0.946113624917843,0.));
#3601=DIRECTION('',(0.946113624917843,-0.323834847946941,0.));
#3602=DIRECTION('',(0.32383484794694,0.946113624917844,0.));
#3603=DIRECTION('',(-0.946113624917844,0.32383484794694,0.));
#3604=DIRECTION('',(0.,0.,-1.));
#3605=DIRECTION('',(0.,-1.,0.));
#3606=DIRECTION('',(0.,1.,0.));
#3607=DIRECTION('',(-1.,0.,0.));
#3608=DIRECTION('',(0.,1.,0.));
#3609=DIRECTION('',(1.,0.,0.));
#3610=DIRECTION('',(0.,1.,0.));
#3611=DIRECTION('',(-1.,0.,0.));
#3612=DIRECTION('',(0.,0.,-1.));
#3613=DIRECTION('',(0.,-1.,0.));
#3614=DIRECTION('',(-1.,0.,0.));
#3615=DIRECTION('',(0.,-1.,0.));
#3616=DIRECTION('',(-1.,-2.97381167310309E-16,0.));
#3617=DIRECTION('',(-2.97381167310309E-16,1.,0.));
#3618=DIRECTION('',(1.,6.59921977075705E-16,0.));
#3619=DIRECTION('',(-6.59921977075705E-16,1.,0.));
#3620=DIRECTION('',(1.,1.98254111540206E-16,0.));
#3621=DIRECTION('',(1.98254111540206E-16,-1.,0.));
#3622=DIRECTION('',(0.707106781186548,2.10280240002291E-16,-0.707106781186548));
#3623=DIRECTION('',(0.707106781186548,2.10280240002291E-16,0.707106781186548));
#3624=DIRECTION('',(-0.707106781186548,-1.40186826668194E-16,-0.707106781186548));
#3625=DIRECTION('',(-0.707106781186548,-1.40186826668194E-16,0.707106781186548));
#3626=DIRECTION('',(0.,0.,-1.));
#3627=DIRECTION('',(0.,-1.,0.));
#3628=DIRECTION('',(0.,-1.,0.));
#3629=DIRECTION('',(1.,0.,0.));
#3630=DIRECTION('',(0.,1.,0.));
#3631=DIRECTION('',(1.,0.,0.));
#3632=DIRECTION('',(0.,-1.,0.));
#3633=DIRECTION('',(1.,0.,0.));
#3634=DIRECTION('',(0.,0.,-1.));
#3635=DIRECTION('',(0.,-1.,0.));
#3636=DIRECTION('',(0.32383484794694,-0.946113624917844,-6.05810136205247E-16));
#3637=DIRECTION('',(0.946113624917844,0.32383484794694,0.));
#3638=DIRECTION('',(-0.323834847946941,0.946113624917843,0.));
#3639=DIRECTION('',(0.946113624917843,0.323834847946941,0.));
#3640=DIRECTION('',(0.32383484794694,-0.946113624917844,-4.10311379021624E-16));
#3641=DIRECTION('',(0.946113624917844,0.323834847946941,0.));
#3642=DIRECTION('',(0.,0.,-1.));
#3643=DIRECTION('',(0.,-1.,0.));
#3644=DIRECTION('',(-0.32383484794694,-0.946113624917844,0.));
#3645=DIRECTION('',(0.946113624917844,-0.32383484794694,0.));
#3646=DIRECTION('',(0.323834847946941,0.946113624917844,0.));
#3647=DIRECTION('',(0.946113624917844,-0.323834847946941,0.));
#3648=DIRECTION('',(-0.32383484794694,-0.946113624917844,6.05810136205247E-16));
#3649=DIRECTION('',(0.946113624917844,-0.32383484794694,0.));
#3650=DIRECTION('',(0.,0.,-1.));
#3651=DIRECTION('',(0.,-1.,0.));
#3652=DIRECTION('',(0.,-1.,0.));
#3653=DIRECTION('',(1.,0.,0.));
#3654=DIRECTION('',(0.,1.,0.));
#3655=DIRECTION('',(1.,0.,0.));
#3656=DIRECTION('',(0.,-1.,0.));
#3657=DIRECTION('',(1.,0.,0.));
#3658=DIRECTION('',(0.,0.,-1.));
#3659=DIRECTION('',(0.,-1.,0.));
#3660=DIRECTION('',(0.,0.,-1.));
#3661=DIRECTION('',(0.,-1.,0.));
#3662=DIRECTION('',(0.,1.,0.));
#3663=DIRECTION('',(-1.,0.,0.));
#3664=DIRECTION('',(0.,-1.,0.));
#3665=DIRECTION('',(-1.,0.,0.));
#3666=DIRECTION('',(0.,1.,0.));
#3667=DIRECTION('',(-1.,0.,0.));
#3668=DIRECTION('',(0.,0.,-1.));
#3669=DIRECTION('',(0.,-1.,0.));
#3670=DIRECTION('',(-0.32383484794694,0.946113624917844,-6.05810136205247E-16));
#3671=DIRECTION('',(-0.946113624917844,-0.32383484794694,0.));
#3672=DIRECTION('',(0.323834847946941,-0.946113624917843,0.));
#3673=DIRECTION('',(-0.946113624917843,-0.323834847946941,0.));
#3674=DIRECTION('',(-0.32383484794694,0.946113624917843,4.10311379021625E-16));
#3675=DIRECTION('',(-0.946113624917844,-0.323834847946941,0.));
#3676=DIRECTION('',(0.,0.,-1.));
#3677=DIRECTION('',(0.,-1.,0.));
#3678=DIRECTION('',(0.32383484794694,0.946113624917844,0.));
#3679=DIRECTION('',(-0.946113624917844,0.32383484794694,0.));
#3680=DIRECTION('',(-0.323834847946941,-0.946113624917843,0.));
#3681=DIRECTION('',(-0.946113624917843,0.323834847946941,0.));
#3682=DIRECTION('',(0.32383484794694,0.946113624917844,0.));
#3683=DIRECTION('',(-0.946113624917844,0.32383484794694,0.));
#3684=DIRECTION('',(0.,0.,-1.));
#3685=DIRECTION('',(0.,-1.,0.));
#3686=DIRECTION('',(0.,1.,0.));
#3687=DIRECTION('',(-1.,0.,0.));
#3688=DIRECTION('',(0.,-1.,0.));
#3689=DIRECTION('',(-1.,0.,0.));
#3690=DIRECTION('',(0.,1.,0.));
#3691=DIRECTION('',(-1.,0.,0.));
#3692=DIRECTION('',(0.,0.,-1.));
#3693=DIRECTION('',(0.,-1.,0.));
#3694=DIRECTION('',(0.,1.,0.));
#3695=DIRECTION('',(1.,0.,0.));
#3696=DIRECTION('',(-0.707106781186548,0.707106781186548,0.));
#3697=DIRECTION('',(-0.707106781186548,-0.707106781186548,0.));
#3698=DIRECTION('',(-0.707106781186548,-0.707106781186548,0.));
#3699=DIRECTION('',(-0.707106781186548,0.707106781186548,0.));
#3700=DIRECTION('',(1.,1.82602471155453E-16,0.));
#3701=DIRECTION('',(1.82602471155453E-16,-1.,0.));
#3702=DIRECTION('',(-0.707106781186548,0.707106781186548,0.));
#3703=DIRECTION('',(0.707106781186548,0.707106781186548,0.));
#3704=DIRECTION('',(0.,-1.,0.));
#3705=DIRECTION('',(-1.,0.,0.));
#3706=DIRECTION('',(-0.707106781186548,-0.707106781186548,0.));
#3707=DIRECTION('',(-0.707106781186548,0.707106781186548,0.));
#3708=DIRECTION('',(-1.,-1.82602471155453E-16,0.));
#3709=DIRECTION('',(-1.82602471155453E-16,1.,0.));
#3710=DIRECTION('',(0.707106781186548,-0.707106781186548,0.));
#3711=DIRECTION('',(0.707106781186548,0.707106781186548,0.));
#3712=DIRECTION('',(0.707106781186548,0.707106781186548,0.));
#3713=DIRECTION('',(-0.707106781186548,0.707106781186548,0.));
#3714=DIRECTION('',(0.,-1.,0.));
#3715=DIRECTION('',(-1.,0.,0.));
#3716=DIRECTION('',(0.707106781186548,-0.707106781186548,0.));
#3717=DIRECTION('',(0.707106781186548,0.707106781186548,0.));
#3718=DIRECTION('',(0.,1.,0.));
#3719=DIRECTION('',(1.,0.,0.));
#3720=DIRECTION('',(0.707106781186548,0.707106781186548,0.));
#3721=DIRECTION('',(0.707106781186548,-0.707106781186548,0.));
#3722=DIRECTION('',(1.,2.51078397838749E-16,0.));
#3723=DIRECTION('',(2.51078397838749E-16,-1.,0.));
#3724=DIRECTION('',(-2.42861286636753E-16,1.,0.));
#3725=DIRECTION('',(1.,2.42861286636753E-16,0.));
#3726=DIRECTION('',(-2.42861286636753E-16,1.,0.));
#3727=DIRECTION('',(1.,2.42861286636753E-16,0.));
#3728=DIRECTION('',(-2.42861286636753E-16,1.,0.));
#3729=DIRECTION('',(1.,2.42861286636753E-16,0.));
#3730=DIRECTION('',(-2.42861286636753E-16,1.,0.));
#3731=DIRECTION('',(1.,2.42861286636753E-16,0.));
#3732=DIRECTION('',(-2.42861286636753E-16,1.,0.));
#3733=DIRECTION('',(1.,2.42861286636753E-16,0.));
#3734=DIRECTION('',(0.,0.,1.));
#3735=DIRECTION('',(0.,1.,0.));
#3736=DIRECTION('',(0.707106781186548,2.10280240002291E-16,-0.707106781186548));
#3737=DIRECTION('',(-0.707106781186548,-2.10280240002291E-16,-0.707106781186548));
#3738=DIRECTION('',(0.,0.,1.));
#3739=DIRECTION('',(0.,1.,0.));
#3740=DIRECTION('',(-0.707106781186548,-2.10280240002291E-16,-0.707106781186548));
#3741=DIRECTION('',(-0.707106781186548,-2.10280240002291E-16,0.707106781186548));
#3742=DIRECTION('',(0.,0.,1.));
#3743=DIRECTION('',(0.,1.,0.));
#3744=DIRECTION('',(0.707106781186548,1.40186826668194E-16,-0.707106781186548));
#3745=DIRECTION('',(-0.707106781186548,-1.40186826668194E-16,-0.707106781186548));
#3746=DIRECTION('',(0.,0.,-1.));
#3747=DIRECTION('',(0.,-1.,0.));
#3748=DIRECTION('',(0.707106781186548,1.40186826668194E-16,0.707106781186548));
#3749=DIRECTION('',(0.707106781186548,1.40186826668194E-16,-0.707106781186548));
#3750=DIRECTION('',(0.,0.,1.));
#3751=DIRECTION('',(0.,1.,0.));
#3752=DIRECTION('',(-0.707106781186548,-1.71728862668538E-16,-0.707106781186548));
#3753=DIRECTION('',(0.707106781186548,1.71728862668538E-16,-0.707106781186548));
#3754=DIRECTION('',(0.,0.,-1.));
#3755=DIRECTION('',(0.,-1.,0.));
#3756=DIRECTION('',(-0.707106781186548,-1.71728862668538E-16,0.707106781186548));
#3757=DIRECTION('',(-0.707106781186548,-1.71728862668538E-16,-0.707106781186548));
#3758=DIRECTION('',(0.,0.,1.));
#3759=DIRECTION('',(1.,0.,0.));
#3760=DIRECTION('',(1.,2.42861286636753E-16,0.));
#3761=DIRECTION('',(1.,2.97381167310309E-16,0.));
#3762=DIRECTION('',(0.,0.,1.));
#3763=DIRECTION('',(0.,-1.,0.));
#3764=DIRECTION('',(0.,-1.,0.));
#3765=DIRECTION('',(0.,0.,1.));
#3766=DIRECTION('',(0.,-1.,0.));
#3767=DIRECTION('',(-0.323834847946941,-0.946113624917843,0.));
#3768=DIRECTION('',(0.,0.,1.));
#3769=DIRECTION('',(0.,-1.,0.));
#3770=DIRECTION('',(0.323834847946941,-0.946113624917843,0.));
#3771=DIRECTION('',(0.,0.,1.));
#3772=DIRECTION('',(0.,-1.,0.));
#3773=DIRECTION('',(0.,-1.,0.));
#3774=DIRECTION('',(0.,0.,1.));
#3775=DIRECTION('',(0.,-1.,0.));
#3776=DIRECTION('',(0.,0.,1.));
#3777=DIRECTION('',(1.,0.,0.));
#3778=DIRECTION('',(1.,2.42861286636753E-16,0.));
#3779=DIRECTION('',(0.,0.,1.));
#3780=DIRECTION('',(0.,-1.,0.));
#3781=DIRECTION('',(0.,-1.,0.));
#3782=DIRECTION('',(0.,0.,1.));
#3783=DIRECTION('',(0.,-1.,0.));
#3784=DIRECTION('',(-0.323834847946941,-0.946113624917844,0.));
#3785=DIRECTION('',(0.,0.,1.));
#3786=DIRECTION('',(0.,-1.,0.));
#3787=DIRECTION('',(0.323834847946941,-0.946113624917843,0.));
#3788=DIRECTION('',(0.,0.,1.));
#3789=DIRECTION('',(0.,-1.,0.));
#3790=DIRECTION('',(0.,-1.,0.));
#3791=DIRECTION('',(0.,0.,1.));
#3792=DIRECTION('',(0.,-1.,0.));
#3793=DIRECTION('',(1.,1.98254111540206E-16,0.));
#3794=DIRECTION('',(1.,1.98254111540206E-16,0.));
#3795=DIRECTION('',(1.98254111540206E-16,-1.,0.));
#3796=DIRECTION('',(1.,0.,0.));
#3797=DIRECTION('',(0.,-1.,0.));
#3798=DIRECTION('',(-1.,-2.42861286636753E-16,0.));
#3799=DIRECTION('',(-2.42861286636753E-16,1.,0.));
#3800=DIRECTION('',(-1.,0.,0.));
#3801=DIRECTION('',(0.,1.,0.));
#3802=DIRECTION('',(1.,2.97381167310309E-16,0.));
#3803=DIRECTION('',(2.97381167310309E-16,-1.,0.));
#3804=DIRECTION('',(1.,0.,0.));
#3805=DIRECTION('',(0.,-1.,0.));
#3806=DIRECTION('',(0.,0.,1.));
#3807=DIRECTION('',(1.,0.,0.));
#3808=DIRECTION('',(1.,2.97381167310309E-16,0.));
#3809=DIRECTION('',(1.,1.98254111540206E-16,0.));
#3810=DIRECTION('',(1.,1.98254111540206E-16,0.));
#3811=DIRECTION('',(-1.,-2.42861286636753E-16,0.));
#3812=DIRECTION('',(-2.42861286636753E-16,1.,0.));
#3813=DIRECTION('',(-1.,0.,0.));
#3814=DIRECTION('',(0.,1.,0.));
#3815=DIRECTION('',(1.,0.,0.));
#3816=DIRECTION('',(0.,-1.,0.));
#3817=DIRECTION('',(0.,0.,-1.));
#3818=DIRECTION('',(0.,-1.,0.));
#3819=DIRECTION('',(0.,0.,-1.));
#3820=DIRECTION('',(0.,-1.,0.));
#3821=DIRECTION('',(0.946113624917843,0.323834847946941,0.));
#3822=DIRECTION('',(0.323834847946941,-0.946113624917843,0.));
#3823=DIRECTION('',(0.,0.,-1.));
#3824=DIRECTION('',(0.323834847946941,-0.946113624917843,0.));
#3825=DIRECTION('',(0.,0.,-1.));
#3826=DIRECTION('',(0.323834847946941,-0.946113624917843,0.));
#3827=DIRECTION('',(0.946113624917843,-0.323834847946941,0.));
#3828=DIRECTION('',(-0.323834847946941,-0.946113624917843,0.));
#3829=DIRECTION('',(0.,0.,-1.));
#3830=DIRECTION('',(-0.323834847946941,-0.946113624917843,0.));
#3831=DIRECTION('',(0.,0.,-1.));
#3832=DIRECTION('',(-0.323834847946941,-0.946113624917843,0.));
#3833=DIRECTION('',(1.,0.,0.));
#3834=DIRECTION('',(0.,-1.,0.));
#3835=DIRECTION('',(0.,0.,-1.));
#3836=DIRECTION('',(0.,-1.,0.));
#3837=DIRECTION('',(0.,0.,-1.));
#3838=DIRECTION('',(0.,-1.,0.));
#3839=DIRECTION('',(1.,0.,0.));
#3840=DIRECTION('',(0.,-1.,0.));
#3841=DIRECTION('',(0.,0.,-1.));
#3842=DIRECTION('',(0.,-1.,0.));
#3843=DIRECTION('',(0.,0.,-1.));
#3844=DIRECTION('',(0.,-1.,0.));
#3845=DIRECTION('',(0.946113624917843,0.323834847946941,0.));
#3846=DIRECTION('',(0.323834847946941,-0.946113624917843,0.));
#3847=DIRECTION('',(0.,0.,-1.));
#3848=DIRECTION('',(0.323834847946941,-0.946113624917843,0.));
#3849=DIRECTION('',(0.,0.,-1.));
#3850=DIRECTION('',(0.323834847946941,-0.946113624917843,0.));
#3851=DIRECTION('',(0.946113624917844,-0.323834847946941,0.));
#3852=DIRECTION('',(-0.323834847946941,-0.946113624917844,0.));
#3853=DIRECTION('',(0.,0.,-1.));
#3854=DIRECTION('',(-0.323834847946941,-0.946113624917844,0.));
#3855=DIRECTION('',(0.,0.,-1.));
#3856=DIRECTION('',(-0.323834847946941,-0.946113624917844,0.));
#3857=DIRECTION('',(1.,0.,0.));
#3858=DIRECTION('',(0.,-1.,0.));
#3859=DIRECTION('',(0.,0.,-1.));
#3860=DIRECTION('',(0.,-1.,0.));
#3861=DIRECTION('',(0.,0.,-1.));
#3862=DIRECTION('',(0.,-1.,0.));
#3863=DIRECTION('',(0.,0.,1.));
#3864=DIRECTION('',(1.,0.,0.));
#3865=DIRECTION('',(1.,1.98254111540206E-16,0.));
#3866=DIRECTION('',(0.,0.,1.));
#3867=DIRECTION('',(0.,-1.,0.));
#3868=DIRECTION('',(0.,-1.,0.));
#3869=DIRECTION('',(0.,0.,1.));
#3870=DIRECTION('',(0.,-1.,0.));
#3871=DIRECTION('',(0.323834847946941,-0.946113624917843,0.));
#3872=DIRECTION('',(0.,0.,1.));
#3873=DIRECTION('',(0.,-1.,0.));
#3874=DIRECTION('',(-0.323834847946941,-0.946113624917844,0.));
#3875=DIRECTION('',(0.,0.,1.));
#3876=DIRECTION('',(0.,-1.,0.));
#3877=DIRECTION('',(0.,-1.,0.));
#3878=DIRECTION('',(0.,0.,1.));
#3879=DIRECTION('',(0.,-1.,0.));
#3880=DIRECTION('',(1.,2.42861286636753E-16,0.));
#3881=DIRECTION('',(0.,0.,1.));
#3882=DIRECTION('',(0.,-1.,0.));
#3883=DIRECTION('',(0.,-1.,0.));
#3884=DIRECTION('',(0.,0.,1.));
#3885=DIRECTION('',(0.,-1.,0.));
#3886=DIRECTION('',(0.323834847946941,-0.946113624917843,0.));
#3887=DIRECTION('',(0.,0.,1.));
#3888=DIRECTION('',(0.,-1.,0.));
#3889=DIRECTION('',(-0.323834847946941,-0.946113624917843,0.));
#3890=DIRECTION('',(0.,0.,1.));
#3891=DIRECTION('',(0.,-1.,0.));
#3892=DIRECTION('',(0.,-1.,0.));
#3893=DIRECTION('',(0.,0.,1.));
#3894=DIRECTION('',(0.,-1.,0.));
#3895=DIRECTION('',(1.,2.97381167310309E-16,0.));
#3896=DIRECTION('',(1.,1.98254111540206E-16,0.));
#3897=DIRECTION('',(0.,0.,1.));
#3898=DIRECTION('',(0.,-1.,0.));
#3899=DIRECTION('',(0.,0.,1.));
#3900=DIRECTION('',(0.,-1.,0.));
#3901=DIRECTION('',(0.,0.,1.));
#3902=DIRECTION('',(0.,-1.,0.));
#3903=DIRECTION('',(0.,0.,-1.));
#3904=DIRECTION('',(0.,1.,0.));
#3905=DIRECTION('',(0.,0.,1.));
#3906=DIRECTION('',(0.,-1.,0.));
#3907=DIRECTION('',(0.,0.,1.));
#3908=DIRECTION('',(0.,-1.,0.));
#3909=DIRECTION('',(0.,0.,-1.));
#3910=DIRECTION('',(0.,1.,0.));
#3911=DIRECTION('',(0.,0.,1.));
#3912=DIRECTION('',(0.,-1.,0.));
#3913=DIRECTION('',(0.,0.,1.));
#3914=DIRECTION('',(0.,-1.,0.));
#3915=DIRECTION('',(0.,0.,1.));
#3916=DIRECTION('',(0.,-1.,0.));
#3917=DIRECTION('',(0.,0.,1.));
#3918=DIRECTION('',(0.,-1.,0.));
#3919=DIRECTION('',(0.,0.,1.));
#3920=DIRECTION('',(0.,-1.,0.));
#3921=DIRECTION('',(0.,0.,-1.));
#3922=DIRECTION('',(0.,1.,0.));
#3923=DIRECTION('',(0.,0.,1.));
#3924=DIRECTION('',(0.,-1.,0.));
#3925=DIRECTION('',(0.,0.,1.));
#3926=DIRECTION('',(0.,-1.,0.));
#3927=DIRECTION('',(0.,0.,-1.));
#3928=DIRECTION('',(0.,1.,0.));
#3929=DIRECTION('',(0.,0.,1.));
#3930=DIRECTION('',(0.,-1.,0.));
#3931=DIRECTION('',(0.,0.,1.));
#3932=DIRECTION('',(0.,-1.,0.));
#3933=DIRECTION('',(0.,0.,-1.));
#3934=DIRECTION('',(0.,1.,0.));
#3935=DIRECTION('',(0.,0.,1.));
#3936=DIRECTION('',(0.,-1.,0.));
#3937=DIRECTION('',(0.,0.,1.));
#3938=DIRECTION('',(0.,-1.,0.));
#3939=DIRECTION('',(0.,0.,1.));
#3940=DIRECTION('',(0.,-1.,0.));
#3941=DIRECTION('',(0.,0.,1.));
#3942=DIRECTION('',(0.,-1.,0.));
#3943=DIRECTION('',(0.,0.,1.));
#3944=DIRECTION('',(0.,-1.,0.));
#3945=DIRECTION('',(0.,0.,-1.));
#3946=DIRECTION('',(0.,1.,0.));
#3947=DIRECTION('',(0.,0.,1.));
#3948=DIRECTION('',(0.,-1.,0.));
#3949=DIRECTION('',(0.,0.,1.));
#3950=DIRECTION('',(0.,-1.,0.));
#3951=DIRECTION('',(0.,0.,1.));
#3952=DIRECTION('',(0.,-1.,0.));
#3953=DIRECTION('',(0.,0.,1.));
#3954=DIRECTION('',(0.,-1.,0.));
#3955=DIRECTION('',(0.,0.,1.));
#3956=DIRECTION('',(0.,-1.,0.));
#3957=DIRECTION('',(-1.,-1.98254111540206E-16,0.));
#3958=DIRECTION('',(-1.98254111540206E-16,1.,0.));
#3959=DIRECTION('',(1.,0.,0.));
#3960=DIRECTION('',(0.,-1.,0.));
#3961=DIRECTION('',(1.,0.,0.));
#3962=DIRECTION('',(0.,-1.,0.));
#3963=DIRECTION('',(0.,0.,1.));
#3964=DIRECTION('',(0.,-1.,0.));
#3965=DIRECTION('',(0.,1.,0.));
#3966=DIRECTION('',(1.,0.,0.));
#3967=DIRECTION('',(0.,-1.,0.));
#3968=DIRECTION('',(-1.,0.,0.));
#3969=DIRECTION('',(0.,1.,0.));
#3970=DIRECTION('',(1.,0.,0.));
#3971=DIRECTION('',(0.,0.,1.));
#3972=DIRECTION('',(0.,-1.,0.));
#3973=DIRECTION('',(-0.323834847946941,0.946113624917844,0.));
#3974=DIRECTION('',(0.946113624917844,0.323834847946941,0.));
#3975=DIRECTION('',(0.323834847946941,-0.946113624917843,0.));
#3976=DIRECTION('',(-0.946113624917843,-0.323834847946941,0.));
#3977=DIRECTION('',(-0.323834847946941,0.946113624917843,0.));
#3978=DIRECTION('',(0.946113624917844,0.323834847946941,0.));
#3979=DIRECTION('',(0.,0.,1.));
#3980=DIRECTION('',(0.,-1.,0.));
#3981=DIRECTION('',(0.32383484794694,0.946113624917844,0.));
#3982=DIRECTION('',(0.946113624917844,-0.32383484794694,0.));
#3983=DIRECTION('',(-0.323834847946941,-0.946113624917844,0.));
#3984=DIRECTION('',(-0.946113624917844,0.323834847946941,0.));
#3985=DIRECTION('',(0.32383484794694,0.946113624917844,0.));
#3986=DIRECTION('',(0.946113624917844,-0.32383484794694,0.));
#3987=DIRECTION('',(0.,0.,1.));
#3988=DIRECTION('',(0.,-1.,0.));
#3989=DIRECTION('',(0.,1.,0.));
#3990=DIRECTION('',(1.,0.,0.));
#3991=DIRECTION('',(0.,-1.,0.));
#3992=DIRECTION('',(-1.,0.,0.));
#3993=DIRECTION('',(0.,1.,0.));
#3994=DIRECTION('',(1.,0.,0.));
#3995=DIRECTION('',(0.,0.,1.));
#3996=DIRECTION('',(0.,-1.,0.));
#3997=DIRECTION('',(-1.,0.,0.));
#3998=DIRECTION('',(0.,1.,0.));
#3999=DIRECTION('',(1.,2.42861286636753E-16,0.));
#4000=DIRECTION('',(2.42861286636753E-16,-1.,0.));
#4001=DIRECTION('',(-1.,0.,0.));
#4002=DIRECTION('',(0.,1.,0.));
#4003=DIRECTION('',(0.,0.,1.));
#4004=DIRECTION('',(0.,-1.,0.));
#4005=DIRECTION('',(0.,-1.,0.));
#4006=DIRECTION('',(-1.,0.,0.));
#4007=DIRECTION('',(0.,1.,0.));
#4008=DIRECTION('',(1.,0.,0.));
#4009=DIRECTION('',(0.,-1.,0.));
#4010=DIRECTION('',(-1.,0.,0.));
#4011=DIRECTION('',(0.,0.,1.));
#4012=DIRECTION('',(0.,-1.,0.));
#4013=DIRECTION('',(0.323834847946941,-0.946113624917844,0.));
#4014=DIRECTION('',(-0.946113624917844,-0.323834847946941,0.));
#4015=DIRECTION('',(-0.323834847946941,0.946113624917843,0.));
#4016=DIRECTION('',(0.946113624917843,0.323834847946941,0.));
#4017=DIRECTION('',(0.32383484794694,-0.946113624917844,0.));
#4018=DIRECTION('',(-0.946113624917844,-0.32383484794694,0.));
#4019=DIRECTION('',(0.,0.,1.));
#4020=DIRECTION('',(0.,-1.,0.));
#4021=DIRECTION('',(-0.32383484794694,-0.946113624917844,0.));
#4022=DIRECTION('',(-0.946113624917844,0.32383484794694,0.));
#4023=DIRECTION('',(0.323834847946941,0.946113624917843,0.));
#4024=DIRECTION('',(0.946113624917843,-0.323834847946941,0.));
#4025=DIRECTION('',(-0.32383484794694,-0.946113624917844,0.));
#4026=DIRECTION('',(-0.946113624917844,0.32383484794694,0.));
#4027=DIRECTION('',(0.,0.,1.));
#4028=DIRECTION('',(0.,-1.,0.));
#4029=DIRECTION('',(0.,-1.,0.));
#4030=DIRECTION('',(-1.,0.,0.));
#4031=DIRECTION('',(0.,1.,0.));
#4032=DIRECTION('',(1.,0.,0.));
#4033=DIRECTION('',(0.,-1.,0.));
#4034=DIRECTION('',(-1.,0.,0.));
#4035=DIRECTION('',(0.,0.,1.));
#4036=DIRECTION('',(0.,-1.,0.));
#4037=DIRECTION('',(1.,1.98254111540206E-16,0.));
#4038=DIRECTION('',(1.98254111540206E-16,-1.,0.));
#4039=DIRECTION('',(0.,0.,1.));
#4040=DIRECTION('',(0.,-1.,0.));
#4041=DIRECTION('',(0.,1.,0.));
#4042=DIRECTION('',(1.,0.,0.));
#4043=DIRECTION('',(0.,1.,0.));
#4044=DIRECTION('',(1.,0.,0.));
#4045=DIRECTION('',(0.,1.,0.));
#4046=DIRECTION('',(1.,0.,0.));
#4047=DIRECTION('',(0.,0.,1.));
#4048=DIRECTION('',(0.,-1.,0.));
#4049=DIRECTION('',(-0.32383484794694,0.946113624917844,-6.05810136205247E-16));
#4050=DIRECTION('',(0.946113624917844,0.32383484794694,0.));
#4051=DIRECTION('',(-0.323834847946941,0.946113624917843,0.));
#4052=DIRECTION('',(0.946113624917843,0.323834847946941,0.));
#4053=DIRECTION('',(-0.32383484794694,0.946113624917844,-4.10311379021624E-16));
#4054=DIRECTION('',(0.946113624917844,0.323834847946941,0.));
#4055=DIRECTION('',(0.,0.,1.));
#4056=DIRECTION('',(0.,-1.,0.));
#4057=DIRECTION('',(0.32383484794694,0.946113624917844,0.));
#4058=DIRECTION('',(0.946113624917844,-0.32383484794694,0.));
#4059=DIRECTION('',(0.323834847946941,0.946113624917844,0.));
#4060=DIRECTION('',(0.946113624917844,-0.323834847946941,0.));
#4061=DIRECTION('',(0.32383484794694,0.946113624917844,6.05810136205247E-16));
#4062=DIRECTION('',(0.946113624917844,-0.32383484794694,0.));
#4063=DIRECTION('',(0.,0.,1.));
#4064=DIRECTION('',(0.,-1.,0.));
#4065=DIRECTION('',(0.,1.,0.));
#4066=DIRECTION('',(1.,0.,0.));
#4067=DIRECTION('',(0.,1.,0.));
#4068=DIRECTION('',(1.,0.,0.));
#4069=DIRECTION('',(0.,1.,0.));
#4070=DIRECTION('',(1.,0.,0.));
#4071=DIRECTION('',(0.,0.,1.));
#4072=DIRECTION('',(0.,-1.,0.));
#4073=DIRECTION('',(0.,0.,1.));
#4074=DIRECTION('',(0.,-1.,0.));
#4075=DIRECTION('',(0.,-1.,0.));
#4076=DIRECTION('',(-1.,0.,0.));
#4077=DIRECTION('',(0.,-1.,0.));
#4078=DIRECTION('',(-1.,0.,0.));
#4079=DIRECTION('',(0.,-1.,0.));
#4080=DIRECTION('',(-1.,0.,0.));
#4081=DIRECTION('',(0.,0.,1.));
#4082=DIRECTION('',(0.,-1.,0.));
#4083=DIRECTION('',(0.32383484794694,-0.946113624917844,-6.05810136205247E-16));
#4084=DIRECTION('',(-0.946113624917844,-0.32383484794694,0.));
#4085=DIRECTION('',(0.323834847946941,-0.946113624917843,0.));
#4086=DIRECTION('',(-0.946113624917843,-0.323834847946941,0.));
#4087=DIRECTION('',(0.32383484794694,-0.946113624917843,4.10311379021625E-16));
#4088=DIRECTION('',(-0.946113624917844,-0.323834847946941,0.));
#4089=DIRECTION('',(0.,0.,1.));
#4090=DIRECTION('',(0.,-1.,0.));
#4091=DIRECTION('',(-0.32383484794694,-0.946113624917844,0.));
#4092=DIRECTION('',(-0.946113624917844,0.32383484794694,0.));
#4093=DIRECTION('',(-0.323834847946941,-0.946113624917843,0.));
#4094=DIRECTION('',(-0.946113624917843,0.323834847946941,0.));
#4095=DIRECTION('',(-0.32383484794694,-0.946113624917844,0.));
#4096=DIRECTION('',(-0.946113624917844,0.32383484794694,0.));
#4097=DIRECTION('',(0.,0.,1.));
#4098=DIRECTION('',(0.,-1.,0.));
#4099=DIRECTION('',(0.,-1.,0.));
#4100=DIRECTION('',(-1.,0.,0.));
#4101=DIRECTION('',(0.,-1.,0.));
#4102=DIRECTION('',(-1.,0.,0.));
#4103=DIRECTION('',(0.,-1.,0.));
#4104=DIRECTION('',(-1.,0.,0.));
#4105=DIRECTION('',(0.,0.,1.));
#4106=DIRECTION('',(0.,-1.,0.));
#4107=DIRECTION('',(-1.,-1.98254111540206E-16,0.));
#4108=DIRECTION('',(-1.98254111540206E-16,1.,0.));
#4109=DIRECTION('',(-1.,-1.98254111540206E-16,0.));
#4110=DIRECTION('',(-1.98254111540206E-16,1.,0.));
#4111=DIRECTION('',(-1.,-2.51078397838749E-16,0.));
#4112=DIRECTION('',(-2.51078397838749E-16,1.,0.));
#4113=DIRECTION('',(0.,0.,-1.));
#4114=DIRECTION('',(0.,1.,0.));
#4115=CARTESIAN_POINT('',(0.,0.,0.));
#4116=CARTESIAN_POINT('',(0.00621650635094609,0.001609965,0.442673076211353));
#4117=CARTESIAN_POINT('',(0.00162990590869312,-0.011607965,0.434728851211354));
#4118=CARTESIAN_POINT('',(0.00467320787825751,-0.011607965,0.440000004845414));
#4119=CARTESIAN_POINT('',(0.00775980762113533,-0.011607965,0.445346152422706));
#4120=CARTESIAN_POINT('',(0.00467320508075687,0.001609965,0.44));
#4121=CARTESIAN_POINT('',(0.00467320508075687,-0.022607965,0.44));
#4122=CARTESIAN_POINT('',(0.0062165063509461,-0.022607965,0.442673076211353));
#4123=CARTESIAN_POINT('',(0.00775980762113533,-0.022607965,0.445346152422706));
#4124=CARTESIAN_POINT('',(0.00775980762113532,0.001609965,0.445346152422706));
#4125=CARTESIAN_POINT('',(-0.0062165063509461,0.001609965,0.442673076211353));
#4126=CARTESIAN_POINT('',(-0.00467320508075687,0.001609965,0.44));
#4127=CARTESIAN_POINT('',(-0.00467320787825751,-0.011607965,0.440000004845414));
#4128=CARTESIAN_POINT('',(-0.00467320508075687,-0.022607965,0.44));
#4129=CARTESIAN_POINT('',(-0.00537990590869313,-0.011607965,0.441224041739737));
#4130=CARTESIAN_POINT('',(-0.00775980762113532,-0.011607965,0.445346152422706));
#4131=CARTESIAN_POINT('',(-0.00775980762113532,0.001609965,0.445346152422706));
#4132=CARTESIAN_POINT('',(-0.00775980762113532,-0.022607965,0.445346152422706));
#4133=CARTESIAN_POINT('',(-0.00621650635094609,-0.022607965,0.442673076211353));
#4134=CARTESIAN_POINT('',(4.02866232437511E-19,0.001609965,0.445346152422706));
#4135=CARTESIAN_POINT('',(0.,-0.017182965,0.445346152422706));
#4136=CARTESIAN_POINT('',(0.,-0.015582965,0.445346152422706));
#4137=CARTESIAN_POINT('',(-0.0075,-0.011607965,0.445346152422706));
#4138=CARTESIAN_POINT('',(5.20417042793042E-18,-0.022607965,0.445346152422706));
#4139=CARTESIAN_POINT('',(-4.76201560822842E-18,0.019607965,0.466750004845413));
#4140=CARTESIAN_POINT('',(-2.74086309204335E-18,0.019607965,0.471000004845413));
#4141=CARTESIAN_POINT('',(0.012,0.019607965,0.471000004845413));
#4142=CARTESIAN_POINT('',(-0.0155,0.019607965,0.486500004845413));
#4143=CARTESIAN_POINT('',(-0.01375,0.019607965,0.486500004845413));
#4144=CARTESIAN_POINT('',(0.0155,0.019607965,0.486500004845413));
#4145=CARTESIAN_POINT('',(0.01725,0.019607965,0.486500004845413));
#4146=CARTESIAN_POINT('',(0.0155,0.019607965,0.455500004845413));
#4147=CARTESIAN_POINT('',(0.01725,0.019607965,0.455500004845413));
#4148=CARTESIAN_POINT('',(-0.0155,0.019607965,0.455500004845413));
#4149=CARTESIAN_POINT('',(-0.01375,0.019607965,0.455500004845413));
#4150=CARTESIAN_POINT('',(-4.76201560822842E-18,0.019607965,0.492000004845413));
#4151=CARTESIAN_POINT('',(0.0215,0.019607965,0.492000004845413));
#4152=CARTESIAN_POINT('',(-0.0215,0.019607965,0.492000004845413));
#4153=CARTESIAN_POINT('',(-0.0215,0.019607965,0.470750004845413));
#4154=CARTESIAN_POINT('',(-0.0215,0.019607965,0.450000004845413));
#4155=CARTESIAN_POINT('',(-4.76201560822842E-18,0.019607965,0.450000004845413));
#4156=CARTESIAN_POINT('',(0.0215,0.019607965,0.450000004845413));
#4157=CARTESIAN_POINT('',(0.0215,0.019607965,0.470750004845413));
#4158=CARTESIAN_POINT('',(-0.0215,5.18682319317064E-18,0.492502004845413));
#4159=CARTESIAN_POINT('',(-0.0215,-0.021607965,0.492500004845413));
#4160=CARTESIAN_POINT('',(-0.0215,-0.021607965,0.450000004845413));
#4161=CARTESIAN_POINT('',(-0.0215,-0.021607965,0.492000004845413));
#4162=CARTESIAN_POINT('',(-0.0215,5.18682319317064E-18,0.450000004845413));
#4163=CARTESIAN_POINT('',(-0.0215,5.18682319317064E-18,0.492000004845413));
#4164=CARTESIAN_POINT('',(-0.0245,6.93889390390723E-18,0.492502004845413));
#4165=CARTESIAN_POINT('',(-0.0245,0.021607965,0.492502004845413));
#4166=CARTESIAN_POINT('',(-0.0245,0.021607965,0.450000004845413));
#4167=CARTESIAN_POINT('',(-0.0245,0.021607965,0.492000004845413));
#4168=CARTESIAN_POINT('',(-0.0245,1.228824137594E-17,0.450000004845413));
#4169=CARTESIAN_POINT('',(-0.0245,-0.021607965,0.450000004845413));
#4170=CARTESIAN_POINT('',(-0.0245,-0.021607965,0.449000004845414));
#4171=CARTESIAN_POINT('',(-0.0245,-0.021607965,0.492000004845413));
#4172=CARTESIAN_POINT('',(-0.0245,1.228824137594E-17,0.492000004845413));
#4173=CARTESIAN_POINT('',(0.0215,5.89805981832114E-17,0.492502004845413));
#4174=CARTESIAN_POINT('',(0.0215,7.1089236165382E-18,0.450000004845413));
#4175=CARTESIAN_POINT('',(0.0215,-0.021607965,0.450000004845413));
#4176=CARTESIAN_POINT('',(0.0215,-0.021607965,0.449000004845414));
#4177=CARTESIAN_POINT('',(0.0215,-0.021607965,0.492000004845413));
#4178=CARTESIAN_POINT('',(0.0215,7.1089236165382E-18,0.492000004845413));
#4179=CARTESIAN_POINT('',(0.0245,6.59194920871187E-17,0.492502004845413));
#4180=CARTESIAN_POINT('',(0.0245,6.64853981570249E-18,0.492000004845413));
#4181=CARTESIAN_POINT('',(0.0245,0.021607965,0.492000004845413));
#4182=CARTESIAN_POINT('',(0.0245,-0.021607965,0.492000004845413));
#4183=CARTESIAN_POINT('',(0.0245,-0.021607965,0.492502004845413));
#4184=CARTESIAN_POINT('',(0.0245,-0.021607965,0.450000004845413));
#4185=CARTESIAN_POINT('',(0.0245,6.64853981570249E-18,0.450000004845413));
#4186=CARTESIAN_POINT('',(0.0245,0.021607965,0.450000004845413));
#4187=CARTESIAN_POINT('',(0.0245,0.021607965,0.449000004845414));
#4188=CARTESIAN_POINT('',(0.,1.04083408558608E-17,0.450000004845413));
#4189=CARTESIAN_POINT('',(0.047,0.021607965,0.450000004845413));
#4190=CARTESIAN_POINT('',(-0.047,0.021607965,0.450000004845413));
#4191=CARTESIAN_POINT('',(-0.047,0.019607965,0.450000004845413));
#4192=CARTESIAN_POINT('',(-0.049,0.019607965,0.450000004845413));
#4193=CARTESIAN_POINT('',(-0.049,1.04083408558608E-17,0.450000004845413));
#4194=CARTESIAN_POINT('',(-0.049,0.0151071673751346,0.450000004845413));
#4195=CARTESIAN_POINT('',(-0.047,0.0151071673751346,0.450000004845413));
#4196=CARTESIAN_POINT('',(-0.0488922272498357,0.0144594976792407,0.450000004845413));
#4197=CARTESIAN_POINT('',(-0.0393347809815653,-0.013463470436014,0.450000004845413));
#4198=CARTESIAN_POINT('',(-0.0443864120019716,0.00129533939178777,0.450000004845413));
#4199=CARTESIAN_POINT('',(-0.048170866501643,2.60208521396521E-18,0.450000004845413));
#4200=CARTESIAN_POINT('',(-0.0443864120019716,-0.00129533939178776,0.450000004845413));
#4201=CARTESIAN_POINT('',(-0.0393347809815653,0.013463470436014,0.450000004845413));
#4202=CARTESIAN_POINT('',(-0.0488922272498357,-0.0144594976792407,0.450000004845413));
#4203=CARTESIAN_POINT('',(-0.047,-0.0151071673751346,0.450000004845413));
#4204=CARTESIAN_POINT('',(-0.049,-0.0151071673751346,0.450000004845413));
#4205=CARTESIAN_POINT('',(-0.049,1.04083408558608E-17,0.450000004845413));
#4206=CARTESIAN_POINT('',(-0.049,-0.019607965,0.450000004845413));
#4207=CARTESIAN_POINT('',(-0.047,-0.019607965,0.450000004845413));
#4208=CARTESIAN_POINT('',(-0.047,-0.021607965,0.450000004845413));
#4209=CARTESIAN_POINT('',(6.42580185490031E-18,-0.021607965,0.450000004845413));
#4210=CARTESIAN_POINT('',(0.,1.04083408558608E-17,0.450000004845413));
#4211=CARTESIAN_POINT('',(4.28386790326687E-18,-0.021607965,0.450000004845413));
#4212=CARTESIAN_POINT('',(0.047,-0.021607965,0.450000004845413));
#4213=CARTESIAN_POINT('',(0.047,-0.019607965,0.450000004845413));
#4214=CARTESIAN_POINT('',(0.049,-0.019607965,0.450000004845413));
#4215=CARTESIAN_POINT('',(0.049,-0.019607965,0.450000004845413));
#4216=CARTESIAN_POINT('',(0.049,-0.0151071673751346,0.450000004845413));
#4217=CARTESIAN_POINT('',(0.047,-0.0151071673751346,0.450000004845413));
#4218=CARTESIAN_POINT('',(0.0488922272498357,-0.0144594976792407,0.450000004845413));
#4219=CARTESIAN_POINT('',(0.0488922272498357,-0.0144594976792407,0.450000004845413));
#4220=CARTESIAN_POINT('',(0.0443864120019716,-0.00129533939178777,0.450000004845413));
#4221=CARTESIAN_POINT('',(0.048170866501643,-4.33680868994202E-18,0.450000004845413));
#4222=CARTESIAN_POINT('',(0.0443864120019716,0.00129533939178775,0.450000004845413));
#4223=CARTESIAN_POINT('',(0.0443864120019716,0.00129533939178775,0.450000004845413));
#4224=CARTESIAN_POINT('',(0.0488922272498357,0.0144594976792407,0.450000004845413));
#4225=CARTESIAN_POINT('',(0.047,0.0151071673751346,0.450000004845413));
#4226=CARTESIAN_POINT('',(0.049,0.0151071673751346,0.450000004845413));
#4227=CARTESIAN_POINT('',(0.049,0.0151071673751346,0.450000004845413));
#4228=CARTESIAN_POINT('',(0.049,0.0196079650000001,0.450000004845413));
#4229=CARTESIAN_POINT('',(0.047,0.0196079650000001,0.450000004845413));
#4230=CARTESIAN_POINT('',(0.047,0.021607965,0.450000004845413));
#4231=CARTESIAN_POINT('',(0.047,0.021607965,0.450000004845413));
#4232=CARTESIAN_POINT('',(0.0325,-0.021607965,0.449000004845414));
#4233=CARTESIAN_POINT('',(0.0325,-0.022607965,0.449000004845414));
#4234=CARTESIAN_POINT('',(0.0235,-0.022607965,0.449000004845414));
#4235=CARTESIAN_POINT('',(0.047,-0.022607965,0.449000004845414));
#4236=CARTESIAN_POINT('',(0.047,-0.021607965,0.449000004845414));
#4237=CARTESIAN_POINT('',(0.0235,-0.021607965,0.449000004845414));
#4238=CARTESIAN_POINT('',(-5.24773818150193E-18,0.021607965,0.449000004845414));
#4239=CARTESIAN_POINT('',(0.047,0.021607965,0.449000004845414));
#4240=CARTESIAN_POINT('',(0.047,0.022607965,0.449000004845414));
#4241=CARTESIAN_POINT('',(-0.047,0.022607965,0.449000004845414));
#4242=CARTESIAN_POINT('',(0.0235,0.022607965,0.449000004845414));
#4243=CARTESIAN_POINT('',(0.0235,0.021607965,0.449000004845414));
#4244=CARTESIAN_POINT('',(-0.0325,-0.021607965,0.449000004845414));
#4245=CARTESIAN_POINT('',(-0.047,-0.021607965,0.449000004845414));
#4246=CARTESIAN_POINT('',(-0.047,-0.022607965,0.449000004845414));
#4247=CARTESIAN_POINT('',(-0.0325,-0.022607965,0.449000004845414));
#4248=CARTESIAN_POINT('',(-0.0235,-0.022607965,0.449000004845414));
#4249=CARTESIAN_POINT('',(-0.0235,-0.021607965,0.449000004845414));
#4250=CARTESIAN_POINT('',(0.,1.04083408558608E-17,0.450000004845413));
#4251=CARTESIAN_POINT('',(0.,-0.017182965,0.45));
#4252=CARTESIAN_POINT('',(0.,-0.015582965,0.45));
#4253=CARTESIAN_POINT('',(0.0115,1.04083408558608E-17,0.450000004845413));
#4254=CARTESIAN_POINT('',(0.0115,-0.000392034999999993,0.450000004845413));
#4255=CARTESIAN_POINT('',(0.0115,0.013757965,0.450000004845413));
#4256=CARTESIAN_POINT('',(-0.0115,-0.000392035,0.450000004845413));
#4257=CARTESIAN_POINT('',(-0.0115,-0.000392035,0.450000004845413));
#4258=CARTESIAN_POINT('',(-0.0115,0.001607965,0.450000004845413));
#4259=CARTESIAN_POINT('',(-0.0115,0.013757965,0.450000004845413));
#4260=CARTESIAN_POINT('',(-2.51223840707023E-18,0.013757965,0.450000004845413));
#4261=CARTESIAN_POINT('',(6.42580185490031E-18,-0.021607965,0.450000004845413));
#4262=CARTESIAN_POINT('',(-0.015,-0.021607965,0.450000004845413));
#4263=CARTESIAN_POINT('',(4.28386790326687E-18,-0.021607965,0.450000004845413));
#4264=CARTESIAN_POINT('',(0.015,-0.021607965,0.450000004845413));
#4265=CARTESIAN_POINT('',(4.28386790326687E-18,-0.021607965,0.450000004845413));
#4266=CARTESIAN_POINT('',(-5.24773818150193E-18,0.021607965,0.449000004845414));
#4267=CARTESIAN_POINT('',(-0.047,0.022607965,0.449000004845414));
#4268=CARTESIAN_POINT('',(-0.0235,0.022607965,0.449000004845414));
#4269=CARTESIAN_POINT('',(-0.047,0.022607965,0.449000004845414));
#4270=CARTESIAN_POINT('',(-0.047,0.021607965,0.449000004845414));
#4271=CARTESIAN_POINT('',(-0.0235,0.021607965,0.449000004845414));
#4272=CARTESIAN_POINT('',(-0.0075,-0.011607965,0.440000004845414));
#4273=CARTESIAN_POINT('',(-0.0075,-0.011607965,0.440000004845414));
#4274=CARTESIAN_POINT('',(-3.46944695195361E-18,0.001607965,0.439998004845414));
#4275=CARTESIAN_POINT('',(-0.0095,0.001607965,0.439998004845414));
#4276=CARTESIAN_POINT('',(-0.0095,0.001607965,0.442000004845414));
#4277=CARTESIAN_POINT('',(-0.0095,0.001607965,0.448000004845414));
#4278=CARTESIAN_POINT('',(0.0115,0.001607965,0.448000004845414));
#4279=CARTESIAN_POINT('',(0.0095,0.001607965,0.448000004845414));
#4280=CARTESIAN_POINT('',(0.0095,0.001607965,0.439998004845414));
#4281=CARTESIAN_POINT('',(0.0095,0.001607965,0.442000004845414));
#4282=CARTESIAN_POINT('',(-3.46944695195361E-18,0.001607965,0.442000004845414));
#4283=CARTESIAN_POINT('',(0.00582790841663676,0.001607965,0.442000004845414));
#4284=CARTESIAN_POINT('',(-3.46944695195361E-18,0.001607965,0.442000004845414));
#4285=CARTESIAN_POINT('',(-0.00582790841663676,0.001607965,0.442000004845414));
#4286=CARTESIAN_POINT('',(-3.46944695195361E-18,0.001607965,0.442000004845414));
#4287=CARTESIAN_POINT('',(-0.05,0.018607965,0.440000004845414));
#4288=CARTESIAN_POINT('',(-0.05,0.0151071673751346,0.440000004845414));
#4289=CARTESIAN_POINT('',(-0.05,0.0151071673751346,0.449000004845414));
#4290=CARTESIAN_POINT('',(-0.05,0.0151071673751346,0.441000004845414));
#4291=CARTESIAN_POINT('',(-0.05,0.018607965,0.449000004845414));
#4292=CARTESIAN_POINT('',(-0.05,0.019607965,0.449000004845414));
#4293=CARTESIAN_POINT('',(-0.05,0.019607965,0.450000004845413));
#4294=CARTESIAN_POINT('',(-0.05,0.019607965,0.441000004845414));
#4295=CARTESIAN_POINT('',(-0.05,0.019607965,0.441000004845414));
#4296=CARTESIAN_POINT('',(-0.0475,0.0073039825,0.440000004845414));
#4297=CARTESIAN_POINT('',(-0.0453325256268894,0.000971504543840824,0.440000004845414));
#4298=CARTESIAN_POINT('',(-0.0453325256268894,0.000971504543840824,0.449000004845414));
#4299=CARTESIAN_POINT('',(-0.0453325256268894,0.000971504543840824,0.441000004845414));
#4300=CARTESIAN_POINT('',(-0.0475,0.0073039825,0.449000004845414));
#4301=CARTESIAN_POINT('',(-0.0498383408747535,0.0141356628312938,0.449000004845414));
#4302=CARTESIAN_POINT('',(-0.0498383408747535,0.0141356628312938,0.440000004845414));
#4303=CARTESIAN_POINT('',(-0.0498383408747535,0.0141356628312938,0.441000004845414));
#4304=CARTESIAN_POINT('',(-0.0498383408747535,0.0141356628312938,0.441000004845414));
#4305=CARTESIAN_POINT('',(-0.0475,-0.0073039825,0.440000004845414));
#4306=CARTESIAN_POINT('',(-0.0498383408747535,-0.0141356628312938,0.440000004845414));
#4307=CARTESIAN_POINT('',(-0.0498383408747535,-0.0141356628312938,0.449000004845414));
#4308=CARTESIAN_POINT('',(-0.0498383408747535,-0.0141356628312938,0.441000004845414));
#4309=CARTESIAN_POINT('',(-0.0475,-0.0073039825,0.449000004845414));
#4310=CARTESIAN_POINT('',(-0.0453325256268894,-0.000971504543840819,0.449000004845414));
#4311=CARTESIAN_POINT('',(-0.0453325256268894,-0.000971504543840819,0.450000004845413));
#4312=CARTESIAN_POINT('',(-0.0453325256268894,-0.000971504543840819,0.441000004845414));
#4313=CARTESIAN_POINT('',(-0.0453325256268894,-0.00097150454384082,0.441000004845414));
#4314=CARTESIAN_POINT('',(-0.05,-0.018607965,0.440000004845414));
#4315=CARTESIAN_POINT('',(-0.05,-0.019607965,0.440000004845414));
#4316=CARTESIAN_POINT('',(-0.05,-0.019607965,0.449000004845414));
#4317=CARTESIAN_POINT('',(-0.05,-0.019607965,0.441000004845414));
#4318=CARTESIAN_POINT('',(-0.05,-0.018607965,0.449000004845414));
#4319=CARTESIAN_POINT('',(-0.05,-0.0151071673751346,0.449000004845414));
#4320=CARTESIAN_POINT('',(-0.05,-0.0151071673751346,0.440000004845414));
#4321=CARTESIAN_POINT('',(-0.05,-0.0151071673751346,0.441000004845414));
#4322=CARTESIAN_POINT('',(-0.05,-0.0151071673751346,0.441000004845414));
#4323=CARTESIAN_POINT('',(0.0325,-0.022607965,0.440000004845414));
#4324=CARTESIAN_POINT('',(0.0325,-0.022607965,0.449000004845414));
#4325=CARTESIAN_POINT('',(0.015,-0.022607965,0.449000004845414));
#4326=CARTESIAN_POINT('',(0.0225,-0.022607965,0.449000004845414));
#4327=CARTESIAN_POINT('',(0.0325,-0.022607965,0.449000004845414));
#4328=CARTESIAN_POINT('',(-0.015,-0.022607965,0.449000004845414));
#4329=CARTESIAN_POINT('',(-0.0325,-0.022607965,0.449000004845414));
#4330=CARTESIAN_POINT('',(-0.0225,-0.022607965,0.449000004845414));
#4331=CARTESIAN_POINT('',(-0.0225,-0.022607965,0.449000004845414));
#4332=CARTESIAN_POINT('',(-0.0225,-0.022607965,0.493000004845413));
#4333=CARTESIAN_POINT('',(-0.0325,-0.022607965,0.493000004845413));
#4334=CARTESIAN_POINT('',(-0.015,-0.022607965,0.493000004845413));
#4335=CARTESIAN_POINT('',(0.0325,-0.022607965,0.493000004845413));
#4336=CARTESIAN_POINT('',(0.015,-0.022607965,0.493000004845413));
#4337=CARTESIAN_POINT('',(0.0325,-0.022607965,0.493000004845413));
#4338=CARTESIAN_POINT('',(0.0225,-0.022607965,0.493000004845413));
#4339=CARTESIAN_POINT('',(0.0225,-0.022607965,0.492500004845413));
#4340=CARTESIAN_POINT('',(-0.047,-0.022607965,0.501000004845413));
#4341=CARTESIAN_POINT('',(-0.015,-0.022607965,0.501000004845413));
#4342=CARTESIAN_POINT('',(-0.047,-0.022607965,0.501000004845413));
#4343=CARTESIAN_POINT('',(-0.047,-0.022607965,0.502000004845413));
#4344=CARTESIAN_POINT('',(-0.047,-0.022607965,0.493000004845413));
#4345=CARTESIAN_POINT('',(-0.0325,-0.022607965,0.493000004845413));
#4346=CARTESIAN_POINT('',(-0.0235,-0.022607965,0.493000004845413));
#4347=CARTESIAN_POINT('',(-0.0235,-0.022607965,0.492500004845413));
#4348=CARTESIAN_POINT('',(-0.047,-0.022607965,0.440000004845414));
#4349=CARTESIAN_POINT('',(-0.047,-0.022607965,0.441000004845414));
#4350=CARTESIAN_POINT('',(-0.047,-0.022607965,0.441000004845414));
#4351=CARTESIAN_POINT('',(-0.015,-0.022607965,0.441000004845414));
#4352=CARTESIAN_POINT('',(-0.015,-0.022607965,0.445000004845414));
#4353=CARTESIAN_POINT('',(-0.015,-0.022607965,0.440000004845414));
#4354=CARTESIAN_POINT('',(-0.00983660393912875,-0.022607965,0.440000004845414));
#4355=CARTESIAN_POINT('',(0.00983660393912875,-0.022607965,0.440000004845414));
#4356=CARTESIAN_POINT('',(0.015,-0.022607965,0.440000004845414));
#4357=CARTESIAN_POINT('',(0.015,-0.022607965,0.445000004845414));
#4358=CARTESIAN_POINT('',(0.015,-0.022607965,0.441000004845414));
#4359=CARTESIAN_POINT('',(0.015,-0.022607965,0.441000004845414));
#4360=CARTESIAN_POINT('',(0.047,-0.022607965,0.441000004845414));
#4361=CARTESIAN_POINT('',(0.047,-0.022607965,0.440000004845414));
#4362=CARTESIAN_POINT('',(0.0235,-0.022607965,0.440000004845414));
#4363=CARTESIAN_POINT('',(0.0235,-0.022607965,0.493000004845413));
#4364=CARTESIAN_POINT('',(0.0325,-0.022607965,0.493000004845413));
#4365=CARTESIAN_POINT('',(0.047,-0.022607965,0.493000004845413));
#4366=CARTESIAN_POINT('',(0.047,-0.022607965,0.502000004845413));
#4367=CARTESIAN_POINT('',(0.047,-0.022607965,0.501000004845413));
#4368=CARTESIAN_POINT('',(0.015,-0.022607965,0.501000004845413));
#4369=CARTESIAN_POINT('',(0.015,-0.022607965,0.501000004845413));
#4370=CARTESIAN_POINT('',(0.015,-0.022607965,0.501000004845413));
#4371=CARTESIAN_POINT('',(0.05,-0.018607965,0.440000004845414));
#4372=CARTESIAN_POINT('',(0.05,-0.0151071673751346,0.440000004845414));
#4373=CARTESIAN_POINT('',(0.05,-0.0151071673751346,0.449000004845414));
#4374=CARTESIAN_POINT('',(0.05,-0.0151071673751346,0.441000004845414));
#4375=CARTESIAN_POINT('',(0.05,-0.0151071673751346,0.449000004845414));
#4376=CARTESIAN_POINT('',(0.05,-0.019607965,0.449000004845414));
#4377=CARTESIAN_POINT('',(0.05,-0.019607965,0.450000004845413));
#4378=CARTESIAN_POINT('',(0.05,-0.019607965,0.441000004845414));
#4379=CARTESIAN_POINT('',(0.05,-0.018607965,0.441000004845414));
#4380=CARTESIAN_POINT('',(0.0475,-0.0073039825,0.440000004845414));
#4381=CARTESIAN_POINT('',(0.0453325256268894,-0.000971504543840824,0.440000004845414));
#4382=CARTESIAN_POINT('',(0.0453325256268894,-0.000971504543840824,0.449000004845414));
#4383=CARTESIAN_POINT('',(0.0453325256268894,-0.000971504543840824,0.441000004845414));
#4384=CARTESIAN_POINT('',(0.0453325256268894,-0.000971504543840821,0.449000004845414));
#4385=CARTESIAN_POINT('',(0.0498383408747535,-0.0141356628312937,0.449000004845414));
#4386=CARTESIAN_POINT('',(0.0498383408747535,-0.0141356628312937,0.440000004845414));
#4387=CARTESIAN_POINT('',(0.0498383408747535,-0.0141356628312937,0.441000004845414));
#4388=CARTESIAN_POINT('',(0.0475,-0.0073039825,0.441000004845414));
#4389=CARTESIAN_POINT('',(0.0475,0.0073039825,0.440000004845414));
#4390=CARTESIAN_POINT('',(0.0498383408747535,0.0141356628312937,0.440000004845414));
#4391=CARTESIAN_POINT('',(0.0498383408747535,0.0141356628312937,0.449000004845414));
#4392=CARTESIAN_POINT('',(0.0498383408747535,0.0141356628312937,0.441000004845414));
#4393=CARTESIAN_POINT('',(0.0498383408747535,0.0141356628312938,0.449000004845414));
#4394=CARTESIAN_POINT('',(0.0453325256268894,0.000971504543840815,0.449000004845414));
#4395=CARTESIAN_POINT('',(0.0453325256268894,0.000971504543840815,0.450000004845413));
#4396=CARTESIAN_POINT('',(0.0453325256268894,0.000971504543840815,0.441000004845414));
#4397=CARTESIAN_POINT('',(0.0475,0.0073039825,0.441000004845414));
#4398=CARTESIAN_POINT('',(0.05,0.018607965,0.440000004845414));
#4399=CARTESIAN_POINT('',(0.05,0.0196079650000001,0.440000004845414));
#4400=CARTESIAN_POINT('',(0.05,0.0196079650000001,0.449000004845414));
#4401=CARTESIAN_POINT('',(0.05,0.0196079650000001,0.441000004845414));
#4402=CARTESIAN_POINT('',(0.05,0.0196079650000001,0.449000004845414));
#4403=CARTESIAN_POINT('',(0.05,0.0151071673751346,0.449000004845414));
#4404=CARTESIAN_POINT('',(0.05,0.0151071673751346,0.440000004845414));
#4405=CARTESIAN_POINT('',(0.05,0.0151071673751346,0.441000004845414));
#4406=CARTESIAN_POINT('',(0.05,0.018607965,0.441000004845414));
#4407=CARTESIAN_POINT('',(0.,0.022607965,0.440000004845414));
#4408=CARTESIAN_POINT('',(0.0235,0.022607965,0.492500004845413));
#4409=CARTESIAN_POINT('',(0.0235,0.022607965,0.493000004845413));
#4410=CARTESIAN_POINT('',(0.047,0.022607965,0.440000004845414));
#4411=CARTESIAN_POINT('',(0.047,0.022607965,0.441000004845414));
#4412=CARTESIAN_POINT('',(0.,0.022607965,0.441000004845414));
#4413=CARTESIAN_POINT('',(-0.047,0.022607965,0.441000004845414));
#4414=CARTESIAN_POINT('',(-0.047,0.022607965,0.440000004845414));
#4415=CARTESIAN_POINT('',(-0.0235,0.022607965,0.440000004845414));
#4416=CARTESIAN_POINT('',(-0.0235,0.022607965,0.493000004845413));
#4417=CARTESIAN_POINT('',(-0.047,0.022607965,0.493000004845413));
#4418=CARTESIAN_POINT('',(-0.047,0.022607965,0.493000004845413));
#4419=CARTESIAN_POINT('',(-0.047,0.022607965,0.502000004845413));
#4420=CARTESIAN_POINT('',(-0.047,0.022607965,0.501000004845413));
#4421=CARTESIAN_POINT('',(0.,0.022607965,0.501000004845413));
#4422=CARTESIAN_POINT('',(0.047,0.022607965,0.501000004845413));
#4423=CARTESIAN_POINT('',(0.047,0.022607965,0.502000004845413));
#4424=CARTESIAN_POINT('',(0.047,0.022607965,0.493000004845413));
#4425=CARTESIAN_POINT('',(-0.047,0.022607965,0.493000004845413));
#4426=CARTESIAN_POINT('',(-0.0155,0.022607965,0.455500004845413));
#4427=CARTESIAN_POINT('',(-0.01375,0.022607965,0.455500004845413));
#4428=CARTESIAN_POINT('',(0.0155,0.022607965,0.455500004845413));
#4429=CARTESIAN_POINT('',(0.01725,0.022607965,0.455500004845413));
#4430=CARTESIAN_POINT('',(0.0155,0.022607965,0.486500004845413));
#4431=CARTESIAN_POINT('',(0.01725,0.022607965,0.486500004845413));
#4432=CARTESIAN_POINT('',(-0.0155,0.022607965,0.486500004845413));
#4433=CARTESIAN_POINT('',(-0.01375,0.022607965,0.486500004845413));
#4434=CARTESIAN_POINT('',(-3.46944695195361E-18,0.022607965,0.471000004845413));
#4435=CARTESIAN_POINT('',(0.012,0.022607965,0.471000004845413));
#4436=CARTESIAN_POINT('',(0.,1.04083408558608E-17,0.440000004845414));
#4437=CARTESIAN_POINT('',(9.84315196967154E-20,-0.000392035,0.440000004845414));
#4438=CARTESIAN_POINT('',(0.0046732078782575,-0.000392034999999995,0.440000004845414));
#4439=CARTESIAN_POINT('',(-0.00467320787825751,-0.000392035,0.440000004845414));
#4440=CARTESIAN_POINT('',(9.84315196967154E-20,-0.000392035,0.440000004845414));
#4441=CARTESIAN_POINT('',(0.0115,-0.000392034999999993,0.440000004845414));
#4442=CARTESIAN_POINT('',(0.0115,0.001607965,0.440000004845414));
#4443=CARTESIAN_POINT('',(0.0115,0.013757965,0.440000004845414));
#4444=CARTESIAN_POINT('',(0.0095,0.013757965,0.440000004845414));
#4445=CARTESIAN_POINT('',(-0.0115,0.013757965,0.440000004845414));
#4446=CARTESIAN_POINT('',(-0.0115,1.04083408558608E-17,0.440000004845414));
#4447=CARTESIAN_POINT('',(-0.0115,-0.000392035,0.440000004845414));
#4448=CARTESIAN_POINT('',(9.84315196967154E-20,-0.000392035,0.440000004845414));
#4449=CARTESIAN_POINT('',(-0.047,0.019607965,0.440000004845414));
#4450=CARTESIAN_POINT('',(-0.047,0.021607965,0.440000004845414));
#4451=CARTESIAN_POINT('',(-0.049,0.019607965,0.440000004845414));
#4452=CARTESIAN_POINT('',(-5.24773818150193E-18,0.021607965,0.440000004845414));
#4453=CARTESIAN_POINT('',(0.047,0.021607965,0.440000004845414));
#4454=CARTESIAN_POINT('',(0.047,0.0196079650000001,0.440000004845414));
#4455=CARTESIAN_POINT('',(0.049,0.0196079650000001,0.440000004845414));
#4456=CARTESIAN_POINT('',(0.049,1.04083408558608E-17,0.440000004845414));
#4457=CARTESIAN_POINT('',(0.049,0.0151071673751346,0.440000004845414));
#4458=CARTESIAN_POINT('',(0.047,0.0151071673751346,0.440000004845414));
#4459=CARTESIAN_POINT('',(0.0488922272498357,0.0144594976792407,0.440000004845414));
#4460=CARTESIAN_POINT('',(0.0393347809815653,-0.013463470436014,0.440000004845414));
#4461=CARTESIAN_POINT('',(0.0443864120019716,0.00129533939178775,0.440000004845414));
#4462=CARTESIAN_POINT('',(0.048170866501643,-4.33680868994202E-18,0.440000004845414));
#4463=CARTESIAN_POINT('',(0.0443864120019716,-0.00129533939178777,0.440000004845414));
#4464=CARTESIAN_POINT('',(0.0393347809815653,0.013463470436014,0.440000004845414));
#4465=CARTESIAN_POINT('',(0.0488922272498357,-0.0144594976792407,0.440000004845414));
#4466=CARTESIAN_POINT('',(0.047,-0.0151071673751346,0.440000004845414));
#4467=CARTESIAN_POINT('',(0.049,-0.0151071673751346,0.440000004845414));
#4468=CARTESIAN_POINT('',(0.049,1.04083408558608E-17,0.440000004845414));
#4469=CARTESIAN_POINT('',(0.049,-0.019607965,0.440000004845414));
#4470=CARTESIAN_POINT('',(0.047,-0.019607965,0.440000004845414));
#4471=CARTESIAN_POINT('',(0.047,-0.021607965,0.440000004845414));
#4472=CARTESIAN_POINT('',(0.047,-0.021607965,0.440000004845414));
#4473=CARTESIAN_POINT('',(0.015,-0.021607965,0.440000004845414));
#4474=CARTESIAN_POINT('',(0.015,0.001609965,0.440000004845414));
#4475=CARTESIAN_POINT('',(-0.015,0.001609965,0.440000004845414));
#4476=CARTESIAN_POINT('',(-0.015,-0.021607965,0.440000004845414));
#4477=CARTESIAN_POINT('',(-0.015,-0.021607965,0.440000004845414));
#4478=CARTESIAN_POINT('',(-0.047,-0.021607965,0.440000004845414));
#4479=CARTESIAN_POINT('',(-0.047,-0.019607965,0.440000004845414));
#4480=CARTESIAN_POINT('',(-0.049,-0.019607965,0.440000004845414));
#4481=CARTESIAN_POINT('',(-0.049,-0.019607965,0.440000004845414));
#4482=CARTESIAN_POINT('',(-0.049,-0.0151071673751346,0.440000004845414));
#4483=CARTESIAN_POINT('',(-0.047,-0.0151071673751346,0.440000004845414));
#4484=CARTESIAN_POINT('',(-0.0488922272498357,-0.0144594976792407,0.440000004845414));
#4485=CARTESIAN_POINT('',(-0.0488922272498357,-0.0144594976792407,0.440000004845414));
#4486=CARTESIAN_POINT('',(-0.0443864120019716,-0.00129533939178776,0.440000004845414));
#4487=CARTESIAN_POINT('',(-0.048170866501643,2.60208521396521E-18,0.440000004845414));
#4488=CARTESIAN_POINT('',(-0.0443864120019716,0.00129533939178777,0.440000004845414));
#4489=CARTESIAN_POINT('',(-0.0443864120019716,0.00129533939178777,0.440000004845414));
#4490=CARTESIAN_POINT('',(-0.0488922272498357,0.0144594976792407,0.440000004845414));
#4491=CARTESIAN_POINT('',(-0.047,0.0151071673751346,0.440000004845414));
#4492=CARTESIAN_POINT('',(-0.049,0.0151071673751346,0.440000004845414));
#4493=CARTESIAN_POINT('',(-0.049,0.0151071673751346,0.440000004845414));
#4494=CARTESIAN_POINT('',(0.047,-0.019607965,0.440000004845414));
#4495=CARTESIAN_POINT('',(0.047,-0.019607965,0.449000004845414));
#4496=CARTESIAN_POINT('',(0.047,-0.019607965,0.441000004845414));
#4497=CARTESIAN_POINT('',(-0.047,-0.019607965,0.440000004845414));
#4498=CARTESIAN_POINT('',(-0.047,-0.019607965,0.449000004845414));
#4499=CARTESIAN_POINT('',(-0.047,-0.019607965,0.441000004845414));
#4500=CARTESIAN_POINT('',(0.047,-0.0151071673751346,0.440000004845414));
#4501=CARTESIAN_POINT('',(0.047,-0.0151071673751346,0.449000004845414));
#4502=CARTESIAN_POINT('',(0.047,-0.0151071673751346,0.441000004845414));
#4503=CARTESIAN_POINT('',(0.048170866501643,-4.33680868994202E-18,0.440000004845414));
#4504=CARTESIAN_POINT('',(0.048170866501643,-4.33680868994202E-18,0.449000004845414));
#4505=CARTESIAN_POINT('',(0.048170866501643,-4.33680868994202E-18,0.441000004845414));
#4506=CARTESIAN_POINT('',(0.047,0.0151071673751346,0.440000004845414));
#4507=CARTESIAN_POINT('',(0.047,0.0151071673751346,0.449000004845414));
#4508=CARTESIAN_POINT('',(0.047,0.0151071673751346,0.441000004845414));
#4509=CARTESIAN_POINT('',(0.047,0.0196079650000001,0.440000004845414));
#4510=CARTESIAN_POINT('',(0.047,0.0196079650000001,0.449000004845414));
#4511=CARTESIAN_POINT('',(0.047,0.0196079650000001,0.441000004845414));
#4512=CARTESIAN_POINT('',(-0.047,-0.0151071673751346,0.440000004845414));
#4513=CARTESIAN_POINT('',(-0.047,-0.0151071673751346,0.449000004845414));
#4514=CARTESIAN_POINT('',(-0.047,-0.0151071673751346,0.441000004845414));
#4515=CARTESIAN_POINT('',(-0.048170866501643,2.60208521396521E-18,0.440000004845414));
#4516=CARTESIAN_POINT('',(-0.048170866501643,2.60208521396521E-18,0.449000004845414));
#4517=CARTESIAN_POINT('',(-0.048170866501643,2.60208521396521E-18,0.441000004845414));
#4518=CARTESIAN_POINT('',(-0.047,0.0151071673751346,0.440000004845414));
#4519=CARTESIAN_POINT('',(-0.047,0.0151071673751346,0.449000004845414));
#4520=CARTESIAN_POINT('',(-0.047,0.0151071673751346,0.441000004845414));
#4521=CARTESIAN_POINT('',(-0.047,0.019607965,0.440000004845414));
#4522=CARTESIAN_POINT('',(-0.047,0.019607965,0.449000004845414));
#4523=CARTESIAN_POINT('',(-0.047,0.019607965,0.441000004845414));
#4524=CARTESIAN_POINT('',(-3.46944695195361E-18,0.011757965,0.439998004845414));
#4525=CARTESIAN_POINT('',(-0.0095,0.011757965,0.439998004845414));
#4526=CARTESIAN_POINT('',(-0.0095,0.011757965,0.442000004845414));
#4527=CARTESIAN_POINT('',(-0.0095,0.011757965,0.448000004845414));
#4528=CARTESIAN_POINT('',(-0.0095,0.011757965,0.442000004845414));
#4529=CARTESIAN_POINT('',(0.0095,0.011757965,0.442000004845414));
#4530=CARTESIAN_POINT('',(0.0095,0.011757965,0.439998004845414));
#4531=CARTESIAN_POINT('',(0.0095,0.011757965,0.448000004845414));
#4532=CARTESIAN_POINT('',(-3.46944695195361E-18,0.011757965,0.448000004845414));
#4533=CARTESIAN_POINT('',(0.0095,0.006682965,0.439998004845414));
#4534=CARTESIAN_POINT('',(0.0095,0.011757965,0.442000004845414));
#4535=CARTESIAN_POINT('',(0.0095,0.006682965,0.448000004845414));
#4536=CARTESIAN_POINT('',(-0.0095,0.006682965,0.439998004845414));
#4537=CARTESIAN_POINT('',(-0.0095,0.006682965,0.442000004845414));
#4538=CARTESIAN_POINT('',(-0.0095,0.011757965,0.448000004845414));
#4539=CARTESIAN_POINT('',(4.28386790326687E-18,-0.021607965,0.441000004845414));
#4540=CARTESIAN_POINT('',(0.015,-0.021607965,0.441000004845414));
#4541=CARTESIAN_POINT('',(0.047,-0.021607965,0.441000004845414));
#4542=CARTESIAN_POINT('',(0.047,-0.019607965,0.441000004845414));
#4543=CARTESIAN_POINT('',(0.049,-0.019607965,0.441000004845414));
#4544=CARTESIAN_POINT('',(0.049,-0.018607965,0.441000004845414));
#4545=CARTESIAN_POINT('',(0.049,-0.0151071673751346,0.441000004845414));
#4546=CARTESIAN_POINT('',(0.047,-0.0151071673751346,0.441000004845414));
#4547=CARTESIAN_POINT('',(0.0488922272498357,-0.0144594976792407,0.441000004845414));
#4548=CARTESIAN_POINT('',(0.0465538863750822,-0.00762781734794694,0.441000004845414));
#4549=CARTESIAN_POINT('',(0.0443864120019716,-0.00129533939178776,0.441000004845414));
#4550=CARTESIAN_POINT('',(0.048170866501643,-4.33680868994202E-18,0.441000004845414));
#4551=CARTESIAN_POINT('',(0.0443864120019716,0.00129533939178775,0.441000004845414));
#4552=CARTESIAN_POINT('',(0.0465538863750822,0.00762781734794694,0.441000004845414));
#4553=CARTESIAN_POINT('',(0.0488922272498357,0.0144594976792407,0.441000004845414));
#4554=CARTESIAN_POINT('',(0.047,0.0151071673751346,0.441000004845414));
#4555=CARTESIAN_POINT('',(0.049,0.0151071673751346,0.441000004845414));
#4556=CARTESIAN_POINT('',(0.049,0.018607965,0.441000004845414));
#4557=CARTESIAN_POINT('',(0.049,0.0196079650000001,0.441000004845414));
#4558=CARTESIAN_POINT('',(0.047,0.0196079650000001,0.441000004845414));
#4559=CARTESIAN_POINT('',(0.047,0.021607965,0.441000004845414));
#4560=CARTESIAN_POINT('',(2.42861286636753E-19,0.021607965,0.441000004845414));
#4561=CARTESIAN_POINT('',(-0.047,0.021607965,0.441000004845414));
#4562=CARTESIAN_POINT('',(-0.047,0.019607965,0.441000004845414));
#4563=CARTESIAN_POINT('',(-0.049,0.019607965,0.441000004845414));
#4564=CARTESIAN_POINT('',(-0.049,1.04083408558608E-17,0.441000004845414));
#4565=CARTESIAN_POINT('',(-0.049,0.0151071673751346,0.441000004845414));
#4566=CARTESIAN_POINT('',(-0.047,0.0151071673751346,0.441000004845414));
#4567=CARTESIAN_POINT('',(-0.0488922272498357,0.0144594976792407,0.441000004845414));
#4568=CARTESIAN_POINT('',(-0.0393347809815653,-0.013463470436014,0.441000004845414));
#4569=CARTESIAN_POINT('',(-0.0443864120019716,0.00129533939178777,0.441000004845414));
#4570=CARTESIAN_POINT('',(-0.048170866501643,2.60208521396521E-18,0.441000004845414));
#4571=CARTESIAN_POINT('',(-0.0443864120019716,-0.00129533939178776,0.441000004845414));
#4572=CARTESIAN_POINT('',(-0.0393347809815653,0.013463470436014,0.441000004845414));
#4573=CARTESIAN_POINT('',(-0.0488922272498357,-0.0144594976792407,0.441000004845414));
#4574=CARTESIAN_POINT('',(-0.047,-0.0151071673751346,0.441000004845414));
#4575=CARTESIAN_POINT('',(-0.049,-0.0151071673751346,0.441000004845414));
#4576=CARTESIAN_POINT('',(-0.049,1.04083408558608E-17,0.441000004845414));
#4577=CARTESIAN_POINT('',(-0.049,-0.019607965,0.441000004845414));
#4578=CARTESIAN_POINT('',(-0.047,-0.019607965,0.441000004845414));
#4579=CARTESIAN_POINT('',(-0.047,-0.021607965,0.441000004845414));
#4580=CARTESIAN_POINT('',(6.42580185490031E-18,-0.021607965,0.441000004845414));
#4581=CARTESIAN_POINT('',(-0.015,-0.021607965,0.441000004845414));
#4582=CARTESIAN_POINT('',(0.0325,-0.021607965,0.449000004845414));
#4583=CARTESIAN_POINT('',(-0.0225,-0.021607965,0.449000004845414));
#4584=CARTESIAN_POINT('',(0.0225,-0.021607965,0.449000004845414));
#4585=CARTESIAN_POINT('',(0.047,-0.019607965,0.449000004845414));
#4586=CARTESIAN_POINT('',(0.049,-0.019607965,0.449000004845414));
#4587=CARTESIAN_POINT('',(0.049,1.04083408558608E-17,0.449000004845414));
#4588=CARTESIAN_POINT('',(0.049,-0.0151071673751346,0.449000004845414));
#4589=CARTESIAN_POINT('',(0.047,-0.0151071673751346,0.449000004845414));
#4590=CARTESIAN_POINT('',(0.0488922272498357,-0.0144594976792407,0.449000004845414));
#4591=CARTESIAN_POINT('',(0.0393347809815653,0.013463470436014,0.449000004845414));
#4592=CARTESIAN_POINT('',(0.0443864120019716,-0.00129533939178776,0.449000004845414));
#4593=CARTESIAN_POINT('',(0.048170866501643,-4.33680868994202E-18,0.449000004845414));
#4594=CARTESIAN_POINT('',(0.0443864120019716,0.00129533939178775,0.449000004845414));
#4595=CARTESIAN_POINT('',(0.0393347809815653,-0.013463470436014,0.449000004845414));
#4596=CARTESIAN_POINT('',(0.0488922272498357,0.0144594976792407,0.449000004845414));
#4597=CARTESIAN_POINT('',(0.047,0.0151071673751346,0.449000004845414));
#4598=CARTESIAN_POINT('',(0.049,0.0151071673751346,0.449000004845414));
#4599=CARTESIAN_POINT('',(0.049,1.04083408558608E-17,0.449000004845414));
#4600=CARTESIAN_POINT('',(0.049,0.0196079650000001,0.449000004845414));
#4601=CARTESIAN_POINT('',(0.047,0.0196079650000001,0.449000004845414));
#4602=CARTESIAN_POINT('',(-0.047,0.019607965,0.449000004845414));
#4603=CARTESIAN_POINT('',(-0.049,0.019607965,0.449000004845414));
#4604=CARTESIAN_POINT('',(-0.049,0.018607965,0.449000004845414));
#4605=CARTESIAN_POINT('',(-0.049,0.0151071673751346,0.449000004845414));
#4606=CARTESIAN_POINT('',(-0.047,0.0151071673751346,0.449000004845414));
#4607=CARTESIAN_POINT('',(-0.0488922272498357,0.0144594976792407,0.449000004845414));
#4608=CARTESIAN_POINT('',(-0.0465538863750822,0.00762781734794694,0.449000004845414));
#4609=CARTESIAN_POINT('',(-0.0443864120019716,0.00129533939178777,0.449000004845414));
#4610=CARTESIAN_POINT('',(-0.048170866501643,2.60208521396521E-18,0.449000004845414));
#4611=CARTESIAN_POINT('',(-0.0443864120019716,-0.00129533939178776,0.449000004845414));
#4612=CARTESIAN_POINT('',(-0.0465538863750822,-0.00762781734794694,0.449000004845414));
#4613=CARTESIAN_POINT('',(-0.0488922272498357,-0.0144594976792407,0.449000004845414));
#4614=CARTESIAN_POINT('',(-0.047,-0.0151071673751346,0.449000004845414));
#4615=CARTESIAN_POINT('',(-0.049,-0.0151071673751346,0.449000004845414));
#4616=CARTESIAN_POINT('',(-0.049,-0.018607965,0.449000004845414));
#4617=CARTESIAN_POINT('',(-0.049,-0.019607965,0.449000004845414));
#4618=CARTESIAN_POINT('',(-0.047,-0.019607965,0.449000004845414));
#4619=CARTESIAN_POINT('',(-0.0115,1.04083408558608E-17,0.448000004845414));
#4620=CARTESIAN_POINT('',(-0.0115,-0.000392035,0.448000004845414));
#4621=CARTESIAN_POINT('',(-0.0115,0.013757965,0.448000004845414));
#4622=CARTESIAN_POINT('',(-3.83465189426452E-18,0.013757965,0.448000004845414));
#4623=CARTESIAN_POINT('',(0.0115,0.013757965,0.448000004845414));
#4624=CARTESIAN_POINT('',(0.0115,0.006682965,0.448000004845414));
#4625=CARTESIAN_POINT('',(0.0115,-0.000392034999999993,0.448000004845414));
#4626=CARTESIAN_POINT('',(-2.51223840707023E-18,0.013757965,0.442000004845414));
#4627=CARTESIAN_POINT('',(0.0115,0.013757965,0.442000004845414));
#4628=CARTESIAN_POINT('',(-0.0115,0.013757965,0.442000004845414));
#4629=CARTESIAN_POINT('',(-0.0115,0.006682965,0.442000004845414));
#4630=CARTESIAN_POINT('',(-0.0115,-0.000392035,0.442000004845414));
#4631=CARTESIAN_POINT('',(0.0115,1.04083408558608E-17,0.442000004845414));
#4632=CARTESIAN_POINT('',(0.0115,-0.000392034999999993,0.442000004845414));
#4633=CARTESIAN_POINT('',(-2.96729015627611E-18,-0.000392035,0.442000004845414));
#4634=CARTESIAN_POINT('',(-0.0155,0.019607965,0.486500004845413));
#4635=CARTESIAN_POINT('',(0.0155,0.019607965,0.486500004845413));
#4636=CARTESIAN_POINT('',(0.0155,0.019607965,0.455500004845413));
#4637=CARTESIAN_POINT('',(-0.0155,0.019607965,0.455500004845413));
#4638=CARTESIAN_POINT('',(-2.74086309204335E-18,0.019607965,0.471000004845413));
#4639=CARTESIAN_POINT('',(-0.0235,-0.021607965,0.492502004845413));
#4640=CARTESIAN_POINT('',(-0.0235,-0.021607965,0.493000004845413));
#4641=CARTESIAN_POINT('',(-0.0225,-0.021607965,0.440000004845414));
#4642=CARTESIAN_POINT('',(-0.0225,-0.021607965,0.493000004845413));
#4643=CARTESIAN_POINT('',(0.0225,-0.021607965,0.492502004845413));
#4644=CARTESIAN_POINT('',(0.0225,-0.021607965,0.493000004845413));
#4645=CARTESIAN_POINT('',(0.0235,-0.021607965,0.440000004845414));
#4646=CARTESIAN_POINT('',(0.0235,-0.021607965,0.493000004845413));
#4647=CARTESIAN_POINT('',(0.0235,0.021607965,0.492502004845413));
#4648=CARTESIAN_POINT('',(0.0235,0.021607965,0.493000004845413));
#4649=CARTESIAN_POINT('',(-0.0235,0.021607965,0.440000004845414));
#4650=CARTESIAN_POINT('',(-0.0235,0.021607965,0.493000004845413));
#4651=CARTESIAN_POINT('',(0.,1.04083408558608E-17,0.492000004845413));
#4652=CARTESIAN_POINT('',(0.047,0.021607965,0.492000004845413));
#4653=CARTESIAN_POINT('',(-0.047,0.021607965,0.492000004845413));
#4654=CARTESIAN_POINT('',(6.42580185490031E-18,-0.021607965,0.492000004845413));
#4655=CARTESIAN_POINT('',(-0.047,-0.021607965,0.492000004845413));
#4656=CARTESIAN_POINT('',(-0.047,-0.019607965,0.492000004845413));
#4657=CARTESIAN_POINT('',(-0.049,-0.019607965,0.492000004845413));
#4658=CARTESIAN_POINT('',(-0.049,1.04083408558608E-17,0.492000004845413));
#4659=CARTESIAN_POINT('',(-0.049,-0.0151071673751346,0.492000004845413));
#4660=CARTESIAN_POINT('',(-0.047,-0.0151071673751346,0.492000004845413));
#4661=CARTESIAN_POINT('',(-0.0488922272498357,-0.0144594976792407,0.492000004845413));
#4662=CARTESIAN_POINT('',(-0.0393347809815653,0.013463470436014,0.492000004845413));
#4663=CARTESIAN_POINT('',(-0.0443864120019716,-0.00129533939178776,0.492000004845413));
#4664=CARTESIAN_POINT('',(-0.048170866501643,2.60208521396521E-18,0.492000004845413));
#4665=CARTESIAN_POINT('',(-0.0443864120019716,0.00129533939178777,0.492000004845413));
#4666=CARTESIAN_POINT('',(-0.0393347809815653,-0.013463470436014,0.492000004845413));
#4667=CARTESIAN_POINT('',(-0.0488922272498357,0.0144594976792407,0.492000004845413));
#4668=CARTESIAN_POINT('',(-0.047,0.0151071673751346,0.492000004845413));
#4669=CARTESIAN_POINT('',(-0.049,0.0151071673751346,0.492000004845413));
#4670=CARTESIAN_POINT('',(-0.049,1.04083408558608E-17,0.492000004845413));
#4671=CARTESIAN_POINT('',(-0.049,0.019607965,0.492000004845413));
#4672=CARTESIAN_POINT('',(-0.047,0.019607965,0.492000004845413));
#4673=CARTESIAN_POINT('',(0.,1.04083408558608E-17,0.492000004845413));
#4674=CARTESIAN_POINT('',(0.047,0.021607965,0.492000004845413));
#4675=CARTESIAN_POINT('',(0.047,0.021607965,0.492000004845413));
#4676=CARTESIAN_POINT('',(0.047,0.0196079650000001,0.492000004845413));
#4677=CARTESIAN_POINT('',(0.049,0.0196079650000001,0.492000004845413));
#4678=CARTESIAN_POINT('',(0.049,0.0151071673751346,0.492000004845413));
#4679=CARTESIAN_POINT('',(0.049,0.0151071673751346,0.492000004845413));
#4680=CARTESIAN_POINT('',(0.047,0.0151071673751346,0.492000004845413));
#4681=CARTESIAN_POINT('',(0.0488922272498357,0.0144594976792407,0.492000004845413));
#4682=CARTESIAN_POINT('',(0.0443864120019716,0.00129533939178775,0.492000004845413));
#4683=CARTESIAN_POINT('',(0.0443864120019716,0.00129533939178775,0.492000004845413));
#4684=CARTESIAN_POINT('',(0.048170866501643,-4.33680868994202E-18,0.492000004845413));
#4685=CARTESIAN_POINT('',(0.0443864120019716,-0.00129533939178777,0.492000004845413));
#4686=CARTESIAN_POINT('',(0.0488922272498357,-0.0144594976792407,0.492000004845413));
#4687=CARTESIAN_POINT('',(0.0488922272498357,-0.0144594976792407,0.492000004845413));
#4688=CARTESIAN_POINT('',(0.047,-0.0151071673751346,0.492000004845413));
#4689=CARTESIAN_POINT('',(0.049,-0.0151071673751346,0.492000004845413));
#4690=CARTESIAN_POINT('',(0.049,-0.019607965,0.492000004845413));
#4691=CARTESIAN_POINT('',(0.049,-0.019607965,0.492000004845413));
#4692=CARTESIAN_POINT('',(0.047,-0.019607965,0.492000004845413));
#4693=CARTESIAN_POINT('',(0.047,-0.021607965,0.492000004845413));
#4694=CARTESIAN_POINT('',(4.28386790326687E-18,-0.021607965,0.492000004845413));
#4695=CARTESIAN_POINT('',(0.0325,-0.021607965,0.493000004845413));
#4696=CARTESIAN_POINT('',(0.047,-0.021607965,0.493000004845413));
#4697=CARTESIAN_POINT('',(-5.24773818150193E-18,0.021607965,0.493000004845413));
#4698=CARTESIAN_POINT('',(0.047,0.021607965,0.493000004845413));
#4699=CARTESIAN_POINT('',(-0.0325,-0.021607965,0.493000004845413));
#4700=CARTESIAN_POINT('',(-0.047,-0.021607965,0.493000004845413));
#4701=CARTESIAN_POINT('',(0.,1.04083408558608E-17,0.492000004845413));
#4702=CARTESIAN_POINT('',(6.42580185490031E-18,-0.021607965,0.492000004845413));
#4703=CARTESIAN_POINT('',(-0.015,-0.021607965,0.492000004845413));
#4704=CARTESIAN_POINT('',(4.28386790326687E-18,-0.021607965,0.492000004845413));
#4705=CARTESIAN_POINT('',(0.015,-0.021607965,0.492000004845413));
#4706=CARTESIAN_POINT('',(4.28386790326687E-18,-0.021607965,0.492000004845413));
#4707=CARTESIAN_POINT('',(-5.24773818150193E-18,0.021607965,0.493000004845413));
#4708=CARTESIAN_POINT('',(-0.047,0.021607965,0.493000004845413));
#4709=CARTESIAN_POINT('',(-0.05,0.018607965,0.502000004845413));
#4710=CARTESIAN_POINT('',(-0.05,0.0151071673751346,0.502000004845413));
#4711=CARTESIAN_POINT('',(-0.05,0.0151071673751346,0.493000004845413));
#4712=CARTESIAN_POINT('',(-0.05,0.0151071673751346,0.501000004845413));
#4713=CARTESIAN_POINT('',(-0.05,0.019607965,0.501000004845413));
#4714=CARTESIAN_POINT('',(-0.05,0.019607965,0.501000004845413));
#4715=CARTESIAN_POINT('',(-0.05,0.019607965,0.492000004845413));
#4716=CARTESIAN_POINT('',(-0.05,0.019607965,0.493000004845413));
#4717=CARTESIAN_POINT('',(-0.05,0.018607965,0.493000004845413));
#4718=CARTESIAN_POINT('',(-0.0475,0.0073039825,0.502000004845413));
#4719=CARTESIAN_POINT('',(-0.0453325256268894,0.000971504543840824,0.502000004845413));
#4720=CARTESIAN_POINT('',(-0.0453325256268894,0.000971504543840824,0.493000004845413));
#4721=CARTESIAN_POINT('',(-0.0453325256268894,0.000971504543840824,0.501000004845413));
#4722=CARTESIAN_POINT('',(-0.0498383408747535,0.0141356628312938,0.501000004845413));
#4723=CARTESIAN_POINT('',(-0.0498383408747535,0.0141356628312938,0.501000004845413));
#4724=CARTESIAN_POINT('',(-0.0498383408747535,0.0141356628312938,0.502000004845413));
#4725=CARTESIAN_POINT('',(-0.0498383408747535,0.0141356628312938,0.493000004845413));
#4726=CARTESIAN_POINT('',(-0.0475,0.0073039825,0.493000004845413));
#4727=CARTESIAN_POINT('',(-0.0475,-0.0073039825,0.502000004845413));
#4728=CARTESIAN_POINT('',(-0.0498383408747535,-0.0141356628312938,0.502000004845413));
#4729=CARTESIAN_POINT('',(-0.0498383408747535,-0.0141356628312938,0.493000004845413));
#4730=CARTESIAN_POINT('',(-0.0498383408747535,-0.0141356628312938,0.501000004845413));
#4731=CARTESIAN_POINT('',(-0.0453325256268894,-0.00097150454384082,0.501000004845413));
#4732=CARTESIAN_POINT('',(-0.0453325256268894,-0.000971504543840819,0.501000004845413));
#4733=CARTESIAN_POINT('',(-0.0453325256268894,-0.000971504543840819,0.492000004845413));
#4734=CARTESIAN_POINT('',(-0.0453325256268894,-0.000971504543840819,0.493000004845413));
#4735=CARTESIAN_POINT('',(-0.0475,-0.0073039825,0.493000004845413));
#4736=CARTESIAN_POINT('',(-0.05,-0.018607965,0.502000004845413));
#4737=CARTESIAN_POINT('',(-0.05,-0.019607965,0.502000004845413));
#4738=CARTESIAN_POINT('',(-0.05,-0.019607965,0.493000004845413));
#4739=CARTESIAN_POINT('',(-0.05,-0.019607965,0.501000004845413));
#4740=CARTESIAN_POINT('',(-0.05,-0.0151071673751346,0.501000004845413));
#4741=CARTESIAN_POINT('',(-0.05,-0.0151071673751346,0.501000004845413));
#4742=CARTESIAN_POINT('',(-0.05,-0.0151071673751346,0.502000004845413));
#4743=CARTESIAN_POINT('',(-0.05,-0.0151071673751346,0.493000004845413));
#4744=CARTESIAN_POINT('',(-0.05,-0.018607965,0.493000004845413));
#4745=CARTESIAN_POINT('',(0.05,-0.018607965,0.502000004845413));
#4746=CARTESIAN_POINT('',(0.05,-0.0151071673751346,0.502000004845413));
#4747=CARTESIAN_POINT('',(0.05,-0.0151071673751346,0.493000004845413));
#4748=CARTESIAN_POINT('',(0.05,-0.0151071673751346,0.501000004845413));
#4749=CARTESIAN_POINT('',(0.05,-0.018607965,0.501000004845413));
#4750=CARTESIAN_POINT('',(0.05,-0.019607965,0.501000004845413));
#4751=CARTESIAN_POINT('',(0.05,-0.019607965,0.492000004845413));
#4752=CARTESIAN_POINT('',(0.05,-0.019607965,0.493000004845413));
#4753=CARTESIAN_POINT('',(0.05,-0.0151071673751346,0.493000004845413));
#4754=CARTESIAN_POINT('',(0.0475,-0.0073039825,0.502000004845413));
#4755=CARTESIAN_POINT('',(0.0453325256268894,-0.000971504543840824,0.502000004845413));
#4756=CARTESIAN_POINT('',(0.0453325256268894,-0.000971504543840824,0.493000004845413));
#4757=CARTESIAN_POINT('',(0.0453325256268894,-0.000971504543840824,0.501000004845413));
#4758=CARTESIAN_POINT('',(0.0475,-0.0073039825,0.501000004845413));
#4759=CARTESIAN_POINT('',(0.0498383408747535,-0.0141356628312937,0.501000004845413));
#4760=CARTESIAN_POINT('',(0.0498383408747535,-0.0141356628312937,0.502000004845413));
#4761=CARTESIAN_POINT('',(0.0498383408747535,-0.0141356628312937,0.493000004845413));
#4762=CARTESIAN_POINT('',(0.0453325256268894,-0.000971504543840821,0.493000004845413));
#4763=CARTESIAN_POINT('',(0.0475,0.0073039825,0.502000004845413));
#4764=CARTESIAN_POINT('',(0.0498383408747535,0.0141356628312937,0.502000004845413));
#4765=CARTESIAN_POINT('',(0.0498383408747535,0.0141356628312937,0.493000004845413));
#4766=CARTESIAN_POINT('',(0.0498383408747535,0.0141356628312937,0.501000004845413));
#4767=CARTESIAN_POINT('',(0.0475,0.0073039825,0.501000004845413));
#4768=CARTESIAN_POINT('',(0.0453325256268894,0.000971504543840815,0.501000004845413));
#4769=CARTESIAN_POINT('',(0.0453325256268894,0.000971504543840815,0.492000004845413));
#4770=CARTESIAN_POINT('',(0.0453325256268894,0.000971504543840815,0.493000004845413));
#4771=CARTESIAN_POINT('',(0.0498383408747535,0.0141356628312938,0.493000004845413));
#4772=CARTESIAN_POINT('',(0.05,0.018607965,0.502000004845413));
#4773=CARTESIAN_POINT('',(0.05,0.0196079650000001,0.502000004845413));
#4774=CARTESIAN_POINT('',(0.05,0.0196079650000001,0.493000004845413));
#4775=CARTESIAN_POINT('',(0.05,0.0196079650000001,0.501000004845413));
#4776=CARTESIAN_POINT('',(0.05,0.018607965,0.501000004845413));
#4777=CARTESIAN_POINT('',(0.05,0.0151071673751346,0.501000004845413));
#4778=CARTESIAN_POINT('',(0.05,0.0151071673751346,0.502000004845413));
#4779=CARTESIAN_POINT('',(0.05,0.0151071673751346,0.493000004845413));
#4780=CARTESIAN_POINT('',(0.05,0.0196079650000001,0.493000004845413));
#4781=CARTESIAN_POINT('',(0.,1.04083408558608E-17,0.502000004845413));
#4782=CARTESIAN_POINT('',(0.047,-0.021607965,0.502000004845413));
#4783=CARTESIAN_POINT('',(0.015,-0.021607965,0.502000004845413));
#4784=CARTESIAN_POINT('',(0.047,-0.021607965,0.502000004845413));
#4785=CARTESIAN_POINT('',(0.047,-0.019607965,0.502000004845413));
#4786=CARTESIAN_POINT('',(0.049,-0.019607965,0.502000004845413));
#4787=CARTESIAN_POINT('',(0.049,1.04083408558608E-17,0.502000004845413));
#4788=CARTESIAN_POINT('',(0.049,-0.0151071673751346,0.502000004845413));
#4789=CARTESIAN_POINT('',(0.047,-0.0151071673751346,0.502000004845413));
#4790=CARTESIAN_POINT('',(0.0488922272498357,-0.0144594976792407,0.502000004845413));
#4791=CARTESIAN_POINT('',(0.0393347809815653,0.013463470436014,0.502000004845413));
#4792=CARTESIAN_POINT('',(0.0443864120019716,-0.00129533939178777,0.502000004845413));
#4793=CARTESIAN_POINT('',(0.048170866501643,-4.33680868994202E-18,0.502000004845413));
#4794=CARTESIAN_POINT('',(0.0443864120019716,0.00129533939178775,0.502000004845413));
#4795=CARTESIAN_POINT('',(0.0393347809815653,-0.013463470436014,0.502000004845413));
#4796=CARTESIAN_POINT('',(0.0488922272498357,0.0144594976792407,0.502000004845413));
#4797=CARTESIAN_POINT('',(0.047,0.0151071673751346,0.502000004845413));
#4798=CARTESIAN_POINT('',(0.049,0.0151071673751346,0.502000004845413));
#4799=CARTESIAN_POINT('',(0.049,1.04083408558608E-17,0.502000004845413));
#4800=CARTESIAN_POINT('',(0.049,0.0196079650000001,0.502000004845413));
#4801=CARTESIAN_POINT('',(0.047,0.0196079650000001,0.502000004845413));
#4802=CARTESIAN_POINT('',(0.047,0.021607965,0.502000004845413));
#4803=CARTESIAN_POINT('',(-5.24773818150193E-18,0.021607965,0.502000004845413));
#4804=CARTESIAN_POINT('',(-0.047,0.021607965,0.502000004845413));
#4805=CARTESIAN_POINT('',(-0.047,0.019607965,0.502000004845413));
#4806=CARTESIAN_POINT('',(-0.049,0.019607965,0.502000004845413));
#4807=CARTESIAN_POINT('',(-0.049,0.0151071673751346,0.502000004845413));
#4808=CARTESIAN_POINT('',(-0.049,0.0151071673751346,0.502000004845413));
#4809=CARTESIAN_POINT('',(-0.047,0.0151071673751346,0.502000004845413));
#4810=CARTESIAN_POINT('',(-0.0488922272498357,0.0144594976792407,0.502000004845413));
#4811=CARTESIAN_POINT('',(-0.0443864120019716,0.00129533939178777,0.502000004845413));
#4812=CARTESIAN_POINT('',(-0.0443864120019716,0.00129533939178777,0.502000004845413));
#4813=CARTESIAN_POINT('',(-0.048170866501643,2.60208521396521E-18,0.502000004845413));
#4814=CARTESIAN_POINT('',(-0.0443864120019716,-0.00129533939178776,0.502000004845413));
#4815=CARTESIAN_POINT('',(-0.0488922272498357,-0.0144594976792407,0.502000004845413));
#4816=CARTESIAN_POINT('',(-0.0488922272498357,-0.0144594976792407,0.502000004845413));
#4817=CARTESIAN_POINT('',(-0.047,-0.0151071673751346,0.502000004845413));
#4818=CARTESIAN_POINT('',(-0.049,-0.0151071673751346,0.502000004845413));
#4819=CARTESIAN_POINT('',(-0.049,-0.019607965,0.502000004845413));
#4820=CARTESIAN_POINT('',(-0.049,-0.019607965,0.502000004845413));
#4821=CARTESIAN_POINT('',(-0.047,-0.019607965,0.502000004845413));
#4822=CARTESIAN_POINT('',(-0.047,-0.021607965,0.502000004845413));
#4823=CARTESIAN_POINT('',(-0.015,-0.021607965,0.502000004845413));
#4824=CARTESIAN_POINT('',(-0.015,-0.021607965,0.502000004845413));
#4825=CARTESIAN_POINT('',(-0.015,-0.021607965,0.502000004845413));
#4826=CARTESIAN_POINT('',(0.047,-0.019607965,0.502000004845413));
#4827=CARTESIAN_POINT('',(0.047,-0.019607965,0.501000004845413));
#4828=CARTESIAN_POINT('',(0.047,-0.019607965,0.493000004845413));
#4829=CARTESIAN_POINT('',(-0.047,-0.019607965,0.502000004845413));
#4830=CARTESIAN_POINT('',(-0.047,-0.019607965,0.501000004845413));
#4831=CARTESIAN_POINT('',(-0.047,-0.019607965,0.493000004845413));
#4832=CARTESIAN_POINT('',(0.047,-0.0151071673751346,0.502000004845413));
#4833=CARTESIAN_POINT('',(0.047,-0.0151071673751346,0.501000004845413));
#4834=CARTESIAN_POINT('',(0.047,-0.0151071673751346,0.493000004845413));
#4835=CARTESIAN_POINT('',(0.048170866501643,-4.33680868994202E-18,0.502000004845413));
#4836=CARTESIAN_POINT('',(0.048170866501643,-4.33680868994202E-18,0.501000004845413));
#4837=CARTESIAN_POINT('',(0.048170866501643,-4.33680868994202E-18,0.493000004845413));
#4838=CARTESIAN_POINT('',(0.047,0.0151071673751346,0.502000004845413));
#4839=CARTESIAN_POINT('',(0.047,0.0151071673751346,0.501000004845413));
#4840=CARTESIAN_POINT('',(0.047,0.0151071673751346,0.493000004845413));
#4841=CARTESIAN_POINT('',(0.047,0.0196079650000001,0.502000004845413));
#4842=CARTESIAN_POINT('',(0.047,0.0196079650000001,0.501000004845413));
#4843=CARTESIAN_POINT('',(0.047,0.0196079650000001,0.493000004845413));
#4844=CARTESIAN_POINT('',(-0.047,-0.0151071673751346,0.502000004845413));
#4845=CARTESIAN_POINT('',(-0.047,-0.0151071673751346,0.501000004845413));
#4846=CARTESIAN_POINT('',(-0.047,-0.0151071673751346,0.493000004845413));
#4847=CARTESIAN_POINT('',(-0.048170866501643,2.60208521396521E-18,0.502000004845413));
#4848=CARTESIAN_POINT('',(-0.048170866501643,2.60208521396521E-18,0.501000004845413));
#4849=CARTESIAN_POINT('',(-0.048170866501643,2.60208521396521E-18,0.493000004845413));
#4850=CARTESIAN_POINT('',(-0.047,0.0151071673751346,0.502000004845413));
#4851=CARTESIAN_POINT('',(-0.047,0.0151071673751346,0.501000004845413));
#4852=CARTESIAN_POINT('',(-0.047,0.0151071673751346,0.493000004845413));
#4853=CARTESIAN_POINT('',(-0.047,0.019607965,0.502000004845413));
#4854=CARTESIAN_POINT('',(-0.047,0.019607965,0.501000004845413));
#4855=CARTESIAN_POINT('',(-0.047,0.019607965,0.493000004845413));
#4856=CARTESIAN_POINT('',(4.28386790326687E-18,-0.021607965,0.501000004845413));
#4857=CARTESIAN_POINT('',(0.047,-0.021607965,0.501000004845413));
#4858=CARTESIAN_POINT('',(-0.047,-0.021607965,0.501000004845413));
#4859=CARTESIAN_POINT('',(0.047,-0.019607965,0.501000004845413));
#4860=CARTESIAN_POINT('',(0.049,-0.019607965,0.501000004845413));
#4861=CARTESIAN_POINT('',(0.049,-0.018607965,0.501000004845413));
#4862=CARTESIAN_POINT('',(0.049,-0.0151071673751346,0.501000004845413));
#4863=CARTESIAN_POINT('',(0.047,-0.0151071673751346,0.501000004845413));
#4864=CARTESIAN_POINT('',(0.0488922272498357,-0.0144594976792407,0.501000004845413));
#4865=CARTESIAN_POINT('',(0.0465538863750822,-0.00762781734794694,0.501000004845413));
#4866=CARTESIAN_POINT('',(0.0443864120019716,-0.00129533939178776,0.501000004845413));
#4867=CARTESIAN_POINT('',(0.048170866501643,-4.33680868994202E-18,0.501000004845413));
#4868=CARTESIAN_POINT('',(0.0443864120019716,0.00129533939178775,0.501000004845413));
#4869=CARTESIAN_POINT('',(0.0465538863750822,0.00762781734794694,0.501000004845413));
#4870=CARTESIAN_POINT('',(0.0488922272498357,0.0144594976792407,0.501000004845413));
#4871=CARTESIAN_POINT('',(0.047,0.0151071673751346,0.501000004845413));
#4872=CARTESIAN_POINT('',(0.049,0.0151071673751346,0.501000004845413));
#4873=CARTESIAN_POINT('',(0.049,0.018607965,0.501000004845413));
#4874=CARTESIAN_POINT('',(0.049,0.0196079650000001,0.501000004845413));
#4875=CARTESIAN_POINT('',(0.047,0.0196079650000001,0.501000004845413));
#4876=CARTESIAN_POINT('',(0.047,0.021607965,0.501000004845413));
#4877=CARTESIAN_POINT('',(2.42861286636753E-19,0.021607965,0.501000004845413));
#4878=CARTESIAN_POINT('',(-0.047,0.021607965,0.501000004845413));
#4879=CARTESIAN_POINT('',(-0.047,0.019607965,0.501000004845413));
#4880=CARTESIAN_POINT('',(-0.049,0.019607965,0.501000004845413));
#4881=CARTESIAN_POINT('',(-0.049,1.04083408558608E-17,0.501000004845413));
#4882=CARTESIAN_POINT('',(-0.049,0.0151071673751346,0.501000004845413));
#4883=CARTESIAN_POINT('',(-0.047,0.0151071673751346,0.501000004845413));
#4884=CARTESIAN_POINT('',(-0.0488922272498357,0.0144594976792407,0.501000004845413));
#4885=CARTESIAN_POINT('',(-0.0393347809815653,-0.013463470436014,0.501000004845413));
#4886=CARTESIAN_POINT('',(-0.0443864120019716,0.00129533939178777,0.501000004845413));
#4887=CARTESIAN_POINT('',(-0.048170866501643,2.60208521396521E-18,0.501000004845413));
#4888=CARTESIAN_POINT('',(-0.0443864120019716,-0.00129533939178776,0.501000004845413));
#4889=CARTESIAN_POINT('',(-0.0393347809815653,0.013463470436014,0.501000004845413));
#4890=CARTESIAN_POINT('',(-0.0488922272498357,-0.0144594976792407,0.501000004845413));
#4891=CARTESIAN_POINT('',(-0.047,-0.0151071673751346,0.501000004845413));
#4892=CARTESIAN_POINT('',(-0.049,-0.0151071673751346,0.501000004845413));
#4893=CARTESIAN_POINT('',(-0.049,1.04083408558608E-17,0.501000004845413));
#4894=CARTESIAN_POINT('',(-0.049,-0.019607965,0.501000004845413));
#4895=CARTESIAN_POINT('',(-0.047,-0.019607965,0.501000004845413));
#4896=CARTESIAN_POINT('',(0.0325,-0.021607965,0.493000004845413));
#4897=CARTESIAN_POINT('',(0.047,-0.019607965,0.493000004845413));
#4898=CARTESIAN_POINT('',(0.049,-0.019607965,0.493000004845413));
#4899=CARTESIAN_POINT('',(0.049,1.04083408558608E-17,0.493000004845413));
#4900=CARTESIAN_POINT('',(0.049,-0.0151071673751346,0.493000004845413));
#4901=CARTESIAN_POINT('',(0.047,-0.0151071673751346,0.493000004845413));
#4902=CARTESIAN_POINT('',(0.0488922272498357,-0.0144594976792407,0.493000004845413));
#4903=CARTESIAN_POINT('',(0.0393347809815653,0.013463470436014,0.493000004845413));
#4904=CARTESIAN_POINT('',(0.0443864120019716,-0.00129533939178776,0.493000004845413));
#4905=CARTESIAN_POINT('',(0.048170866501643,-4.33680868994202E-18,0.493000004845413));
#4906=CARTESIAN_POINT('',(0.0443864120019716,0.00129533939178775,0.493000004845413));
#4907=CARTESIAN_POINT('',(0.0393347809815653,-0.013463470436014,0.493000004845413));
#4908=CARTESIAN_POINT('',(0.0488922272498357,0.0144594976792407,0.493000004845413));
#4909=CARTESIAN_POINT('',(0.047,0.0151071673751346,0.493000004845413));
#4910=CARTESIAN_POINT('',(0.049,0.0151071673751346,0.493000004845413));
#4911=CARTESIAN_POINT('',(0.049,1.04083408558608E-17,0.493000004845413));
#4912=CARTESIAN_POINT('',(0.049,0.0196079650000001,0.493000004845413));
#4913=CARTESIAN_POINT('',(0.047,0.0196079650000001,0.493000004845413));
#4914=CARTESIAN_POINT('',(-0.047,0.019607965,0.493000004845413));
#4915=CARTESIAN_POINT('',(-0.049,0.019607965,0.493000004845413));
#4916=CARTESIAN_POINT('',(-0.049,0.018607965,0.493000004845413));
#4917=CARTESIAN_POINT('',(-0.049,0.0151071673751346,0.493000004845413));
#4918=CARTESIAN_POINT('',(-0.047,0.0151071673751346,0.493000004845413));
#4919=CARTESIAN_POINT('',(-0.0488922272498357,0.0144594976792407,0.493000004845413));
#4920=CARTESIAN_POINT('',(-0.0465538863750822,0.00762781734794694,0.493000004845413));
#4921=CARTESIAN_POINT('',(-0.0443864120019716,0.00129533939178777,0.493000004845413));
#4922=CARTESIAN_POINT('',(-0.048170866501643,2.60208521396521E-18,0.493000004845413));
#4923=CARTESIAN_POINT('',(-0.0443864120019716,-0.00129533939178776,0.493000004845413));
#4924=CARTESIAN_POINT('',(-0.0465538863750822,-0.00762781734794694,0.493000004845413));
#4925=CARTESIAN_POINT('',(-0.0488922272498357,-0.0144594976792407,0.493000004845413));
#4926=CARTESIAN_POINT('',(-0.047,-0.0151071673751346,0.493000004845413));
#4927=CARTESIAN_POINT('',(-0.049,-0.0151071673751346,0.493000004845413));
#4928=CARTESIAN_POINT('',(-0.049,-0.018607965,0.493000004845413));
#4929=CARTESIAN_POINT('',(-0.049,-0.019607965,0.493000004845413));
#4930=CARTESIAN_POINT('',(-0.047,-0.019607965,0.493000004845413));
#4931=CARTESIAN_POINT('',(-0.015,0.001609965,0.445000004845414));
#4932=CARTESIAN_POINT('',(0.015,0.001609965,0.445000004845414));
#4933=CARTESIAN_POINT('',(-2.96729015627611E-18,-0.000392035,0.448000004845414));
#4934=CARTESIAN_POINT('',(0.,-0.017182965,0.45));
#4935=MECHANICAL_DESIGN_GEOMETRIC_PRESENTATION_REPRESENTATION('',(#2804),
#4936);
#4936=(
GEOMETRIC_REPRESENTATION_CONTEXT(3)
GLOBAL_UNCERTAINTY_ASSIGNED_CONTEXT((#4937))
GLOBAL_UNIT_ASSIGNED_CONTEXT((#4940,#4939,#4938))
REPRESENTATION_CONTEXT('End Plate Electronics',
'TOP_LEVEL_ASSEMBLY_PART')
);
#4937=UNCERTAINTY_MEASURE_WITH_UNIT(LENGTH_MEASURE(1.E-8),#4940,
'DISTANCE_ACCURACY_VALUE','Maximum Tolerance applied to model');
#4938=(
NAMED_UNIT(*)
SI_UNIT($,.STERADIAN.)
SOLID_ANGLE_UNIT()
);
#4939=(
NAMED_UNIT(*)
PLANE_ANGLE_UNIT()
SI_UNIT($,.RADIAN.)
);
#4940=(
LENGTH_UNIT()
NAMED_UNIT(*)
SI_UNIT($,.METRE.)
);
#4941=PRODUCT_DEFINITION_SHAPE('','',#4942);
#4942=PRODUCT_DEFINITION('','',#4944,#4943);
#4943=PRODUCT_DEFINITION_CONTEXT('',#4950,'design');
#4944=PRODUCT_DEFINITION_FORMATION_WITH_SPECIFIED_SOURCE('','',#4946,
 .NOT_KNOWN.);
#4945=PRODUCT_RELATED_PRODUCT_CATEGORY('','',(#4946));
#4946=PRODUCT('End Plate Electronics','End Plate Electronics',
'End Plate Electronics',(#4948));
#4947=PRODUCT_CATEGORY('','');
#4948=PRODUCT_CONTEXT('',#4950,'mechanical');
#4949=APPLICATION_PROTOCOL_DEFINITION('international standard',
'ap242_managed_model_based_3d_engineering',2020,#4950);
#4950=APPLICATION_CONTEXT('managed model based 3d engineering');
ENDSEC;
END-ISO-10303-21;
