ISO-10303-21;
HEADER;
/* Generated by software containing ST-Developer
 * from STEP Tools, Inc. (www.steptools.com) 
 */
/* OPTION: using custom renumber hook */

FILE_DESCRIPTION(
/* description */ ('STEP AP242 Edition 2',
'CAx-IF Rec.Pracs.---Representation and Presentation of Product Manufa
cturing Information (PMI)---4.0---2014-10-13',
'CAx-IF Rec.Pracs.---3D Tessellated Geometry---0.4---2014-09-14','2;1',
'CAx-IF Rec.Pracs.---User Defined Attributes---1.5---2016-08-15'),
/* implementation_level */ '2;1');

FILE_NAME(
/* name */ 'Plot Platter Part Studio - Servo Connector',
/* time_stamp */ '2026-08-02T03:40:46Z',
/* author */ (''),
/* organization */ (''),
/* preprocessor_version */ 'ST-DEVELOPER v20',
/* originating_system */ 'ONSHAPE BY PTC INC, 1.218',
/* authorisation */ '  ');

FILE_SCHEMA (('AP242_MANAGED_MODEL_BASED_3D_ENGINEERING_MIM_LF { 1 0 10303 442 3 1 4 }'));
ENDSEC;

DATA;
#10=SHAPE_REPRESENTATION_RELATIONSHIP('','',#981,#11);
#11=ADVANCED_BREP_SHAPE_REPRESENTATION('',(#979),#1885);
#12=ELLIPSE('',#997,0.00025,0.00015);
#13=ELLIPSE('',#998,0.00025,0.00015);
#14=ELLIPSE('',#1002,0.00025,0.00015);
#15=ELLIPSE('',#1003,0.00025,0.00015);
#16=ELLIPSE('',#1007,0.00025,0.00015);
#17=ELLIPSE('',#1008,0.00025,0.00015);
#18=ELLIPSE('',#1012,0.00025,0.00015);
#19=ELLIPSE('',#1013,0.00025,0.00015);
#20=ELLIPSE('',#1017,0.00025,0.00015);
#21=ELLIPSE('',#1018,0.00025,0.00015);
#22=ELLIPSE('',#1022,0.00025,0.00015);
#23=ELLIPSE('',#1023,0.00025,0.00015);
#24=ELLIPSE('',#1027,0.00025,0.00015);
#25=ELLIPSE('',#1028,0.00025,0.00015);
#26=ELLIPSE('',#1032,0.00025,0.00015);
#27=ELLIPSE('',#1033,0.00025,0.00015);
#28=ELLIPSE('',#1037,0.00025,0.00015);
#29=ELLIPSE('',#1038,0.00025,0.00015);
#30=ELLIPSE('',#1042,0.00025,0.00015);
#31=ELLIPSE('',#1043,0.00025,0.00015);
#32=ELLIPSE('',#1047,0.00025,0.00015);
#33=ELLIPSE('',#1048,0.00025,0.00015);
#34=ELLIPSE('',#1052,0.00025,0.00015);
#35=ELLIPSE('',#1053,0.00025,0.00015);
#36=ELLIPSE('',#1057,0.00025,0.00015);
#37=ELLIPSE('',#1058,0.00025,0.00015);
#38=ELLIPSE('',#1062,0.00025,0.00015);
#39=ELLIPSE('',#1063,0.00025,0.00015);
#40=ELLIPSE('',#1067,0.00025,0.00015);
#41=ELLIPSE('',#1068,0.00025,0.00015);
#42=ELLIPSE('',#1072,0.00025,0.00015);
#43=ELLIPSE('',#1073,0.00025,0.00015);
#44=ELLIPSE('',#1077,0.00025,0.00015);
#45=ELLIPSE('',#1078,0.00025,0.00015);
#46=ELLIPSE('',#1082,0.00025,0.00015);
#47=ELLIPSE('',#1083,0.00025,0.00015);
#48=ELLIPSE('',#1087,0.00025,0.00015);
#49=ELLIPSE('',#1088,0.00025,0.00015);
#50=ELLIPSE('',#1096,0.00025,0.00015);
#51=ELLIPSE('',#1097,0.00025,0.00015);
#52=B_SPLINE_SURFACE_WITH_KNOTS('',3,1,((#1450,#1451),(#1452,#1453),(#1454,
#1455),(#1456,#1457),(#1458,#1459)),.SURF_OF_LINEAR_EXTRUSION.,.F.,.F.,
 .F.,(4,1,4),(2,2),(3.14159265358826,4.71238898038392,6.28318530717959),
(0.,1.),.UNSPECIFIED.);
#53=B_SPLINE_SURFACE_WITH_KNOTS('',3,1,((#1471,#1472),(#1473,#1474),(#1475,
#1476),(#1477,#1478),(#1479,#1480)),.SURF_OF_LINEAR_EXTRUSION.,.F.,.F.,
 .F.,(4,1,4),(2,2),(3.14159265358979,4.71238898038469,6.28318530717959),
(0.,1.),.UNSPECIFIED.);
#54=B_SPLINE_SURFACE_WITH_KNOTS('',3,1,((#1492,#1493),(#1494,#1495),(#1496,
#1497),(#1498,#1499),(#1500,#1501)),.SURF_OF_LINEAR_EXTRUSION.,.F.,.F.,
 .F.,(4,1,4),(2,2),(3.14159265358858,4.71238898038408,6.28318530717959),
(0.,1.),.UNSPECIFIED.);
#55=B_SPLINE_SURFACE_WITH_KNOTS('',3,1,((#1513,#1514),(#1515,#1516),(#1517,
#1518),(#1519,#1520),(#1521,#1522)),.SURF_OF_LINEAR_EXTRUSION.,.F.,.F.,
 .F.,(4,1,4),(2,2),(3.14159265358308,4.71238898038133,6.28318530717959),
(0.,1.),.UNSPECIFIED.);
#56=B_SPLINE_SURFACE_WITH_KNOTS('',3,1,((#1534,#1535),(#1536,#1537),(#1538,
#1539),(#1540,#1541),(#1542,#1543)),.SURF_OF_LINEAR_EXTRUSION.,.F.,.F.,
 .F.,(4,1,4),(2,2),(3.14159265358692,4.71238898038325,6.28318530717959),
(0.,1.),.UNSPECIFIED.);
#57=B_SPLINE_SURFACE_WITH_KNOTS('',3,1,((#1555,#1556),(#1557,#1558),(#1559,
#1560),(#1561,#1562),(#1563,#1564)),.SURF_OF_LINEAR_EXTRUSION.,.F.,.F.,
 .F.,(4,1,4),(2,2),(3.14159265359109,4.71238898038534,6.28318530717959),
(0.,1.),.UNSPECIFIED.);
#58=B_SPLINE_SURFACE_WITH_KNOTS('',3,1,((#1576,#1577),(#1578,#1579),(#1580,
#1581),(#1582,#1583),(#1584,#1585)),.SURF_OF_LINEAR_EXTRUSION.,.F.,.F.,
 .F.,(4,1,4),(2,2),(3.14159265359063,4.71238898038469,6.28318530717875),
(0.,1.),.UNSPECIFIED.);
#59=B_SPLINE_SURFACE_WITH_KNOTS('',3,1,((#1597,#1598),(#1599,#1600),(#1601,
#1602),(#1603,#1604),(#1605,#1606)),.SURF_OF_LINEAR_EXTRUSION.,.F.,.F.,
 .F.,(4,1,4),(2,2),(3.14159265358879,4.71238898038417,6.28318530717955),
(0.,1.),.UNSPECIFIED.);
#60=B_SPLINE_SURFACE_WITH_KNOTS('',3,1,((#1618,#1619),(#1620,#1621),(#1622,
#1623),(#1624,#1625),(#1626,#1627)),.SURF_OF_LINEAR_EXTRUSION.,.F.,.F.,
 .F.,(4,1,4),(2,2),(3.14159265358514,4.71238898038236,6.28318530717959),
(0.,1.),.UNSPECIFIED.);
#61=B_SPLINE_SURFACE_WITH_KNOTS('',3,1,((#1639,#1640),(#1641,#1642),(#1643,
#1644),(#1645,#1646),(#1647,#1648)),.SURF_OF_LINEAR_EXTRUSION.,.F.,.F.,
 .F.,(4,1,4),(2,2),(3.14159265358777,4.71238898038368,6.28318530717959),
(0.,1.),.UNSPECIFIED.);
#62=B_SPLINE_SURFACE_WITH_KNOTS('',3,1,((#1660,#1661),(#1662,#1663),(#1664,
#1665),(#1666,#1667),(#1668,#1669)),.SURF_OF_LINEAR_EXTRUSION.,.F.,.F.,
 .F.,(4,1,4),(2,2),(3.14159265359137,4.71238898038548,6.28318530717959),
(0.,1.),.UNSPECIFIED.);
#63=B_SPLINE_SURFACE_WITH_KNOTS('',3,1,((#1681,#1682),(#1683,#1684),(#1685,
#1686),(#1687,#1688),(#1689,#1690)),.SURF_OF_LINEAR_EXTRUSION.,.F.,.F.,
 .F.,(4,1,4),(2,2),(3.14159265359312,4.71238898038469,6.28318530717625),
(0.,1.),.UNSPECIFIED.);
#64=B_SPLINE_SURFACE_WITH_KNOTS('',3,1,((#1702,#1703),(#1704,#1705),(#1706,
#1707),(#1708,#1709),(#1710,#1711)),.SURF_OF_LINEAR_EXTRUSION.,.F.,.F.,
 .F.,(4,1,4),(2,2),(3.14159265358819,4.7123889803831,6.283185307178),(0.,
1.),.UNSPECIFIED.);
#65=B_SPLINE_SURFACE_WITH_KNOTS('',3,1,((#1723,#1724),(#1725,#1726),(#1727,
#1728),(#1729,#1730),(#1731,#1732)),.SURF_OF_LINEAR_EXTRUSION.,.F.,.F.,
 .F.,(4,1,4),(2,2),(3.1415926535858,4.71238898038269,6.28318530717959),
(0.,1.),.UNSPECIFIED.);
#66=B_SPLINE_SURFACE_WITH_KNOTS('',3,1,((#1744,#1745),(#1746,#1747),(#1748,
#1749),(#1750,#1751),(#1752,#1753)),.SURF_OF_LINEAR_EXTRUSION.,.F.,.F.,
 .F.,(4,1,4),(2,2),(3.14159265358693,4.71238898038326,6.28318530717959),
(0.,1.),.UNSPECIFIED.);
#67=B_SPLINE_SURFACE_WITH_KNOTS('',3,1,((#1765,#1766),(#1767,#1768),(#1769,
#1770),(#1771,#1772),(#1773,#1774)),.SURF_OF_LINEAR_EXTRUSION.,.F.,.F.,
 .F.,(4,1,4),(2,2),(3.14159265358979,4.71238898038469,6.28318530717959),
(0.,1.),.UNSPECIFIED.);
#68=B_SPLINE_SURFACE_WITH_KNOTS('',3,1,((#1786,#1787),(#1788,#1789),(#1790,
#1791),(#1792,#1793),(#1794,#1795)),.SURF_OF_LINEAR_EXTRUSION.,.F.,.F.,
 .F.,(4,1,4),(2,2),(3.14159265359066,4.71238898038469,6.28318530717872),
(0.,1.),.UNSPECIFIED.);
#69=B_SPLINE_SURFACE_WITH_KNOTS('',3,1,((#1807,#1808),(#1809,#1810),(#1811,
#1812),(#1813,#1814),(#1815,#1816)),.SURF_OF_LINEAR_EXTRUSION.,.F.,.F.,
 .F.,(4,1,4),(2,2),(3.14159265358902,4.71238898038368,6.28318530717833),
(0.,1.),.UNSPECIFIED.);
#70=B_SPLINE_SURFACE_WITH_KNOTS('',3,1,((#1828,#1829),(#1830,#1831),(#1832,
#1833),(#1834,#1835),(#1836,#1837)),.SURF_OF_LINEAR_EXTRUSION.,.F.,.F.,
 .F.,(4,1,4),(2,2),(3.1415926535832,4.71238898038139,6.28318530717959),
(0.,1.),.UNSPECIFIED.);
#71=B_SPLINE_SURFACE_WITH_KNOTS('',3,1,((#1863,#1864),(#1865,#1866),(#1867,
#1868),(#1869,#1870),(#1871,#1872)),.SURF_OF_LINEAR_EXTRUSION.,.F.,.F.,
 .F.,(4,1,4),(2,2),(3.14159265358506,4.71238898038232,6.28318530717959),
(0.,1.),.UNSPECIFIED.);
#72=CYLINDRICAL_SURFACE('',#989,0.002);
#73=CYLINDRICAL_SURFACE('',#992,0.002);
#74=CYLINDRICAL_SURFACE('',#994,0.002475);
#75=CYLINDRICAL_SURFACE('',#999,0.002475);
#76=CYLINDRICAL_SURFACE('',#1004,0.002475);
#77=CYLINDRICAL_SURFACE('',#1009,0.002475);
#78=CYLINDRICAL_SURFACE('',#1014,0.002475);
#79=CYLINDRICAL_SURFACE('',#1019,0.002475);
#80=CYLINDRICAL_SURFACE('',#1024,0.002475);
#81=CYLINDRICAL_SURFACE('',#1029,0.002475);
#82=CYLINDRICAL_SURFACE('',#1034,0.002475);
#83=CYLINDRICAL_SURFACE('',#1039,0.002475);
#84=CYLINDRICAL_SURFACE('',#1044,0.002475);
#85=CYLINDRICAL_SURFACE('',#1049,0.002475);
#86=CYLINDRICAL_SURFACE('',#1054,0.002475);
#87=CYLINDRICAL_SURFACE('',#1059,0.002475);
#88=CYLINDRICAL_SURFACE('',#1064,0.002475);
#89=CYLINDRICAL_SURFACE('',#1069,0.002475);
#90=CYLINDRICAL_SURFACE('',#1074,0.002475);
#91=CYLINDRICAL_SURFACE('',#1079,0.002475);
#92=CYLINDRICAL_SURFACE('',#1084,0.002475);
#93=CYLINDRICAL_SURFACE('',#1089,0.002475);
#94=CYLINDRICAL_SURFACE('',#1093,0.004);
#95=CYLINDRICAL_SURFACE('',#1098,0.0055);
#96=CYLINDRICAL_SURFACE('',#1102,0.004);
#97=LINE('',#1412,#153);
#98=LINE('',#1416,#154);
#99=LINE('',#1417,#155);
#100=LINE('',#1422,#156);
#101=LINE('',#1428,#157);
#102=LINE('',#1432,#158);
#103=LINE('',#1434,#159);
#104=LINE('',#1436,#160);
#105=LINE('',#1438,#161);
#106=LINE('',#1442,#162);
#107=LINE('',#1447,#163);
#108=LINE('',#1462,#164);
#109=LINE('',#1468,#165);
#110=LINE('',#1483,#166);
#111=LINE('',#1489,#167);
#112=LINE('',#1504,#168);
#113=LINE('',#1510,#169);
#114=LINE('',#1525,#170);
#115=LINE('',#1531,#171);
#116=LINE('',#1546,#172);
#117=LINE('',#1552,#173);
#118=LINE('',#1567,#174);
#119=LINE('',#1573,#175);
#120=LINE('',#1588,#176);
#121=LINE('',#1594,#177);
#122=LINE('',#1609,#178);
#123=LINE('',#1615,#179);
#124=LINE('',#1630,#180);
#125=LINE('',#1636,#181);
#126=LINE('',#1651,#182);
#127=LINE('',#1657,#183);
#128=LINE('',#1672,#184);
#129=LINE('',#1678,#185);
#130=LINE('',#1693,#186);
#131=LINE('',#1699,#187);
#132=LINE('',#1714,#188);
#133=LINE('',#1720,#189);
#134=LINE('',#1735,#190);
#135=LINE('',#1741,#191);
#136=LINE('',#1756,#192);
#137=LINE('',#1762,#193);
#138=LINE('',#1777,#194);
#139=LINE('',#1783,#195);
#140=LINE('',#1798,#196);
#141=LINE('',#1804,#197);
#142=LINE('',#1819,#198);
#143=LINE('',#1825,#199);
#144=LINE('',#1840,#200);
#145=LINE('',#1846,#201);
#146=LINE('',#1850,#202);
#147=LINE('',#1852,#203);
#148=LINE('',#1854,#204);
#149=LINE('',#1856,#205);
#150=LINE('',#1860,#206);
#151=LINE('',#1862,#207);
#152=LINE('',#1878,#208);
#153=VECTOR('',#1111,1.);
#154=VECTOR('',#1114,1.);
#155=VECTOR('',#1115,1.);
#156=VECTOR('',#1118,1.);
#157=VECTOR('',#1125,1.);
#158=VECTOR('',#1128,1.);
#159=VECTOR('',#1131,1.);
#160=VECTOR('',#1132,1.);
#161=VECTOR('',#1135,1.);
#162=VECTOR('',#1140,1.);
#163=VECTOR('',#1143,1.);
#164=VECTOR('',#1148,1.);
#165=VECTOR('',#1155,1.);
#166=VECTOR('',#1160,1.);
#167=VECTOR('',#1167,1.);
#168=VECTOR('',#1172,1.);
#169=VECTOR('',#1179,1.);
#170=VECTOR('',#1184,1.);
#171=VECTOR('',#1191,1.);
#172=VECTOR('',#1196,1.);
#173=VECTOR('',#1203,1.);
#174=VECTOR('',#1208,1.);
#175=VECTOR('',#1215,1.);
#176=VECTOR('',#1220,1.);
#177=VECTOR('',#1227,1.);
#178=VECTOR('',#1232,1.);
#179=VECTOR('',#1239,1.);
#180=VECTOR('',#1244,1.);
#181=VECTOR('',#1251,1.);
#182=VECTOR('',#1256,1.);
#183=VECTOR('',#1263,1.);
#184=VECTOR('',#1268,1.);
#185=VECTOR('',#1275,1.);
#186=VECTOR('',#1280,1.);
#187=VECTOR('',#1287,1.);
#188=VECTOR('',#1292,1.);
#189=VECTOR('',#1299,1.);
#190=VECTOR('',#1304,1.);
#191=VECTOR('',#1311,1.);
#192=VECTOR('',#1316,1.);
#193=VECTOR('',#1323,1.);
#194=VECTOR('',#1328,1.);
#195=VECTOR('',#1335,1.);
#196=VECTOR('',#1340,1.);
#197=VECTOR('',#1347,1.);
#198=VECTOR('',#1352,1.);
#199=VECTOR('',#1359,1.);
#200=VECTOR('',#1364,1.);
#201=VECTOR('',#1371,1.);
#202=VECTOR('',#1376,1.);
#203=VECTOR('',#1377,1.);
#204=VECTOR('',#1378,1.);
#205=VECTOR('',#1381,1.);
#206=VECTOR('',#1386,1.);
#207=VECTOR('',#1387,1.);
#208=VECTOR('',#1398,1.);
#209=ORIENTED_EDGE('',*,*,#501,.T.);
#210=ORIENTED_EDGE('',*,*,#502,.T.);
#211=ORIENTED_EDGE('',*,*,#503,.T.);
#212=ORIENTED_EDGE('',*,*,#504,.F.);
#213=ORIENTED_EDGE('',*,*,#505,.T.);
#214=ORIENTED_EDGE('',*,*,#506,.F.);
#215=ORIENTED_EDGE('',*,*,#507,.F.);
#216=ORIENTED_EDGE('',*,*,#508,.F.);
#217=ORIENTED_EDGE('',*,*,#509,.F.);
#218=ORIENTED_EDGE('',*,*,#501,.F.);
#219=ORIENTED_EDGE('',*,*,#510,.F.);
#220=ORIENTED_EDGE('',*,*,#511,.T.);
#221=ORIENTED_EDGE('',*,*,#512,.T.);
#222=ORIENTED_EDGE('',*,*,#504,.T.);
#223=ORIENTED_EDGE('',*,*,#513,.F.);
#224=ORIENTED_EDGE('',*,*,#514,.F.);
#225=ORIENTED_EDGE('',*,*,#510,.T.);
#226=ORIENTED_EDGE('',*,*,#503,.F.);
#227=ORIENTED_EDGE('',*,*,#515,.F.);
#228=ORIENTED_EDGE('',*,*,#516,.T.);
#229=ORIENTED_EDGE('',*,*,#513,.T.);
#230=ORIENTED_EDGE('',*,*,#517,.T.);
#231=ORIENTED_EDGE('',*,*,#518,.F.);
#232=ORIENTED_EDGE('',*,*,#519,.F.);
#233=ORIENTED_EDGE('',*,*,#520,.T.);
#234=ORIENTED_EDGE('',*,*,#519,.T.);
#235=ORIENTED_EDGE('',*,*,#521,.F.);
#236=ORIENTED_EDGE('',*,*,#522,.F.);
#237=ORIENTED_EDGE('',*,*,#523,.T.);
#238=ORIENTED_EDGE('',*,*,#522,.T.);
#239=ORIENTED_EDGE('',*,*,#524,.F.);
#240=ORIENTED_EDGE('',*,*,#525,.F.);
#241=ORIENTED_EDGE('',*,*,#526,.T.);
#242=ORIENTED_EDGE('',*,*,#525,.T.);
#243=ORIENTED_EDGE('',*,*,#527,.F.);
#244=ORIENTED_EDGE('',*,*,#528,.F.);
#245=ORIENTED_EDGE('',*,*,#529,.T.);
#246=ORIENTED_EDGE('',*,*,#528,.T.);
#247=ORIENTED_EDGE('',*,*,#530,.F.);
#248=ORIENTED_EDGE('',*,*,#531,.F.);
#249=ORIENTED_EDGE('',*,*,#532,.T.);
#250=ORIENTED_EDGE('',*,*,#531,.T.);
#251=ORIENTED_EDGE('',*,*,#533,.F.);
#252=ORIENTED_EDGE('',*,*,#534,.F.);
#253=ORIENTED_EDGE('',*,*,#535,.T.);
#254=ORIENTED_EDGE('',*,*,#534,.T.);
#255=ORIENTED_EDGE('',*,*,#536,.F.);
#256=ORIENTED_EDGE('',*,*,#537,.F.);
#257=ORIENTED_EDGE('',*,*,#538,.T.);
#258=ORIENTED_EDGE('',*,*,#537,.T.);
#259=ORIENTED_EDGE('',*,*,#539,.F.);
#260=ORIENTED_EDGE('',*,*,#540,.F.);
#261=ORIENTED_EDGE('',*,*,#541,.T.);
#262=ORIENTED_EDGE('',*,*,#540,.T.);
#263=ORIENTED_EDGE('',*,*,#542,.F.);
#264=ORIENTED_EDGE('',*,*,#543,.F.);
#265=ORIENTED_EDGE('',*,*,#544,.T.);
#266=ORIENTED_EDGE('',*,*,#543,.T.);
#267=ORIENTED_EDGE('',*,*,#545,.F.);
#268=ORIENTED_EDGE('',*,*,#546,.F.);
#269=ORIENTED_EDGE('',*,*,#547,.T.);
#270=ORIENTED_EDGE('',*,*,#546,.T.);
#271=ORIENTED_EDGE('',*,*,#548,.F.);
#272=ORIENTED_EDGE('',*,*,#549,.F.);
#273=ORIENTED_EDGE('',*,*,#550,.T.);
#274=ORIENTED_EDGE('',*,*,#549,.T.);
#275=ORIENTED_EDGE('',*,*,#551,.F.);
#276=ORIENTED_EDGE('',*,*,#552,.F.);
#277=ORIENTED_EDGE('',*,*,#553,.T.);
#278=ORIENTED_EDGE('',*,*,#552,.T.);
#279=ORIENTED_EDGE('',*,*,#554,.F.);
#280=ORIENTED_EDGE('',*,*,#555,.F.);
#281=ORIENTED_EDGE('',*,*,#556,.T.);
#282=ORIENTED_EDGE('',*,*,#555,.T.);
#283=ORIENTED_EDGE('',*,*,#557,.F.);
#284=ORIENTED_EDGE('',*,*,#558,.F.);
#285=ORIENTED_EDGE('',*,*,#559,.T.);
#286=ORIENTED_EDGE('',*,*,#558,.T.);
#287=ORIENTED_EDGE('',*,*,#560,.F.);
#288=ORIENTED_EDGE('',*,*,#561,.F.);
#289=ORIENTED_EDGE('',*,*,#562,.T.);
#290=ORIENTED_EDGE('',*,*,#561,.T.);
#291=ORIENTED_EDGE('',*,*,#563,.F.);
#292=ORIENTED_EDGE('',*,*,#564,.F.);
#293=ORIENTED_EDGE('',*,*,#565,.T.);
#294=ORIENTED_EDGE('',*,*,#564,.T.);
#295=ORIENTED_EDGE('',*,*,#566,.F.);
#296=ORIENTED_EDGE('',*,*,#567,.F.);
#297=ORIENTED_EDGE('',*,*,#568,.T.);
#298=ORIENTED_EDGE('',*,*,#567,.T.);
#299=ORIENTED_EDGE('',*,*,#569,.F.);
#300=ORIENTED_EDGE('',*,*,#570,.F.);
#301=ORIENTED_EDGE('',*,*,#571,.T.);
#302=ORIENTED_EDGE('',*,*,#570,.T.);
#303=ORIENTED_EDGE('',*,*,#572,.F.);
#304=ORIENTED_EDGE('',*,*,#573,.F.);
#305=ORIENTED_EDGE('',*,*,#574,.T.);
#306=ORIENTED_EDGE('',*,*,#573,.T.);
#307=ORIENTED_EDGE('',*,*,#575,.F.);
#308=ORIENTED_EDGE('',*,*,#576,.F.);
#309=ORIENTED_EDGE('',*,*,#577,.T.);
#310=ORIENTED_EDGE('',*,*,#576,.T.);
#311=ORIENTED_EDGE('',*,*,#578,.F.);
#312=ORIENTED_EDGE('',*,*,#579,.F.);
#313=ORIENTED_EDGE('',*,*,#580,.T.);
#314=ORIENTED_EDGE('',*,*,#579,.T.);
#315=ORIENTED_EDGE('',*,*,#581,.F.);
#316=ORIENTED_EDGE('',*,*,#582,.F.);
#317=ORIENTED_EDGE('',*,*,#583,.T.);
#318=ORIENTED_EDGE('',*,*,#582,.T.);
#319=ORIENTED_EDGE('',*,*,#584,.F.);
#320=ORIENTED_EDGE('',*,*,#585,.F.);
#321=ORIENTED_EDGE('',*,*,#586,.T.);
#322=ORIENTED_EDGE('',*,*,#585,.T.);
#323=ORIENTED_EDGE('',*,*,#587,.F.);
#324=ORIENTED_EDGE('',*,*,#588,.F.);
#325=ORIENTED_EDGE('',*,*,#589,.T.);
#326=ORIENTED_EDGE('',*,*,#588,.T.);
#327=ORIENTED_EDGE('',*,*,#590,.F.);
#328=ORIENTED_EDGE('',*,*,#591,.F.);
#329=ORIENTED_EDGE('',*,*,#592,.T.);
#330=ORIENTED_EDGE('',*,*,#591,.T.);
#331=ORIENTED_EDGE('',*,*,#593,.F.);
#332=ORIENTED_EDGE('',*,*,#594,.F.);
#333=ORIENTED_EDGE('',*,*,#595,.T.);
#334=ORIENTED_EDGE('',*,*,#594,.T.);
#335=ORIENTED_EDGE('',*,*,#596,.F.);
#336=ORIENTED_EDGE('',*,*,#597,.F.);
#337=ORIENTED_EDGE('',*,*,#598,.T.);
#338=ORIENTED_EDGE('',*,*,#597,.T.);
#339=ORIENTED_EDGE('',*,*,#599,.F.);
#340=ORIENTED_EDGE('',*,*,#600,.F.);
#341=ORIENTED_EDGE('',*,*,#601,.T.);
#342=ORIENTED_EDGE('',*,*,#600,.T.);
#343=ORIENTED_EDGE('',*,*,#602,.F.);
#344=ORIENTED_EDGE('',*,*,#603,.F.);
#345=ORIENTED_EDGE('',*,*,#604,.T.);
#346=ORIENTED_EDGE('',*,*,#603,.T.);
#347=ORIENTED_EDGE('',*,*,#605,.F.);
#348=ORIENTED_EDGE('',*,*,#606,.F.);
#349=ORIENTED_EDGE('',*,*,#607,.T.);
#350=ORIENTED_EDGE('',*,*,#606,.T.);
#351=ORIENTED_EDGE('',*,*,#608,.F.);
#352=ORIENTED_EDGE('',*,*,#609,.F.);
#353=ORIENTED_EDGE('',*,*,#610,.T.);
#354=ORIENTED_EDGE('',*,*,#609,.T.);
#355=ORIENTED_EDGE('',*,*,#611,.F.);
#356=ORIENTED_EDGE('',*,*,#612,.F.);
#357=ORIENTED_EDGE('',*,*,#613,.T.);
#358=ORIENTED_EDGE('',*,*,#612,.T.);
#359=ORIENTED_EDGE('',*,*,#614,.F.);
#360=ORIENTED_EDGE('',*,*,#615,.F.);
#361=ORIENTED_EDGE('',*,*,#616,.T.);
#362=ORIENTED_EDGE('',*,*,#615,.T.);
#363=ORIENTED_EDGE('',*,*,#617,.F.);
#364=ORIENTED_EDGE('',*,*,#618,.F.);
#365=ORIENTED_EDGE('',*,*,#619,.T.);
#366=ORIENTED_EDGE('',*,*,#618,.T.);
#367=ORIENTED_EDGE('',*,*,#620,.F.);
#368=ORIENTED_EDGE('',*,*,#621,.F.);
#369=ORIENTED_EDGE('',*,*,#622,.T.);
#370=ORIENTED_EDGE('',*,*,#621,.T.);
#371=ORIENTED_EDGE('',*,*,#623,.F.);
#372=ORIENTED_EDGE('',*,*,#624,.F.);
#373=ORIENTED_EDGE('',*,*,#625,.T.);
#374=ORIENTED_EDGE('',*,*,#624,.T.);
#375=ORIENTED_EDGE('',*,*,#626,.F.);
#376=ORIENTED_EDGE('',*,*,#627,.F.);
#377=ORIENTED_EDGE('',*,*,#628,.T.);
#378=ORIENTED_EDGE('',*,*,#627,.T.);
#379=ORIENTED_EDGE('',*,*,#629,.F.);
#380=ORIENTED_EDGE('',*,*,#630,.F.);
#381=ORIENTED_EDGE('',*,*,#631,.T.);
#382=ORIENTED_EDGE('',*,*,#630,.T.);
#383=ORIENTED_EDGE('',*,*,#632,.F.);
#384=ORIENTED_EDGE('',*,*,#633,.F.);
#385=ORIENTED_EDGE('',*,*,#634,.T.);
#386=ORIENTED_EDGE('',*,*,#505,.F.);
#387=ORIENTED_EDGE('',*,*,#635,.F.);
#388=ORIENTED_EDGE('',*,*,#636,.T.);
#389=ORIENTED_EDGE('',*,*,#637,.T.);
#390=ORIENTED_EDGE('',*,*,#508,.T.);
#391=ORIENTED_EDGE('',*,*,#638,.F.);
#392=ORIENTED_EDGE('',*,*,#639,.F.);
#393=ORIENTED_EDGE('',*,*,#635,.T.);
#394=ORIENTED_EDGE('',*,*,#507,.T.);
#395=ORIENTED_EDGE('',*,*,#640,.F.);
#396=ORIENTED_EDGE('',*,*,#641,.F.);
#397=ORIENTED_EDGE('',*,*,#638,.T.);
#398=ORIENTED_EDGE('',*,*,#633,.T.);
#399=ORIENTED_EDGE('',*,*,#642,.F.);
#400=ORIENTED_EDGE('',*,*,#517,.F.);
#401=ORIENTED_EDGE('',*,*,#643,.T.);
#402=ORIENTED_EDGE('',*,*,#506,.T.);
#403=ORIENTED_EDGE('',*,*,#637,.F.);
#404=ORIENTED_EDGE('',*,*,#644,.F.);
#405=ORIENTED_EDGE('',*,*,#640,.T.);
#406=ORIENTED_EDGE('',*,*,#502,.F.);
#407=ORIENTED_EDGE('',*,*,#512,.F.);
#408=ORIENTED_EDGE('',*,*,#645,.T.);
#409=ORIENTED_EDGE('',*,*,#515,.T.);
#410=ORIENTED_EDGE('',*,*,#636,.F.);
#411=ORIENTED_EDGE('',*,*,#639,.T.);
#412=ORIENTED_EDGE('',*,*,#641,.T.);
#413=ORIENTED_EDGE('',*,*,#644,.T.);
#414=ORIENTED_EDGE('',*,*,#520,.F.);
#415=ORIENTED_EDGE('',*,*,#523,.F.);
#416=ORIENTED_EDGE('',*,*,#526,.F.);
#417=ORIENTED_EDGE('',*,*,#529,.F.);
#418=ORIENTED_EDGE('',*,*,#532,.F.);
#419=ORIENTED_EDGE('',*,*,#535,.F.);
#420=ORIENTED_EDGE('',*,*,#538,.F.);
#421=ORIENTED_EDGE('',*,*,#541,.F.);
#422=ORIENTED_EDGE('',*,*,#544,.F.);
#423=ORIENTED_EDGE('',*,*,#547,.F.);
#424=ORIENTED_EDGE('',*,*,#550,.F.);
#425=ORIENTED_EDGE('',*,*,#553,.F.);
#426=ORIENTED_EDGE('',*,*,#556,.F.);
#427=ORIENTED_EDGE('',*,*,#559,.F.);
#428=ORIENTED_EDGE('',*,*,#562,.F.);
#429=ORIENTED_EDGE('',*,*,#565,.F.);
#430=ORIENTED_EDGE('',*,*,#568,.F.);
#431=ORIENTED_EDGE('',*,*,#571,.F.);
#432=ORIENTED_EDGE('',*,*,#574,.F.);
#433=ORIENTED_EDGE('',*,*,#577,.F.);
#434=ORIENTED_EDGE('',*,*,#580,.F.);
#435=ORIENTED_EDGE('',*,*,#583,.F.);
#436=ORIENTED_EDGE('',*,*,#586,.F.);
#437=ORIENTED_EDGE('',*,*,#589,.F.);
#438=ORIENTED_EDGE('',*,*,#592,.F.);
#439=ORIENTED_EDGE('',*,*,#595,.F.);
#440=ORIENTED_EDGE('',*,*,#598,.F.);
#441=ORIENTED_EDGE('',*,*,#601,.F.);
#442=ORIENTED_EDGE('',*,*,#604,.F.);
#443=ORIENTED_EDGE('',*,*,#607,.F.);
#444=ORIENTED_EDGE('',*,*,#610,.F.);
#445=ORIENTED_EDGE('',*,*,#613,.F.);
#446=ORIENTED_EDGE('',*,*,#616,.F.);
#447=ORIENTED_EDGE('',*,*,#619,.F.);
#448=ORIENTED_EDGE('',*,*,#622,.F.);
#449=ORIENTED_EDGE('',*,*,#625,.F.);
#450=ORIENTED_EDGE('',*,*,#628,.F.);
#451=ORIENTED_EDGE('',*,*,#631,.F.);
#452=ORIENTED_EDGE('',*,*,#634,.F.);
#453=ORIENTED_EDGE('',*,*,#643,.F.);
#454=ORIENTED_EDGE('',*,*,#511,.F.);
#455=ORIENTED_EDGE('',*,*,#514,.T.);
#456=ORIENTED_EDGE('',*,*,#516,.F.);
#457=ORIENTED_EDGE('',*,*,#645,.F.);
#458=ORIENTED_EDGE('',*,*,#646,.T.);
#459=ORIENTED_EDGE('',*,*,#509,.T.);
#460=ORIENTED_EDGE('',*,*,#518,.T.);
#461=ORIENTED_EDGE('',*,*,#642,.T.);
#462=ORIENTED_EDGE('',*,*,#632,.T.);
#463=ORIENTED_EDGE('',*,*,#629,.T.);
#464=ORIENTED_EDGE('',*,*,#626,.T.);
#465=ORIENTED_EDGE('',*,*,#623,.T.);
#466=ORIENTED_EDGE('',*,*,#620,.T.);
#467=ORIENTED_EDGE('',*,*,#617,.T.);
#468=ORIENTED_EDGE('',*,*,#614,.T.);
#469=ORIENTED_EDGE('',*,*,#611,.T.);
#470=ORIENTED_EDGE('',*,*,#608,.T.);
#471=ORIENTED_EDGE('',*,*,#605,.T.);
#472=ORIENTED_EDGE('',*,*,#602,.T.);
#473=ORIENTED_EDGE('',*,*,#599,.T.);
#474=ORIENTED_EDGE('',*,*,#596,.T.);
#475=ORIENTED_EDGE('',*,*,#593,.T.);
#476=ORIENTED_EDGE('',*,*,#590,.T.);
#477=ORIENTED_EDGE('',*,*,#587,.T.);
#478=ORIENTED_EDGE('',*,*,#584,.T.);
#479=ORIENTED_EDGE('',*,*,#581,.T.);
#480=ORIENTED_EDGE('',*,*,#578,.T.);
#481=ORIENTED_EDGE('',*,*,#575,.T.);
#482=ORIENTED_EDGE('',*,*,#572,.T.);
#483=ORIENTED_EDGE('',*,*,#569,.T.);
#484=ORIENTED_EDGE('',*,*,#566,.T.);
#485=ORIENTED_EDGE('',*,*,#563,.T.);
#486=ORIENTED_EDGE('',*,*,#560,.T.);
#487=ORIENTED_EDGE('',*,*,#557,.T.);
#488=ORIENTED_EDGE('',*,*,#554,.T.);
#489=ORIENTED_EDGE('',*,*,#551,.T.);
#490=ORIENTED_EDGE('',*,*,#548,.T.);
#491=ORIENTED_EDGE('',*,*,#545,.T.);
#492=ORIENTED_EDGE('',*,*,#542,.T.);
#493=ORIENTED_EDGE('',*,*,#539,.T.);
#494=ORIENTED_EDGE('',*,*,#536,.T.);
#495=ORIENTED_EDGE('',*,*,#533,.T.);
#496=ORIENTED_EDGE('',*,*,#530,.T.);
#497=ORIENTED_EDGE('',*,*,#527,.T.);
#498=ORIENTED_EDGE('',*,*,#524,.T.);
#499=ORIENTED_EDGE('',*,*,#521,.T.);
#500=ORIENTED_EDGE('',*,*,#646,.F.);
#501=EDGE_CURVE('',#647,#648,#745,.T.);
#502=EDGE_CURVE('',#648,#649,#97,.T.);
#503=EDGE_CURVE('',#649,#650,#746,.T.);
#504=EDGE_CURVE('',#647,#650,#98,.T.);
#505=EDGE_CURVE('',#651,#652,#99,.T.);
#506=EDGE_CURVE('',#653,#652,#747,.T.);
#507=EDGE_CURVE('',#654,#653,#100,.T.);
#508=EDGE_CURVE('',#651,#654,#748,.T.);
#509=EDGE_CURVE('',#655,#655,#749,.F.);
#510=EDGE_CURVE('',#656,#647,#101,.T.);
#511=EDGE_CURVE('',#656,#657,#750,.T.);
#512=EDGE_CURVE('',#657,#648,#102,.T.);
#513=EDGE_CURVE('',#658,#650,#103,.T.);
#514=EDGE_CURVE('',#656,#658,#104,.T.);
#515=EDGE_CURVE('',#659,#649,#105,.T.);
#516=EDGE_CURVE('',#659,#658,#751,.T.);
#517=EDGE_CURVE('',#660,#661,#106,.T.);
#518=EDGE_CURVE('',#662,#661,#752,.T.);
#519=EDGE_CURVE('',#663,#662,#107,.T.);
#520=EDGE_CURVE('',#663,#660,#753,.T.);
#521=EDGE_CURVE('',#664,#662,#12,.F.);
#522=EDGE_CURVE('',#665,#664,#108,.T.);
#523=EDGE_CURVE('',#665,#663,#13,.F.);
#524=EDGE_CURVE('',#666,#664,#754,.T.);
#525=EDGE_CURVE('',#667,#666,#109,.T.);
#526=EDGE_CURVE('',#667,#665,#755,.T.);
#527=EDGE_CURVE('',#668,#666,#14,.F.);
#528=EDGE_CURVE('',#669,#668,#110,.T.);
#529=EDGE_CURVE('',#669,#667,#15,.F.);
#530=EDGE_CURVE('',#670,#668,#756,.T.);
#531=EDGE_CURVE('',#671,#670,#111,.T.);
#532=EDGE_CURVE('',#671,#669,#757,.T.);
#533=EDGE_CURVE('',#672,#670,#16,.F.);
#534=EDGE_CURVE('',#673,#672,#112,.T.);
#535=EDGE_CURVE('',#673,#671,#17,.F.);
#536=EDGE_CURVE('',#674,#672,#758,.T.);
#537=EDGE_CURVE('',#675,#674,#113,.T.);
#538=EDGE_CURVE('',#675,#673,#759,.T.);
#539=EDGE_CURVE('',#676,#674,#18,.F.);
#540=EDGE_CURVE('',#677,#676,#114,.T.);
#541=EDGE_CURVE('',#677,#675,#19,.F.);
#542=EDGE_CURVE('',#678,#676,#760,.T.);
#543=EDGE_CURVE('',#679,#678,#115,.T.);
#544=EDGE_CURVE('',#679,#677,#761,.T.);
#545=EDGE_CURVE('',#680,#678,#20,.F.);
#546=EDGE_CURVE('',#681,#680,#116,.T.);
#547=EDGE_CURVE('',#681,#679,#21,.F.);
#548=EDGE_CURVE('',#682,#680,#762,.T.);
#549=EDGE_CURVE('',#683,#682,#117,.T.);
#550=EDGE_CURVE('',#683,#681,#763,.T.);
#551=EDGE_CURVE('',#684,#682,#22,.F.);
#552=EDGE_CURVE('',#685,#684,#118,.T.);
#553=EDGE_CURVE('',#685,#683,#23,.F.);
#554=EDGE_CURVE('',#686,#684,#764,.T.);
#555=EDGE_CURVE('',#687,#686,#119,.T.);
#556=EDGE_CURVE('',#687,#685,#765,.T.);
#557=EDGE_CURVE('',#688,#686,#24,.F.);
#558=EDGE_CURVE('',#689,#688,#120,.T.);
#559=EDGE_CURVE('',#689,#687,#25,.F.);
#560=EDGE_CURVE('',#690,#688,#766,.T.);
#561=EDGE_CURVE('',#691,#690,#121,.T.);
#562=EDGE_CURVE('',#691,#689,#767,.T.);
#563=EDGE_CURVE('',#692,#690,#26,.F.);
#564=EDGE_CURVE('',#693,#692,#122,.T.);
#565=EDGE_CURVE('',#693,#691,#27,.F.);
#566=EDGE_CURVE('',#694,#692,#768,.T.);
#567=EDGE_CURVE('',#695,#694,#123,.T.);
#568=EDGE_CURVE('',#695,#693,#769,.T.);
#569=EDGE_CURVE('',#696,#694,#28,.F.);
#570=EDGE_CURVE('',#697,#696,#124,.T.);
#571=EDGE_CURVE('',#697,#695,#29,.F.);
#572=EDGE_CURVE('',#698,#696,#770,.T.);
#573=EDGE_CURVE('',#699,#698,#125,.T.);
#574=EDGE_CURVE('',#699,#697,#771,.T.);
#575=EDGE_CURVE('',#700,#698,#30,.F.);
#576=EDGE_CURVE('',#701,#700,#126,.T.);
#577=EDGE_CURVE('',#701,#699,#31,.F.);
#578=EDGE_CURVE('',#702,#700,#772,.T.);
#579=EDGE_CURVE('',#703,#702,#127,.T.);
#580=EDGE_CURVE('',#703,#701,#773,.T.);
#581=EDGE_CURVE('',#704,#702,#32,.F.);
#582=EDGE_CURVE('',#705,#704,#128,.T.);
#583=EDGE_CURVE('',#705,#703,#33,.F.);
#584=EDGE_CURVE('',#706,#704,#774,.T.);
#585=EDGE_CURVE('',#707,#706,#129,.T.);
#586=EDGE_CURVE('',#707,#705,#775,.T.);
#587=EDGE_CURVE('',#708,#706,#34,.F.);
#588=EDGE_CURVE('',#709,#708,#130,.T.);
#589=EDGE_CURVE('',#709,#707,#35,.F.);
#590=EDGE_CURVE('',#710,#708,#776,.T.);
#591=EDGE_CURVE('',#711,#710,#131,.T.);
#592=EDGE_CURVE('',#711,#709,#777,.T.);
#593=EDGE_CURVE('',#712,#710,#36,.F.);
#594=EDGE_CURVE('',#713,#712,#132,.T.);
#595=EDGE_CURVE('',#713,#711,#37,.F.);
#596=EDGE_CURVE('',#714,#712,#778,.T.);
#597=EDGE_CURVE('',#715,#714,#133,.T.);
#598=EDGE_CURVE('',#715,#713,#779,.T.);
#599=EDGE_CURVE('',#716,#714,#38,.F.);
#600=EDGE_CURVE('',#717,#716,#134,.T.);
#601=EDGE_CURVE('',#717,#715,#39,.F.);
#602=EDGE_CURVE('',#718,#716,#780,.T.);
#603=EDGE_CURVE('',#719,#718,#135,.T.);
#604=EDGE_CURVE('',#719,#717,#781,.T.);
#605=EDGE_CURVE('',#720,#718,#40,.F.);
#606=EDGE_CURVE('',#721,#720,#136,.T.);
#607=EDGE_CURVE('',#721,#719,#41,.F.);
#608=EDGE_CURVE('',#722,#720,#782,.T.);
#609=EDGE_CURVE('',#723,#722,#137,.T.);
#610=EDGE_CURVE('',#723,#721,#783,.T.);
#611=EDGE_CURVE('',#724,#722,#42,.F.);
#612=EDGE_CURVE('',#725,#724,#138,.T.);
#613=EDGE_CURVE('',#725,#723,#43,.F.);
#614=EDGE_CURVE('',#726,#724,#784,.T.);
#615=EDGE_CURVE('',#727,#726,#139,.T.);
#616=EDGE_CURVE('',#727,#725,#785,.T.);
#617=EDGE_CURVE('',#728,#726,#44,.F.);
#618=EDGE_CURVE('',#729,#728,#140,.T.);
#619=EDGE_CURVE('',#729,#727,#45,.F.);
#620=EDGE_CURVE('',#730,#728,#786,.T.);
#621=EDGE_CURVE('',#731,#730,#141,.T.);
#622=EDGE_CURVE('',#731,#729,#787,.T.);
#623=EDGE_CURVE('',#732,#730,#46,.F.);
#624=EDGE_CURVE('',#733,#732,#142,.T.);
#625=EDGE_CURVE('',#733,#731,#47,.F.);
#626=EDGE_CURVE('',#734,#732,#788,.T.);
#627=EDGE_CURVE('',#735,#734,#143,.T.);
#628=EDGE_CURVE('',#735,#733,#789,.T.);
#629=EDGE_CURVE('',#736,#734,#48,.F.);
#630=EDGE_CURVE('',#737,#736,#144,.T.);
#631=EDGE_CURVE('',#737,#735,#49,.F.);
#632=EDGE_CURVE('',#738,#736,#790,.T.);
#633=EDGE_CURVE('',#739,#738,#145,.T.);
#634=EDGE_CURVE('',#739,#737,#791,.T.);
#635=EDGE_CURVE('',#740,#651,#146,.T.);
#636=EDGE_CURVE('',#740,#741,#147,.T.);
#637=EDGE_CURVE('',#741,#652,#148,.T.);
#638=EDGE_CURVE('',#742,#654,#149,.T.);
#639=EDGE_CURVE('',#740,#742,#792,.T.);
#640=EDGE_CURVE('',#743,#653,#150,.T.);
#641=EDGE_CURVE('',#742,#743,#151,.T.);
#642=EDGE_CURVE('',#661,#738,#50,.F.);
#643=EDGE_CURVE('',#660,#739,#51,.F.);
#644=EDGE_CURVE('',#743,#741,#793,.T.);
#645=EDGE_CURVE('',#657,#659,#152,.T.);
#646=EDGE_CURVE('',#744,#744,#794,.T.);
#647=VERTEX_POINT('',#1410);
#648=VERTEX_POINT('',#1411);
#649=VERTEX_POINT('',#1413);
#650=VERTEX_POINT('',#1415);
#651=VERTEX_POINT('',#1418);
#652=VERTEX_POINT('',#1419);
#653=VERTEX_POINT('',#1421);
#654=VERTEX_POINT('',#1423);
#655=VERTEX_POINT('',#1426);
#656=VERTEX_POINT('',#1429);
#657=VERTEX_POINT('',#1431);
#658=VERTEX_POINT('',#1435);
#659=VERTEX_POINT('',#1439);
#660=VERTEX_POINT('',#1443);
#661=VERTEX_POINT('',#1444);
#662=VERTEX_POINT('',#1446);
#663=VERTEX_POINT('',#1448);
#664=VERTEX_POINT('',#1461);
#665=VERTEX_POINT('',#1463);
#666=VERTEX_POINT('',#1467);
#667=VERTEX_POINT('',#1469);
#668=VERTEX_POINT('',#1482);
#669=VERTEX_POINT('',#1484);
#670=VERTEX_POINT('',#1488);
#671=VERTEX_POINT('',#1490);
#672=VERTEX_POINT('',#1503);
#673=VERTEX_POINT('',#1505);
#674=VERTEX_POINT('',#1509);
#675=VERTEX_POINT('',#1511);
#676=VERTEX_POINT('',#1524);
#677=VERTEX_POINT('',#1526);
#678=VERTEX_POINT('',#1530);
#679=VERTEX_POINT('',#1532);
#680=VERTEX_POINT('',#1545);
#681=VERTEX_POINT('',#1547);
#682=VERTEX_POINT('',#1551);
#683=VERTEX_POINT('',#1553);
#684=VERTEX_POINT('',#1566);
#685=VERTEX_POINT('',#1568);
#686=VERTEX_POINT('',#1572);
#687=VERTEX_POINT('',#1574);
#688=VERTEX_POINT('',#1587);
#689=VERTEX_POINT('',#1589);
#690=VERTEX_POINT('',#1593);
#691=VERTEX_POINT('',#1595);
#692=VERTEX_POINT('',#1608);
#693=VERTEX_POINT('',#1610);
#694=VERTEX_POINT('',#1614);
#695=VERTEX_POINT('',#1616);
#696=VERTEX_POINT('',#1629);
#697=VERTEX_POINT('',#1631);
#698=VERTEX_POINT('',#1635);
#699=VERTEX_POINT('',#1637);
#700=VERTEX_POINT('',#1650);
#701=VERTEX_POINT('',#1652);
#702=VERTEX_POINT('',#1656);
#703=VERTEX_POINT('',#1658);
#704=VERTEX_POINT('',#1671);
#705=VERTEX_POINT('',#1673);
#706=VERTEX_POINT('',#1677);
#707=VERTEX_POINT('',#1679);
#708=VERTEX_POINT('',#1692);
#709=VERTEX_POINT('',#1694);
#710=VERTEX_POINT('',#1698);
#711=VERTEX_POINT('',#1700);
#712=VERTEX_POINT('',#1713);
#713=VERTEX_POINT('',#1715);
#714=VERTEX_POINT('',#1719);
#715=VERTEX_POINT('',#1721);
#716=VERTEX_POINT('',#1734);
#717=VERTEX_POINT('',#1736);
#718=VERTEX_POINT('',#1740);
#719=VERTEX_POINT('',#1742);
#720=VERTEX_POINT('',#1755);
#721=VERTEX_POINT('',#1757);
#722=VERTEX_POINT('',#1761);
#723=VERTEX_POINT('',#1763);
#724=VERTEX_POINT('',#1776);
#725=VERTEX_POINT('',#1778);
#726=VERTEX_POINT('',#1782);
#727=VERTEX_POINT('',#1784);
#728=VERTEX_POINT('',#1797);
#729=VERTEX_POINT('',#1799);
#730=VERTEX_POINT('',#1803);
#731=VERTEX_POINT('',#1805);
#732=VERTEX_POINT('',#1818);
#733=VERTEX_POINT('',#1820);
#734=VERTEX_POINT('',#1824);
#735=VERTEX_POINT('',#1826);
#736=VERTEX_POINT('',#1839);
#737=VERTEX_POINT('',#1841);
#738=VERTEX_POINT('',#1845);
#739=VERTEX_POINT('',#1847);
#740=VERTEX_POINT('',#1851);
#741=VERTEX_POINT('',#1853);
#742=VERTEX_POINT('',#1857);
#743=VERTEX_POINT('',#1861);
#744=VERTEX_POINT('',#1882);
#745=CIRCLE('',#984,0.002);
#746=CIRCLE('',#985,0.002);
#747=CIRCLE('',#986,0.0055);
#748=CIRCLE('',#987,0.004);
#749=CIRCLE('',#988,0.004);
#750=CIRCLE('',#990,0.002);
#751=CIRCLE('',#993,0.002);
#752=CIRCLE('',#995,0.002475);
#753=CIRCLE('',#996,0.002475);
#754=CIRCLE('',#1000,0.002475);
#755=CIRCLE('',#1001,0.002475);
#756=CIRCLE('',#1005,0.002475);
#757=CIRCLE('',#1006,0.002475);
#758=CIRCLE('',#1010,0.002475);
#759=CIRCLE('',#1011,0.002475);
#760=CIRCLE('',#1015,0.002475);
#761=CIRCLE('',#1016,0.002475);
#762=CIRCLE('',#1020,0.002475);
#763=CIRCLE('',#1021,0.002475);
#764=CIRCLE('',#1025,0.002475);
#765=CIRCLE('',#1026,0.002475);
#766=CIRCLE('',#1030,0.002475);
#767=CIRCLE('',#1031,0.002475);
#768=CIRCLE('',#1035,0.002475);
#769=CIRCLE('',#1036,0.002475);
#770=CIRCLE('',#1040,0.002475);
#771=CIRCLE('',#1041,0.002475);
#772=CIRCLE('',#1045,0.002475);
#773=CIRCLE('',#1046,0.002475);
#774=CIRCLE('',#1050,0.002475);
#775=CIRCLE('',#1051,0.002475);
#776=CIRCLE('',#1055,0.002475);
#777=CIRCLE('',#1056,0.002475);
#778=CIRCLE('',#1060,0.002475);
#779=CIRCLE('',#1061,0.002475);
#780=CIRCLE('',#1065,0.002475);
#781=CIRCLE('',#1066,0.002475);
#782=CIRCLE('',#1070,0.002475);
#783=CIRCLE('',#1071,0.002475);
#784=CIRCLE('',#1075,0.002475);
#785=CIRCLE('',#1076,0.002475);
#786=CIRCLE('',#1080,0.002475);
#787=CIRCLE('',#1081,0.002475);
#788=CIRCLE('',#1085,0.002475);
#789=CIRCLE('',#1086,0.002475);
#790=CIRCLE('',#1090,0.002475);
#791=CIRCLE('',#1091,0.002475);
#792=CIRCLE('',#1094,0.004);
#793=CIRCLE('',#1099,0.0055);
#794=CIRCLE('',#1103,0.004);
#795=EDGE_LOOP('',(#209,#210,#211,#212));
#796=EDGE_LOOP('',(#213,#214,#215,#216));
#797=EDGE_LOOP('',(#217));
#798=EDGE_LOOP('',(#218,#219,#220,#221));
#799=EDGE_LOOP('',(#222,#223,#224,#225));
#800=EDGE_LOOP('',(#226,#227,#228,#229));
#801=EDGE_LOOP('',(#230,#231,#232,#233));
#802=EDGE_LOOP('',(#234,#235,#236,#237));
#803=EDGE_LOOP('',(#238,#239,#240,#241));
#804=EDGE_LOOP('',(#242,#243,#244,#245));
#805=EDGE_LOOP('',(#246,#247,#248,#249));
#806=EDGE_LOOP('',(#250,#251,#252,#253));
#807=EDGE_LOOP('',(#254,#255,#256,#257));
#808=EDGE_LOOP('',(#258,#259,#260,#261));
#809=EDGE_LOOP('',(#262,#263,#264,#265));
#810=EDGE_LOOP('',(#266,#267,#268,#269));
#811=EDGE_LOOP('',(#270,#271,#272,#273));
#812=EDGE_LOOP('',(#274,#275,#276,#277));
#813=EDGE_LOOP('',(#278,#279,#280,#281));
#814=EDGE_LOOP('',(#282,#283,#284,#285));
#815=EDGE_LOOP('',(#286,#287,#288,#289));
#816=EDGE_LOOP('',(#290,#291,#292,#293));
#817=EDGE_LOOP('',(#294,#295,#296,#297));
#818=EDGE_LOOP('',(#298,#299,#300,#301));
#819=EDGE_LOOP('',(#302,#303,#304,#305));
#820=EDGE_LOOP('',(#306,#307,#308,#309));
#821=EDGE_LOOP('',(#310,#311,#312,#313));
#822=EDGE_LOOP('',(#314,#315,#316,#317));
#823=EDGE_LOOP('',(#318,#319,#320,#321));
#824=EDGE_LOOP('',(#322,#323,#324,#325));
#825=EDGE_LOOP('',(#326,#327,#328,#329));
#826=EDGE_LOOP('',(#330,#331,#332,#333));
#827=EDGE_LOOP('',(#334,#335,#336,#337));
#828=EDGE_LOOP('',(#338,#339,#340,#341));
#829=EDGE_LOOP('',(#342,#343,#344,#345));
#830=EDGE_LOOP('',(#346,#347,#348,#349));
#831=EDGE_LOOP('',(#350,#351,#352,#353));
#832=EDGE_LOOP('',(#354,#355,#356,#357));
#833=EDGE_LOOP('',(#358,#359,#360,#361));
#834=EDGE_LOOP('',(#362,#363,#364,#365));
#835=EDGE_LOOP('',(#366,#367,#368,#369));
#836=EDGE_LOOP('',(#370,#371,#372,#373));
#837=EDGE_LOOP('',(#374,#375,#376,#377));
#838=EDGE_LOOP('',(#378,#379,#380,#381));
#839=EDGE_LOOP('',(#382,#383,#384,#385));
#840=EDGE_LOOP('',(#386,#387,#388,#389));
#841=EDGE_LOOP('',(#390,#391,#392,#393));
#842=EDGE_LOOP('',(#394,#395,#396,#397));
#843=EDGE_LOOP('',(#398,#399,#400,#401));
#844=EDGE_LOOP('',(#402,#403,#404,#405));
#845=EDGE_LOOP('',(#406,#407,#408,#409));
#846=EDGE_LOOP('',(#410,#411,#412,#413));
#847=EDGE_LOOP('',(#414,#415,#416,#417,#418,#419,#420,#421,#422,#423,#424,
#425,#426,#427,#428,#429,#430,#431,#432,#433,#434,#435,#436,#437,#438,#439,
#440,#441,#442,#443,#444,#445,#446,#447,#448,#449,#450,#451,#452,#453));
#848=EDGE_LOOP('',(#454,#455,#456,#457));
#849=EDGE_LOOP('',(#458));
#850=EDGE_LOOP('',(#459));
#851=EDGE_LOOP('',(#460,#461,#462,#463,#464,#465,#466,#467,#468,#469,#470,
#471,#472,#473,#474,#475,#476,#477,#478,#479,#480,#481,#482,#483,#484,#485,
#486,#487,#488,#489,#490,#491,#492,#493,#494,#495,#496,#497,#498,#499));
#852=EDGE_LOOP('',(#500));
#853=FACE_BOUND('',#795,.T.);
#854=FACE_BOUND('',#796,.T.);
#855=FACE_BOUND('',#797,.T.);
#856=FACE_BOUND('',#798,.T.);
#857=FACE_BOUND('',#799,.T.);
#858=FACE_BOUND('',#800,.T.);
#859=FACE_BOUND('',#801,.T.);
#860=FACE_BOUND('',#802,.T.);
#861=FACE_BOUND('',#803,.T.);
#862=FACE_BOUND('',#804,.T.);
#863=FACE_BOUND('',#805,.T.);
#864=FACE_BOUND('',#806,.T.);
#865=FACE_BOUND('',#807,.T.);
#866=FACE_BOUND('',#808,.T.);
#867=FACE_BOUND('',#809,.T.);
#868=FACE_BOUND('',#810,.T.);
#869=FACE_BOUND('',#811,.T.);
#870=FACE_BOUND('',#812,.T.);
#871=FACE_BOUND('',#813,.T.);
#872=FACE_BOUND('',#814,.T.);
#873=FACE_BOUND('',#815,.T.);
#874=FACE_BOUND('',#816,.T.);
#875=FACE_BOUND('',#817,.T.);
#876=FACE_BOUND('',#818,.T.);
#877=FACE_BOUND('',#819,.T.);
#878=FACE_BOUND('',#820,.T.);
#879=FACE_BOUND('',#821,.T.);
#880=FACE_BOUND('',#822,.T.);
#881=FACE_BOUND('',#823,.T.);
#882=FACE_BOUND('',#824,.T.);
#883=FACE_BOUND('',#825,.T.);
#884=FACE_BOUND('',#826,.T.);
#885=FACE_BOUND('',#827,.T.);
#886=FACE_BOUND('',#828,.T.);
#887=FACE_BOUND('',#829,.T.);
#888=FACE_BOUND('',#830,.T.);
#889=FACE_BOUND('',#831,.T.);
#890=FACE_BOUND('',#832,.T.);
#891=FACE_BOUND('',#833,.T.);
#892=FACE_BOUND('',#834,.T.);
#893=FACE_BOUND('',#835,.T.);
#894=FACE_BOUND('',#836,.T.);
#895=FACE_BOUND('',#837,.T.);
#896=FACE_BOUND('',#838,.T.);
#897=FACE_BOUND('',#839,.T.);
#898=FACE_BOUND('',#840,.T.);
#899=FACE_BOUND('',#841,.T.);
#900=FACE_BOUND('',#842,.T.);
#901=FACE_BOUND('',#843,.T.);
#902=FACE_BOUND('',#844,.T.);
#903=FACE_BOUND('',#845,.T.);
#904=FACE_BOUND('',#846,.T.);
#905=FACE_BOUND('',#847,.T.);
#906=FACE_BOUND('',#848,.T.);
#907=FACE_BOUND('',#849,.T.);
#908=FACE_BOUND('',#850,.T.);
#909=FACE_BOUND('',#851,.T.);
#910=FACE_BOUND('',#852,.T.);
#911=PLANE('',#983);
#912=PLANE('',#991);
#913=PLANE('',#1092);
#914=PLANE('',#1095);
#915=PLANE('',#1100);
#916=PLANE('',#1101);
#917=PLANE('',#1104);
#918=ADVANCED_FACE('',(#853,#854,#855),#911,.F.);
#919=ADVANCED_FACE('',(#856),#72,.F.);
#920=ADVANCED_FACE('',(#857),#912,.F.);
#921=ADVANCED_FACE('',(#858),#73,.F.);
#922=ADVANCED_FACE('',(#859),#74,.F.);
#923=ADVANCED_FACE('',(#860),#52,.F.);
#924=ADVANCED_FACE('',(#861),#75,.F.);
#925=ADVANCED_FACE('',(#862),#53,.F.);
#926=ADVANCED_FACE('',(#863),#76,.F.);
#927=ADVANCED_FACE('',(#864),#54,.F.);
#928=ADVANCED_FACE('',(#865),#77,.F.);
#929=ADVANCED_FACE('',(#866),#55,.F.);
#930=ADVANCED_FACE('',(#867),#78,.F.);
#931=ADVANCED_FACE('',(#868),#56,.F.);
#932=ADVANCED_FACE('',(#869),#79,.F.);
#933=ADVANCED_FACE('',(#870),#57,.F.);
#934=ADVANCED_FACE('',(#871),#80,.F.);
#935=ADVANCED_FACE('',(#872),#58,.F.);
#936=ADVANCED_FACE('',(#873),#81,.F.);
#937=ADVANCED_FACE('',(#874),#59,.F.);
#938=ADVANCED_FACE('',(#875),#82,.F.);
#939=ADVANCED_FACE('',(#876),#60,.F.);
#940=ADVANCED_FACE('',(#877),#83,.F.);
#941=ADVANCED_FACE('',(#878),#61,.F.);
#942=ADVANCED_FACE('',(#879),#84,.F.);
#943=ADVANCED_FACE('',(#880),#62,.F.);
#944=ADVANCED_FACE('',(#881),#85,.F.);
#945=ADVANCED_FACE('',(#882),#63,.F.);
#946=ADVANCED_FACE('',(#883),#86,.F.);
#947=ADVANCED_FACE('',(#884),#64,.F.);
#948=ADVANCED_FACE('',(#885),#87,.F.);
#949=ADVANCED_FACE('',(#886),#65,.F.);
#950=ADVANCED_FACE('',(#887),#88,.F.);
#951=ADVANCED_FACE('',(#888),#66,.F.);
#952=ADVANCED_FACE('',(#889),#89,.F.);
#953=ADVANCED_FACE('',(#890),#67,.F.);
#954=ADVANCED_FACE('',(#891),#90,.F.);
#955=ADVANCED_FACE('',(#892),#68,.F.);
#956=ADVANCED_FACE('',(#893),#91,.F.);
#957=ADVANCED_FACE('',(#894),#69,.F.);
#958=ADVANCED_FACE('',(#895),#92,.F.);
#959=ADVANCED_FACE('',(#896),#70,.F.);
#960=ADVANCED_FACE('',(#897),#93,.F.);
#961=ADVANCED_FACE('',(#898),#913,.T.);
#962=ADVANCED_FACE('',(#899),#94,.T.);
#963=ADVANCED_FACE('',(#900),#914,.F.);
#964=ADVANCED_FACE('',(#901),#71,.F.);
#965=ADVANCED_FACE('',(#902),#95,.T.);
#966=ADVANCED_FACE('',(#903),#915,.T.);
#967=ADVANCED_FACE('',(#904,#905,#906),#916,.T.);
#968=ADVANCED_FACE('',(#907,#908),#96,.T.);
#969=ADVANCED_FACE('',(#909,#910),#917,.F.);
#970=CLOSED_SHELL('',(#918,#919,#920,#921,#922,#923,#924,#925,#926,#927,
#928,#929,#930,#931,#932,#933,#934,#935,#936,#937,#938,#939,#940,#941,#942,
#943,#944,#945,#946,#947,#948,#949,#950,#951,#952,#953,#954,#955,#956,#957,
#958,#959,#960,#961,#962,#963,#964,#965,#966,#967,#968,#969));
#971=STYLED_ITEM('',(#972),#979);
#972=PRESENTATION_STYLE_ASSIGNMENT((#973));
#973=SURFACE_STYLE_USAGE(.BOTH.,#974);
#974=SURFACE_SIDE_STYLE('',(#975));
#975=SURFACE_STYLE_FILL_AREA(#976);
#976=FILL_AREA_STYLE('',(#977));
#977=FILL_AREA_STYLE_COLOUR('',#978);
#978=COLOUR_RGB('',0.498039215686275,0.498039215686275,0.498039215686275);
#979=MANIFOLD_SOLID_BREP('Servo Connector',#970);
#980=SHAPE_DEFINITION_REPRESENTATION(#1890,#981);
#981=SHAPE_REPRESENTATION('Servo Connector',(#982),#1885);
#982=AXIS2_PLACEMENT_3D('',#1407,#1105,#1106);
#983=AXIS2_PLACEMENT_3D('',#1408,#1107,#1108);
#984=AXIS2_PLACEMENT_3D('',#1409,#1109,#1110);
#985=AXIS2_PLACEMENT_3D('',#1414,#1112,#1113);
#986=AXIS2_PLACEMENT_3D('',#1420,#1116,#1117);
#987=AXIS2_PLACEMENT_3D('',#1424,#1119,#1120);
#988=AXIS2_PLACEMENT_3D('',#1425,#1121,#1122);
#989=AXIS2_PLACEMENT_3D('',#1427,#1123,#1124);
#990=AXIS2_PLACEMENT_3D('',#1430,#1126,#1127);
#991=AXIS2_PLACEMENT_3D('',#1433,#1129,#1130);
#992=AXIS2_PLACEMENT_3D('',#1437,#1133,#1134);
#993=AXIS2_PLACEMENT_3D('',#1440,#1136,#1137);
#994=AXIS2_PLACEMENT_3D('',#1441,#1138,#1139);
#995=AXIS2_PLACEMENT_3D('',#1445,#1141,#1142);
#996=AXIS2_PLACEMENT_3D('',#1449,#1144,#1145);
#997=AXIS2_PLACEMENT_3D('',#1460,#1146,#1147);
#998=AXIS2_PLACEMENT_3D('',#1464,#1149,#1150);
#999=AXIS2_PLACEMENT_3D('',#1465,#1151,#1152);
#1000=AXIS2_PLACEMENT_3D('',#1466,#1153,#1154);
#1001=AXIS2_PLACEMENT_3D('',#1470,#1156,#1157);
#1002=AXIS2_PLACEMENT_3D('',#1481,#1158,#1159);
#1003=AXIS2_PLACEMENT_3D('',#1485,#1161,#1162);
#1004=AXIS2_PLACEMENT_3D('',#1486,#1163,#1164);
#1005=AXIS2_PLACEMENT_3D('',#1487,#1165,#1166);
#1006=AXIS2_PLACEMENT_3D('',#1491,#1168,#1169);
#1007=AXIS2_PLACEMENT_3D('',#1502,#1170,#1171);
#1008=AXIS2_PLACEMENT_3D('',#1506,#1173,#1174);
#1009=AXIS2_PLACEMENT_3D('',#1507,#1175,#1176);
#1010=AXIS2_PLACEMENT_3D('',#1508,#1177,#1178);
#1011=AXIS2_PLACEMENT_3D('',#1512,#1180,#1181);
#1012=AXIS2_PLACEMENT_3D('',#1523,#1182,#1183);
#1013=AXIS2_PLACEMENT_3D('',#1527,#1185,#1186);
#1014=AXIS2_PLACEMENT_3D('',#1528,#1187,#1188);
#1015=AXIS2_PLACEMENT_3D('',#1529,#1189,#1190);
#1016=AXIS2_PLACEMENT_3D('',#1533,#1192,#1193);
#1017=AXIS2_PLACEMENT_3D('',#1544,#1194,#1195);
#1018=AXIS2_PLACEMENT_3D('',#1548,#1197,#1198);
#1019=AXIS2_PLACEMENT_3D('',#1549,#1199,#1200);
#1020=AXIS2_PLACEMENT_3D('',#1550,#1201,#1202);
#1021=AXIS2_PLACEMENT_3D('',#1554,#1204,#1205);
#1022=AXIS2_PLACEMENT_3D('',#1565,#1206,#1207);
#1023=AXIS2_PLACEMENT_3D('',#1569,#1209,#1210);
#1024=AXIS2_PLACEMENT_3D('',#1570,#1211,#1212);
#1025=AXIS2_PLACEMENT_3D('',#1571,#1213,#1214);
#1026=AXIS2_PLACEMENT_3D('',#1575,#1216,#1217);
#1027=AXIS2_PLACEMENT_3D('',#1586,#1218,#1219);
#1028=AXIS2_PLACEMENT_3D('',#1590,#1221,#1222);
#1029=AXIS2_PLACEMENT_3D('',#1591,#1223,#1224);
#1030=AXIS2_PLACEMENT_3D('',#1592,#1225,#1226);
#1031=AXIS2_PLACEMENT_3D('',#1596,#1228,#1229);
#1032=AXIS2_PLACEMENT_3D('',#1607,#1230,#1231);
#1033=AXIS2_PLACEMENT_3D('',#1611,#1233,#1234);
#1034=AXIS2_PLACEMENT_3D('',#1612,#1235,#1236);
#1035=AXIS2_PLACEMENT_3D('',#1613,#1237,#1238);
#1036=AXIS2_PLACEMENT_3D('',#1617,#1240,#1241);
#1037=AXIS2_PLACEMENT_3D('',#1628,#1242,#1243);
#1038=AXIS2_PLACEMENT_3D('',#1632,#1245,#1246);
#1039=AXIS2_PLACEMENT_3D('',#1633,#1247,#1248);
#1040=AXIS2_PLACEMENT_3D('',#1634,#1249,#1250);
#1041=AXIS2_PLACEMENT_3D('',#1638,#1252,#1253);
#1042=AXIS2_PLACEMENT_3D('',#1649,#1254,#1255);
#1043=AXIS2_PLACEMENT_3D('',#1653,#1257,#1258);
#1044=AXIS2_PLACEMENT_3D('',#1654,#1259,#1260);
#1045=AXIS2_PLACEMENT_3D('',#1655,#1261,#1262);
#1046=AXIS2_PLACEMENT_3D('',#1659,#1264,#1265);
#1047=AXIS2_PLACEMENT_3D('',#1670,#1266,#1267);
#1048=AXIS2_PLACEMENT_3D('',#1674,#1269,#1270);
#1049=AXIS2_PLACEMENT_3D('',#1675,#1271,#1272);
#1050=AXIS2_PLACEMENT_3D('',#1676,#1273,#1274);
#1051=AXIS2_PLACEMENT_3D('',#1680,#1276,#1277);
#1052=AXIS2_PLACEMENT_3D('',#1691,#1278,#1279);
#1053=AXIS2_PLACEMENT_3D('',#1695,#1281,#1282);
#1054=AXIS2_PLACEMENT_3D('',#1696,#1283,#1284);
#1055=AXIS2_PLACEMENT_3D('',#1697,#1285,#1286);
#1056=AXIS2_PLACEMENT_3D('',#1701,#1288,#1289);
#1057=AXIS2_PLACEMENT_3D('',#1712,#1290,#1291);
#1058=AXIS2_PLACEMENT_3D('',#1716,#1293,#1294);
#1059=AXIS2_PLACEMENT_3D('',#1717,#1295,#1296);
#1060=AXIS2_PLACEMENT_3D('',#1718,#1297,#1298);
#1061=AXIS2_PLACEMENT_3D('',#1722,#1300,#1301);
#1062=AXIS2_PLACEMENT_3D('',#1733,#1302,#1303);
#1063=AXIS2_PLACEMENT_3D('',#1737,#1305,#1306);
#1064=AXIS2_PLACEMENT_3D('',#1738,#1307,#1308);
#1065=AXIS2_PLACEMENT_3D('',#1739,#1309,#1310);
#1066=AXIS2_PLACEMENT_3D('',#1743,#1312,#1313);
#1067=AXIS2_PLACEMENT_3D('',#1754,#1314,#1315);
#1068=AXIS2_PLACEMENT_3D('',#1758,#1317,#1318);
#1069=AXIS2_PLACEMENT_3D('',#1759,#1319,#1320);
#1070=AXIS2_PLACEMENT_3D('',#1760,#1321,#1322);
#1071=AXIS2_PLACEMENT_3D('',#1764,#1324,#1325);
#1072=AXIS2_PLACEMENT_3D('',#1775,#1326,#1327);
#1073=AXIS2_PLACEMENT_3D('',#1779,#1329,#1330);
#1074=AXIS2_PLACEMENT_3D('',#1780,#1331,#1332);
#1075=AXIS2_PLACEMENT_3D('',#1781,#1333,#1334);
#1076=AXIS2_PLACEMENT_3D('',#1785,#1336,#1337);
#1077=AXIS2_PLACEMENT_3D('',#1796,#1338,#1339);
#1078=AXIS2_PLACEMENT_3D('',#1800,#1341,#1342);
#1079=AXIS2_PLACEMENT_3D('',#1801,#1343,#1344);
#1080=AXIS2_PLACEMENT_3D('',#1802,#1345,#1346);
#1081=AXIS2_PLACEMENT_3D('',#1806,#1348,#1349);
#1082=AXIS2_PLACEMENT_3D('',#1817,#1350,#1351);
#1083=AXIS2_PLACEMENT_3D('',#1821,#1353,#1354);
#1084=AXIS2_PLACEMENT_3D('',#1822,#1355,#1356);
#1085=AXIS2_PLACEMENT_3D('',#1823,#1357,#1358);
#1086=AXIS2_PLACEMENT_3D('',#1827,#1360,#1361);
#1087=AXIS2_PLACEMENT_3D('',#1838,#1362,#1363);
#1088=AXIS2_PLACEMENT_3D('',#1842,#1365,#1366);
#1089=AXIS2_PLACEMENT_3D('',#1843,#1367,#1368);
#1090=AXIS2_PLACEMENT_3D('',#1844,#1369,#1370);
#1091=AXIS2_PLACEMENT_3D('',#1848,#1372,#1373);
#1092=AXIS2_PLACEMENT_3D('',#1849,#1374,#1375);
#1093=AXIS2_PLACEMENT_3D('',#1855,#1379,#1380);
#1094=AXIS2_PLACEMENT_3D('',#1858,#1382,#1383);
#1095=AXIS2_PLACEMENT_3D('',#1859,#1384,#1385);
#1096=AXIS2_PLACEMENT_3D('',#1873,#1388,#1389);
#1097=AXIS2_PLACEMENT_3D('',#1874,#1390,#1391);
#1098=AXIS2_PLACEMENT_3D('',#1875,#1392,#1393);
#1099=AXIS2_PLACEMENT_3D('',#1876,#1394,#1395);
#1100=AXIS2_PLACEMENT_3D('',#1877,#1396,#1397);
#1101=AXIS2_PLACEMENT_3D('',#1879,#1399,#1400);
#1102=AXIS2_PLACEMENT_3D('',#1880,#1401,#1402);
#1103=AXIS2_PLACEMENT_3D('',#1881,#1403,#1404);
#1104=AXIS2_PLACEMENT_3D('',#1883,#1405,#1406);
#1105=DIRECTION('',(0.,0.,1.));
#1106=DIRECTION('',(1.,0.,0.));
#1107=DIRECTION('',(1.,-2.77555756158744E-16,-5.55111512303126E-17));
#1108=DIRECTION('',(-5.55111512303126E-17,1.54074395549718E-32,-1.));
#1109=DIRECTION('',(1.,-2.77555756158744E-16,-5.55111512303126E-17));
#1110=DIRECTION('',(-2.77555756158744E-16,-1.,0.));
#1111=DIRECTION('',(5.19565693097826E-17,0.372777426685544,-0.927920788728059));
#1112=DIRECTION('',(1.,-2.77555756158744E-16,-5.55111512303126E-17));
#1113=DIRECTION('',(-2.77555756158744E-16,-1.,0.));
#1114=DIRECTION('',(5.19565693097826E-17,0.372777426685544,-0.92792078872806));
#1115=DIRECTION('',(7.08067795557192E-17,0.435177267375231,-0.900344792820965));
#1116=DIRECTION('',(1.,-2.77555756158744E-16,-5.55111512303126E-17));
#1117=DIRECTION('',(-2.77555756158744E-16,-1.,0.));
#1118=DIRECTION('',(3.28645440631524E-17,0.308642614366859,-0.951178078278085));
#1119=DIRECTION('',(1.,-2.77555756158744E-16,-5.55111512303126E-17));
#1120=DIRECTION('',(-2.77555756158744E-16,-1.,0.));
#1121=DIRECTION('',(1.,-2.77555756158744E-16,-5.55111512303126E-17));
#1122=DIRECTION('',(-2.77555756158744E-16,-1.,0.));
#1123=DIRECTION('',(-1.,2.77555756158744E-16,5.55111512303126E-17));
#1124=DIRECTION('',(2.77555756158744E-16,1.,0.));
#1125=DIRECTION('',(-1.,2.77555756158744E-16,5.55111512303126E-17));
#1126=DIRECTION('',(1.,-2.77555756158744E-16,-5.55111512303126E-17));
#1127=DIRECTION('',(-2.77555756158744E-16,-1.,0.));
#1128=DIRECTION('',(-1.,2.77555756158744E-16,5.55111512303126E-17));
#1129=DIRECTION('',(2.78243060278822E-16,0.92792078872806,0.372777426685544));
#1130=DIRECTION('',(0.,-0.372777426685544,0.92792078872806));
#1131=DIRECTION('',(-1.,2.77555756158744E-16,5.55111512303126E-17));
#1132=DIRECTION('',(5.19565693097826E-17,0.372777426685544,-0.92792078872806));
#1133=DIRECTION('',(-1.,2.77555756158744E-16,5.55111512303126E-17));
#1134=DIRECTION('',(2.77555756158744E-16,1.,0.));
#1135=DIRECTION('',(-1.,2.77555756158744E-16,5.55111512303126E-17));
#1136=DIRECTION('',(1.,-2.77555756158744E-16,-5.55111512303126E-17));
#1137=DIRECTION('',(-2.77555756158744E-16,-1.,0.));
#1138=DIRECTION('',(-1.,2.77555756158744E-16,5.55111512303126E-17));
#1139=DIRECTION('',(2.77555756158744E-16,1.,0.));
#1140=DIRECTION('',(-1.,2.77555756158744E-16,5.55111512303126E-17));
#1141=DIRECTION('',(1.,-2.77555756158745E-16,-5.55111512303128E-17));
#1142=DIRECTION('',(6.12030231763453E-17,-0.403502810888803,0.914978404993707));
#1143=DIRECTION('',(-1.,2.77555756158744E-16,5.55111512303126E-17));
#1144=DIRECTION('',(1.,-2.77555756158745E-16,-5.55111512303128E-17));
#1145=DIRECTION('',(6.12030231763453E-17,-0.403502810888803,0.914978404993707));
#1146=DIRECTION('',(1.,-2.77555756158745E-16,-5.55111512303128E-17));
#1147=DIRECTION('',(-2.8112509963749E-16,0.951056516295172,0.309016994374891));
#1148=DIRECTION('',(-1.,2.77555756158744E-16,5.55111512303126E-17));
#1149=DIRECTION('',(1.,-2.77555756158745E-16,-5.55111512303128E-17));
#1150=DIRECTION('',(-2.8112509963749E-16,0.951056516295172,0.309016994374891));
#1151=DIRECTION('',(-1.,2.77555756158744E-16,5.55111512303126E-17));
#1152=DIRECTION('',(2.77555756158744E-16,1.,0.));
#1153=DIRECTION('',(1.,-2.77555756158745E-16,-5.55111512303128E-17));
#1154=DIRECTION('',(-2.71912989407652E-17,-0.1010101010101,0.994885400181309));
#1155=DIRECTION('',(-1.,2.77555756158744E-16,5.55111512303126E-17));
#1156=DIRECTION('',(1.,-2.77555756158745E-16,-5.55111512303128E-17));
#1157=DIRECTION('',(-2.71912989407652E-17,-0.1010101010101,0.994885400181309));
#1158=DIRECTION('',(1.,-2.77555756158745E-16,-5.55111512303128E-17));
#1159=DIRECTION('',(-2.77555756158746E-16,1.,7.21644966006548E-16));
#1160=DIRECTION('',(-1.,2.77555756158744E-16,5.55111512303126E-17));
#1161=DIRECTION('',(1.,-2.77555756158745E-16,-5.55111512303128E-17));
#1162=DIRECTION('',(-2.77555756158746E-16,1.,7.21644966006548E-16));
#1163=DIRECTION('',(-1.,2.77555756158744E-16,5.55111512303126E-17));
#1164=DIRECTION('',(2.77555756158744E-16,1.,0.));
#1165=DIRECTION('',(1.,-2.77555756158745E-16,-5.55111512303128E-17));
#1166=DIRECTION('',(-1.12923947264654E-16,0.211370181334298,0.977406080624988));
#1167=DIRECTION('',(-1.,2.77555756158744E-16,5.55111512303126E-17));
#1168=DIRECTION('',(1.,-2.77555756158745E-16,-5.55111512303128E-17));
#1169=DIRECTION('',(-1.12923947264654E-16,0.211370181334298,0.977406080624988));
#1170=DIRECTION('',(1.,-2.77555756158745E-16,-5.55111512303128E-17));
#1171=DIRECTION('',(-2.46817321422528E-16,0.951056516295171,-0.309016994374889));
#1172=DIRECTION('',(-1.,2.77555756158744E-16,5.55111512303126E-17));
#1173=DIRECTION('',(1.,-2.77555756158745E-16,-5.55111512303128E-17));
#1174=DIRECTION('',(-2.46817321422528E-16,0.951056516295171,-0.309016994374889));
#1175=DIRECTION('',(-1.,2.77555756158744E-16,5.55111512303126E-17));
#1176=DIRECTION('',(2.77555756158744E-16,1.,0.));
#1177=DIRECTION('',(1.,-2.77555756158745E-16,-5.55111512303128E-17));
#1178=DIRECTION('',(-1.87602812842859E-16,0.503060077626997,0.864251443908494));
#1179=DIRECTION('',(-1.,2.77555756158744E-16,5.55111512303126E-17));
#1180=DIRECTION('',(1.,-2.77555756158745E-16,-5.55111512303128E-17));
#1181=DIRECTION('',(-1.87602812842859E-16,0.503060077626997,0.864251443908494));
#1182=DIRECTION('',(1.,-2.77555756158745E-16,-5.55111512303128E-17));
#1183=DIRECTION('',(-1.91918687588049E-16,0.809016994374917,-0.587785252292511));
#1184=DIRECTION('',(-1.,2.77555756158744E-16,5.55111512303126E-17));
#1185=DIRECTION('',(1.,-2.77555756158745E-16,-5.55111512303128E-17));
#1186=DIRECTION('',(-1.91918687588049E-16,0.809016994374917,-0.587785252292511));
#1187=DIRECTION('',(-1.,2.77555756158744E-16,5.55111512303126E-17));
#1188=DIRECTION('',(2.77555756158744E-16,1.,0.));
#1189=DIRECTION('',(1.,-2.77555756158745E-16,-5.55111512303128E-17));
#1190=DIRECTION('',(-2.43917807994345E-16,0.745506948495882,0.666497854268383));
#1191=DIRECTION('',(-1.,2.77555756158744E-16,5.55111512303126E-17));
#1192=DIRECTION('',(1.,-2.77555756158745E-16,-5.55111512303128E-17));
#1193=DIRECTION('',(-2.43917807994345E-16,0.745506948495882,0.666497854268383));
#1194=DIRECTION('',(1.,-2.77555756158745E-16,-5.55111512303128E-17));
#1195=DIRECTION('',(-1.18233715436368E-16,0.587785252292512,-0.809016994374915));
#1196=DIRECTION('',(-1.,2.77555756158744E-16,5.55111512303126E-17));
#1197=DIRECTION('',(1.,-2.77555756158745E-16,-5.55111512303128E-17));
#1198=DIRECTION('',(-1.18233715436368E-16,0.587785252292512,-0.809016994374915));
#1199=DIRECTION('',(-1.,2.77555756158744E-16,5.55111512303126E-17));
#1200=DIRECTION('',(2.77555756158744E-16,1.,0.));
#1201=DIRECTION('',(1.,-2.77555756158745E-16,-5.55111512303128E-17));
#1202=DIRECTION('',(-2.76356428624057E-16,0.91497840499371,0.403502810888804));
#1203=DIRECTION('',(-1.,2.77555756158744E-16,5.55111512303126E-17));
#1204=DIRECTION('',(1.,-2.77555756158745E-16,-5.55111512303128E-17));
#1205=DIRECTION('',(-2.76356428624057E-16,0.91497840499371,0.403502810888804));
#1206=DIRECTION('',(1.,-2.77555756158745E-16,-5.55111512303128E-17));
#1207=DIRECTION('',(-3.29752034349899E-17,0.30901699437489,-0.951056516295169));
#1208=DIRECTION('',(-1.,2.77555756158744E-16,5.55111512303126E-17));
#1209=DIRECTION('',(1.,-2.77555756158745E-16,-5.55111512303128E-17));
#1210=DIRECTION('',(-3.29752034349899E-17,0.30901699437489,-0.951056516295169));
#1211=DIRECTION('',(-1.,2.77555756158744E-16,5.55111512303126E-17));
#1212=DIRECTION('',(2.77555756158744E-16,1.,0.));
#1213=DIRECTION('',(1.,-2.77555756158745E-16,-5.55111512303128E-17));
#1214=DIRECTION('',(-2.81743356531582E-16,0.994885400181312,0.101010101010102));
#1215=DIRECTION('',(-1.,2.77555756158744E-16,5.55111512303126E-17));
#1216=DIRECTION('',(1.,-2.77555756158745E-16,-5.55111512303128E-17));
#1217=DIRECTION('',(-2.81743356531582E-16,0.994885400181312,0.101010101010102));
#1218=DIRECTION('',(1.,-2.77555756158745E-16,-5.55111512303128E-17));
#1219=DIRECTION('',(5.55111512303129E-17,-7.21644966006548E-16,-1.));
#1220=DIRECTION('',(-1.,2.77555756158744E-16,5.55111512303126E-17));
#1221=DIRECTION('',(1.,-2.77555756158745E-16,-5.55111512303128E-17));
#1222=DIRECTION('',(5.55111512303129E-17,-7.21644966006548E-16,-1.));
#1223=DIRECTION('',(-1.,2.77555756158744E-16,5.55111512303126E-17));
#1224=DIRECTION('',(2.77555756158744E-16,1.,0.));
#1225=DIRECTION('',(1.,-2.77555756158745E-16,-5.55111512303128E-17));
#1226=DIRECTION('',(-2.59551281680398E-16,0.97740608062499,-0.211370181334296));
#1227=DIRECTION('',(-1.,2.77555756158744E-16,5.55111512303126E-17));
#1228=DIRECTION('',(1.,-2.77555756158745E-16,-5.55111512303128E-17));
#1229=DIRECTION('',(-2.59551281680398E-16,0.97740608062499,-0.211370181334296));
#1230=DIRECTION('',(1.,-2.77555756158745E-16,-5.55111512303128E-17));
#1231=DIRECTION('',(1.38563687644262E-16,-0.309016994374891,-0.951056516295169));
#1232=DIRECTION('',(-1.,2.77555756158744E-16,5.55111512303126E-17));
#1233=DIRECTION('',(1.,-2.77555756158745E-16,-5.55111512303128E-17));
#1234=DIRECTION('',(1.38563687644262E-16,-0.309016994374891,-0.951056516295169));
#1235=DIRECTION('',(-1.,2.77555756158744E-16,5.55111512303126E-17));
#1236=DIRECTION('',(2.77555756158744E-16,1.,0.));
#1237=DIRECTION('',(1.,-2.77555756158745E-16,-5.55111512303128E-17));
#1238=DIRECTION('',(-2.11952518978225E-16,0.864251443908495,-0.503060077626995));
#1239=DIRECTION('',(-1.,2.77555756158744E-16,5.55111512303126E-17));
#1240=DIRECTION('',(1.,-2.77555756158745E-16,-5.55111512303128E-17));
#1241=DIRECTION('',(-2.11952518978225E-16,0.864251443908495,-0.503060077626995));
#1242=DIRECTION('',(1.,-2.77555756158745E-16,-5.55111512303128E-17));
#1243=DIRECTION('',(2.08052644881647E-16,-0.587785252292513,-0.809016994374916));
#1244=DIRECTION('',(-1.,2.77555756158744E-16,5.55111512303126E-17));
#1245=DIRECTION('',(1.,-2.77555756158745E-16,-5.55111512303128E-17));
#1246=DIRECTION('',(2.08052644881647E-16,-0.587785252292513,-0.809016994374916));
#1247=DIRECTION('',(-1.,2.77555756158744E-16,5.55111512303126E-17));
#1248=DIRECTION('',(2.77555756158744E-16,1.,0.));
#1249=DIRECTION('',(1.,-2.77555756158745E-16,-5.55111512303128E-17));
#1250=DIRECTION('',(-1.43606366958439E-16,0.666497854268383,-0.745506948495879));
#1251=DIRECTION('',(-1.,2.77555756158744E-16,5.55111512303126E-17));
#1252=DIRECTION('',(1.,-2.77555756158745E-16,-5.55111512303128E-17));
#1253=DIRECTION('',(-1.43606366958439E-16,0.666497854268383,-0.745506948495879));
#1254=DIRECTION('',(1.,-2.77555756158745E-16,-5.55111512303128E-17));
#1255=DIRECTION('',(2.57175959649963E-16,-0.809016994374918,-0.587785252292512));
#1256=DIRECTION('',(-1.,2.77555756158744E-16,5.55111512303126E-17));
#1257=DIRECTION('',(1.,-2.77555756158745E-16,-5.55111512303128E-17));
#1258=DIRECTION('',(2.57175959649963E-16,-0.809016994374918,-0.587785252292512));
#1259=DIRECTION('',(-1.,2.77555756158744E-16,5.55111512303126E-17));
#1260=DIRECTION('',(2.77555756158744E-16,1.,0.));
#1261=DIRECTION('',(1.,-2.77555756158745E-16,-5.55111512303128E-17));
#1262=DIRECTION('',(-6.12030231763453E-17,0.403502810888803,-0.914978404993707));
#1263=DIRECTION('',(-1.,2.77555756158744E-16,5.55111512303126E-17));
#1264=DIRECTION('',(1.,-2.77555756158745E-16,-5.55111512303128E-17));
#1265=DIRECTION('',(-6.12030231763453E-17,0.403502810888803,-0.914978404993707));
#1266=DIRECTION('',(1.,-2.77555756158745E-16,-5.55111512303128E-17));
#1267=DIRECTION('',(2.8112509963749E-16,-0.951056516295172,-0.309016994374891));
#1268=DIRECTION('',(-1.,2.77555756158744E-16,5.55111512303126E-17));
#1269=DIRECTION('',(1.,-2.77555756158745E-16,-5.55111512303128E-17));
#1270=DIRECTION('',(2.8112509963749E-16,-0.951056516295172,-0.309016994374891));
#1271=DIRECTION('',(-1.,2.77555756158744E-16,5.55111512303126E-17));
#1272=DIRECTION('',(2.77555756158744E-16,1.,0.));
#1273=DIRECTION('',(1.,-2.77555756158745E-16,-5.55111512303128E-17));
#1274=DIRECTION('',(2.71912989407652E-17,0.1010101010101,-0.994885400181309));
#1275=DIRECTION('',(-1.,2.77555756158744E-16,5.55111512303126E-17));
#1276=DIRECTION('',(1.,-2.77555756158745E-16,-5.55111512303128E-17));
#1277=DIRECTION('',(2.71912989407652E-17,0.1010101010101,-0.994885400181309));
#1278=DIRECTION('',(1.,-2.77555756158745E-16,-5.55111512303128E-17));
#1279=DIRECTION('',(2.77555756158746E-16,-1.,-7.21644966006548E-16));
#1280=DIRECTION('',(-1.,2.77555756158744E-16,5.55111512303126E-17));
#1281=DIRECTION('',(1.,-2.77555756158745E-16,-5.55111512303128E-17));
#1282=DIRECTION('',(2.77555756158746E-16,-1.,-7.21644966006548E-16));
#1283=DIRECTION('',(-1.,2.77555756158744E-16,5.55111512303126E-17));
#1284=DIRECTION('',(2.77555756158744E-16,1.,0.));
#1285=DIRECTION('',(1.,-2.77555756158745E-16,-5.55111512303128E-17));
#1286=DIRECTION('',(1.12923947264654E-16,-0.211370181334298,-0.977406080624988));
#1287=DIRECTION('',(-1.,2.77555756158744E-16,5.55111512303126E-17));
#1288=DIRECTION('',(1.,-2.77555756158745E-16,-5.55111512303128E-17));
#1289=DIRECTION('',(1.12923947264654E-16,-0.211370181334298,-0.977406080624988));
#1290=DIRECTION('',(1.,-2.77555756158745E-16,-5.55111512303128E-17));
#1291=DIRECTION('',(2.46817321422528E-16,-0.951056516295171,0.309016994374889));
#1292=DIRECTION('',(-1.,2.77555756158744E-16,5.55111512303126E-17));
#1293=DIRECTION('',(1.,-2.77555756158745E-16,-5.55111512303128E-17));
#1294=DIRECTION('',(2.46817321422528E-16,-0.951056516295171,0.309016994374889));
#1295=DIRECTION('',(-1.,2.77555756158744E-16,5.55111512303126E-17));
#1296=DIRECTION('',(2.77555756158744E-16,1.,0.));
#1297=DIRECTION('',(1.,-2.77555756158745E-16,-5.55111512303128E-17));
#1298=DIRECTION('',(1.87602812842859E-16,-0.503060077626997,-0.864251443908494));
#1299=DIRECTION('',(-1.,2.77555756158744E-16,5.55111512303126E-17));
#1300=DIRECTION('',(1.,-2.77555756158745E-16,-5.55111512303128E-17));
#1301=DIRECTION('',(1.87602812842859E-16,-0.503060077626997,-0.864251443908494));
#1302=DIRECTION('',(1.,-2.77555756158745E-16,-5.55111512303128E-17));
#1303=DIRECTION('',(1.91918687588049E-16,-0.809016994374917,0.587785252292511));
#1304=DIRECTION('',(-1.,2.77555756158744E-16,5.55111512303126E-17));
#1305=DIRECTION('',(1.,-2.77555756158745E-16,-5.55111512303128E-17));
#1306=DIRECTION('',(1.91918687588049E-16,-0.809016994374917,0.587785252292511));
#1307=DIRECTION('',(-1.,2.77555756158744E-16,5.55111512303126E-17));
#1308=DIRECTION('',(2.77555756158744E-16,1.,0.));
#1309=DIRECTION('',(1.,-2.77555756158745E-16,-5.55111512303128E-17));
#1310=DIRECTION('',(2.43917807994345E-16,-0.745506948495882,-0.666497854268383));
#1311=DIRECTION('',(-1.,2.77555756158744E-16,5.55111512303126E-17));
#1312=DIRECTION('',(1.,-2.77555756158745E-16,-5.55111512303128E-17));
#1313=DIRECTION('',(2.43917807994345E-16,-0.745506948495882,-0.666497854268383));
#1314=DIRECTION('',(1.,-2.77555756158745E-16,-5.55111512303128E-17));
#1315=DIRECTION('',(1.18233715436368E-16,-0.587785252292512,0.809016994374915));
#1316=DIRECTION('',(-1.,2.77555756158744E-16,5.55111512303126E-17));
#1317=DIRECTION('',(1.,-2.77555756158745E-16,-5.55111512303128E-17));
#1318=DIRECTION('',(1.18233715436368E-16,-0.587785252292512,0.809016994374915));
#1319=DIRECTION('',(-1.,2.77555756158744E-16,5.55111512303126E-17));
#1320=DIRECTION('',(2.77555756158744E-16,1.,0.));
#1321=DIRECTION('',(1.,-2.77555756158745E-16,-5.55111512303128E-17));
#1322=DIRECTION('',(2.76356428624057E-16,-0.91497840499371,-0.403502810888804));
#1323=DIRECTION('',(-1.,2.77555756158744E-16,5.55111512303126E-17));
#1324=DIRECTION('',(1.,-2.77555756158745E-16,-5.55111512303128E-17));
#1325=DIRECTION('',(2.76356428624057E-16,-0.91497840499371,-0.403502810888804));
#1326=DIRECTION('',(1.,-2.77555756158745E-16,-5.55111512303128E-17));
#1327=DIRECTION('',(3.29752034349899E-17,-0.30901699437489,0.951056516295169));
#1328=DIRECTION('',(-1.,2.77555756158744E-16,5.55111512303126E-17));
#1329=DIRECTION('',(1.,-2.77555756158745E-16,-5.55111512303128E-17));
#1330=DIRECTION('',(3.29752034349899E-17,-0.30901699437489,0.951056516295169));
#1331=DIRECTION('',(-1.,2.77555756158744E-16,5.55111512303126E-17));
#1332=DIRECTION('',(2.77555756158744E-16,1.,0.));
#1333=DIRECTION('',(1.,-2.77555756158745E-16,-5.55111512303128E-17));
#1334=DIRECTION('',(2.81743356531582E-16,-0.994885400181312,-0.101010101010102));
#1335=DIRECTION('',(-1.,2.77555756158744E-16,5.55111512303126E-17));
#1336=DIRECTION('',(1.,-2.77555756158745E-16,-5.55111512303128E-17));
#1337=DIRECTION('',(2.81743356531582E-16,-0.994885400181312,-0.101010101010102));
#1338=DIRECTION('',(1.,-2.77555756158745E-16,-5.55111512303128E-17));
#1339=DIRECTION('',(-5.55111512303129E-17,7.21644966006548E-16,1.));
#1340=DIRECTION('',(-1.,2.77555756158744E-16,5.55111512303126E-17));
#1341=DIRECTION('',(1.,-2.77555756158745E-16,-5.55111512303128E-17));
#1342=DIRECTION('',(-5.55111512303129E-17,7.21644966006548E-16,1.));
#1343=DIRECTION('',(-1.,2.77555756158744E-16,5.55111512303126E-17));
#1344=DIRECTION('',(2.77555756158744E-16,1.,0.));
#1345=DIRECTION('',(1.,-2.77555756158745E-16,-5.55111512303128E-17));
#1346=DIRECTION('',(2.59551281680398E-16,-0.97740608062499,0.211370181334296));
#1347=DIRECTION('',(-1.,2.77555756158744E-16,5.55111512303126E-17));
#1348=DIRECTION('',(1.,-2.77555756158745E-16,-5.55111512303128E-17));
#1349=DIRECTION('',(2.59551281680398E-16,-0.97740608062499,0.211370181334296));
#1350=DIRECTION('',(1.,-2.77555756158745E-16,-5.55111512303128E-17));
#1351=DIRECTION('',(-1.38563687644262E-16,0.309016994374891,0.951056516295169));
#1352=DIRECTION('',(-1.,2.77555756158744E-16,5.55111512303126E-17));
#1353=DIRECTION('',(1.,-2.77555756158745E-16,-5.55111512303128E-17));
#1354=DIRECTION('',(-1.38563687644262E-16,0.309016994374891,0.951056516295169));
#1355=DIRECTION('',(-1.,2.77555756158744E-16,5.55111512303126E-17));
#1356=DIRECTION('',(2.77555756158744E-16,1.,0.));
#1357=DIRECTION('',(1.,-2.77555756158745E-16,-5.55111512303128E-17));
#1358=DIRECTION('',(2.11952518978225E-16,-0.864251443908495,0.503060077626995));
#1359=DIRECTION('',(-1.,2.77555756158744E-16,5.55111512303126E-17));
#1360=DIRECTION('',(1.,-2.77555756158745E-16,-5.55111512303128E-17));
#1361=DIRECTION('',(2.11952518978225E-16,-0.864251443908495,0.503060077626995));
#1362=DIRECTION('',(1.,-2.77555756158745E-16,-5.55111512303128E-17));
#1363=DIRECTION('',(-2.08052644881647E-16,0.587785252292513,0.809016994374916));
#1364=DIRECTION('',(-1.,2.77555756158744E-16,5.55111512303126E-17));
#1365=DIRECTION('',(1.,-2.77555756158745E-16,-5.55111512303128E-17));
#1366=DIRECTION('',(-2.08052644881647E-16,0.587785252292513,0.809016994374916));
#1367=DIRECTION('',(-1.,2.77555756158744E-16,5.55111512303126E-17));
#1368=DIRECTION('',(2.77555756158744E-16,1.,0.));
#1369=DIRECTION('',(1.,-2.77555756158745E-16,-5.55111512303128E-17));
#1370=DIRECTION('',(1.43606366958439E-16,-0.666497854268383,0.745506948495879));
#1371=DIRECTION('',(-1.,2.77555756158744E-16,5.55111512303126E-17));
#1372=DIRECTION('',(1.,-2.77555756158745E-16,-5.55111512303128E-17));
#1373=DIRECTION('',(1.43606366958439E-16,-0.666497854268383,0.745506948495879));
#1374=DIRECTION('',(2.74053070876271E-16,0.900344792820965,0.435177267375231));
#1375=DIRECTION('',(0.,-0.435177267375231,0.900344792820965));
#1376=DIRECTION('',(-1.,2.77555756158744E-16,5.55111512303126E-17));
#1377=DIRECTION('',(7.08067795557192E-17,0.435177267375231,-0.900344792820965));
#1378=DIRECTION('',(-1.,2.77555756158744E-16,5.55111512303126E-17));
#1379=DIRECTION('',(-1.,2.77555756158744E-16,5.55111512303126E-17));
#1380=DIRECTION('',(2.77555756158744E-16,1.,0.));
#1381=DIRECTION('',(-1.,2.77555756158744E-16,5.55111512303126E-17));
#1382=DIRECTION('',(1.,-2.77555756158744E-16,-5.55111512303126E-17));
#1383=DIRECTION('',(-2.77555756158744E-16,-1.,0.));
#1384=DIRECTION('',(2.81138057600333E-16,0.951178078278085,0.308642614366859));
#1385=DIRECTION('',(0.,-0.308642614366859,0.951178078278085));
#1386=DIRECTION('',(-1.,2.77555756158744E-16,5.55111512303126E-17));
#1387=DIRECTION('',(3.28645440631524E-17,0.308642614366859,-0.951178078278085));
#1388=DIRECTION('',(1.,-2.77555756158745E-16,-5.55111512303128E-17));
#1389=DIRECTION('',(-2.57175959649963E-16,0.809016994374918,0.587785252292512));
#1390=DIRECTION('',(1.,-2.77555756158745E-16,-5.55111512303128E-17));
#1391=DIRECTION('',(-2.57175959649963E-16,0.809016994374918,0.587785252292512));
#1392=DIRECTION('',(-1.,2.77555756158744E-16,5.55111512303126E-17));
#1393=DIRECTION('',(2.77555756158744E-16,1.,0.));
#1394=DIRECTION('',(1.,-2.77555756158744E-16,-5.55111512303126E-17));
#1395=DIRECTION('',(-2.77555756158744E-16,-1.,0.));
#1396=DIRECTION('',(2.78243060278822E-16,0.927920788728059,0.372777426685544));
#1397=DIRECTION('',(0.,-0.372777426685544,0.92792078872806));
#1398=DIRECTION('',(5.19565693097826E-17,0.372777426685544,-0.927920788728059));
#1399=DIRECTION('',(1.,-2.77555756158744E-16,-5.55111512303126E-17));
#1400=DIRECTION('',(-5.55111512303126E-17,1.54074395549718E-32,-1.));
#1401=DIRECTION('',(-1.,2.77555756158744E-16,5.55111512303126E-17));
#1402=DIRECTION('',(2.77555756158744E-16,1.,0.));
#1403=DIRECTION('',(1.,-2.77555756158744E-16,-5.55111512303126E-17));
#1404=DIRECTION('',(-2.77555756158744E-16,-1.,0.));
#1405=DIRECTION('',(1.,-2.77555756158744E-16,-5.55111512303126E-17));
#1406=DIRECTION('',(-5.55111512303126E-17,1.54074395549718E-32,-1.));
#1407=CARTESIAN_POINT('',(0.,0.,0.));
#1408=CARTESIAN_POINT('',(0.169549040000001,-0.00854257741248858,0.318082116176008));
#1409=CARTESIAN_POINT('',(0.169549040000001,-0.0148931416060295,0.329164257352017));
#1410=CARTESIAN_POINT('',(0.169549040000001,-0.0130373000285734,0.329909812205388));
#1411=CARTESIAN_POINT('',(0.169549040000001,-0.0167489831834856,0.328418702498646));
#1412=CARTESIAN_POINT('',(0.169549040000001,-0.0141462322504524,0.321939912406347));
#1413=CARTESIAN_POINT('',(0.169549040000001,-0.0128348202032874,0.318675534217001));
#1414=CARTESIAN_POINT('',(0.169549040000001,-0.0109789786258313,0.319421089070372));
#1415=CARTESIAN_POINT('',(0.169549040000001,-0.0091231370483752,0.320166643923743));
#1416=CARTESIAN_POINT('',(0.169549040000001,-0.0104345490955402,0.323431022113089));
#1417=CARTESIAN_POINT('',(0.169549040000001,-0.006515952146589,0.32102422069604));
#1418=CARTESIAN_POINT('',(0.169549040000001,-0.0112917624347457,0.330904966421518));
#1419=CARTESIAN_POINT('',(0.169549040000001,-0.00174014185843228,0.311143474970563));
#1420=CARTESIAN_POINT('',(0.169549040000001,-0.00669203821894762,0.30875));
#1421=CARTESIAN_POINT('',(0.169549040000001,-0.0119235176494771,0.307052465620981));
#1422=CARTESIAN_POINT('',(0.169549040000001,-0.0153106857843095,0.317491076257765));
#1423=CARTESIAN_POINT('',(0.169549040000001,-0.0186978539191419,0.327929686894549));
#1424=CARTESIAN_POINT('',(0.169549040000001,-0.0148931416060297,0.329164257352017));
#1425=CARTESIAN_POINT('',(0.169549040000001,-0.0066920382189476,0.30875));
#1426=CARTESIAN_POINT('',(0.169549040000001,-0.0106920382189476,0.30875));
#1427=CARTESIAN_POINT('',(0.17204904,-0.0148931416060295,0.329164257352017));
#1428=CARTESIAN_POINT('',(0.17204904,-0.0130373000285734,0.329909812205388));
#1429=CARTESIAN_POINT('',(0.17204904,-0.0130373000285734,0.329909812205388));
#1430=CARTESIAN_POINT('',(0.17204904,-0.0148931416060295,0.329164257352017));
#1431=CARTESIAN_POINT('',(0.17204904,-0.0167489831834856,0.328418702498646));
#1432=CARTESIAN_POINT('',(0.17204904,-0.0167489831834856,0.328418702498646));
#1433=CARTESIAN_POINT('',(0.17204904,-0.0104345490955402,0.323431022113089));
#1434=CARTESIAN_POINT('',(0.17204904,-0.0091231370483752,0.320166643923743));
#1435=CARTESIAN_POINT('',(0.17204904,-0.0091231370483752,0.320166643923743));
#1436=CARTESIAN_POINT('',(0.17204904,-0.0104345490955402,0.323431022113089));
#1437=CARTESIAN_POINT('',(0.17204904,-0.0109789786258313,0.319421089070372));
#1438=CARTESIAN_POINT('',(0.17204904,-0.0128348202032874,0.318675534217001));
#1439=CARTESIAN_POINT('',(0.17204904,-0.0128348202032874,0.318675534217001));
#1440=CARTESIAN_POINT('',(0.17204904,-0.0109789786258313,0.319421089070372));
#1441=CARTESIAN_POINT('',(0.17204904,-0.0066920382189476,0.30875));
#1442=CARTESIAN_POINT('',(0.17204904,-0.00793711191107442,0.310889022323673));
#1443=CARTESIAN_POINT('',(0.17204904,-0.00793711191107442,0.310889022323673));
#1444=CARTESIAN_POINT('',(0.162549040000001,-0.00793711191107442,0.310889022323673));
#1445=CARTESIAN_POINT('',(0.162549040000001,-0.0066920382189476,0.30875));
#1446=CARTESIAN_POINT('',(0.162549040000001,-0.00769070767589752,0.311014571552359));
#1447=CARTESIAN_POINT('',(0.17204904,-0.00769070767589752,0.311014571552359));
#1448=CARTESIAN_POINT('',(0.17204904,-0.00769070767589752,0.311014571552359));
#1449=CARTESIAN_POINT('',(0.17204904,-0.0066920382189476,0.30875));
#1450=CARTESIAN_POINT('',(0.17204904,-0.00769070767589746,0.311014571552359));
#1451=CARTESIAN_POINT('',(0.162549040000001,-0.00769070767589746,0.311014571552359));
#1452=CARTESIAN_POINT('',(0.17204904,-0.00766643753791358,0.31093987574824));
#1453=CARTESIAN_POINT('',(0.162549040000001,-0.00766643753791358,0.31093987574824));
#1454=CARTESIAN_POINT('',(0.17204904,-0.00738450858649544,0.310881204650182));
#1455=CARTESIAN_POINT('',(0.162549040000001,-0.00738450858649544,0.310881204650182));
#1456=CARTESIAN_POINT('',(0.17204904,-0.00719090927976573,0.311094384245427));
#1457=CARTESIAN_POINT('',(0.162549040000001,-0.00719090927976573,0.311094384245427));
#1458=CARTESIAN_POINT('',(0.17204904,-0.00721517941774981,0.311169080049546));
#1459=CARTESIAN_POINT('',(0.162549040000001,-0.0072151794177498,0.311169080049546));
#1460=CARTESIAN_POINT('',(0.162549040000001,-0.0074529435468236,0.311091825800952));
#1461=CARTESIAN_POINT('',(0.162549040000001,-0.00721517941774974,0.311169080049546));
#1462=CARTESIAN_POINT('',(0.17204904,-0.00721517941774974,0.311169080049546));
#1463=CARTESIAN_POINT('',(0.17204904,-0.00721517941774974,0.311169080049546));
#1464=CARTESIAN_POINT('',(0.17204904,-0.0074529435468236,0.311091825800952));
#1465=CARTESIAN_POINT('',(0.17204904,-0.0066920382189476,0.30875));
#1466=CARTESIAN_POINT('',(0.162549040000001,-0.0066920382189476,0.30875));
#1467=CARTESIAN_POINT('',(0.162549040000001,-0.0069420382189476,0.311212341365448));
#1468=CARTESIAN_POINT('',(0.17204904,-0.0069420382189476,0.311212341365448));
#1469=CARTESIAN_POINT('',(0.17204904,-0.0069420382189476,0.311212341365448));
#1470=CARTESIAN_POINT('',(0.17204904,-0.0066920382189476,0.30875));
#1471=CARTESIAN_POINT('',(0.17204904,-0.0069420382189476,0.311212341365448));
#1472=CARTESIAN_POINT('',(0.162549040000001,-0.0069420382189476,0.311212341365448));
#1473=CARTESIAN_POINT('',(0.17204904,-0.0069420382189476,0.311133801549108));
#1474=CARTESIAN_POINT('',(0.162549040000001,-0.0069420382189476,0.311133801549108));
#1475=CARTESIAN_POINT('',(0.172049040000001,-0.0066920382189476,0.310990881181788));
#1476=CARTESIAN_POINT('',(0.162549040000001,-0.0066920382189476,0.310990881181788));
#1477=CARTESIAN_POINT('',(0.17204904,-0.0064420382189476,0.311133801549108));
#1478=CARTESIAN_POINT('',(0.162549040000001,-0.0064420382189476,0.311133801549108));
#1479=CARTESIAN_POINT('',(0.17204904,-0.0064420382189476,0.311212341365448));
#1480=CARTESIAN_POINT('',(0.162549040000001,-0.0064420382189476,0.311212341365448));
#1481=CARTESIAN_POINT('',(0.162549040000001,-0.0066920382189476,0.311212341365448));
#1482=CARTESIAN_POINT('',(0.162549040000001,-0.0064420382189476,0.311212341365448));
#1483=CARTESIAN_POINT('',(0.17204904,-0.0064420382189476,0.311212341365448));
#1484=CARTESIAN_POINT('',(0.17204904,-0.0064420382189476,0.311212341365448));
#1485=CARTESIAN_POINT('',(0.17204904,-0.0066920382189476,0.311212341365448));
#1486=CARTESIAN_POINT('',(0.17204904,-0.0066920382189476,0.30875));
#1487=CARTESIAN_POINT('',(0.162549040000001,-0.0066920382189476,0.30875));
#1488=CARTESIAN_POINT('',(0.162549040000001,-0.00616889702014548,0.311169080049546));
#1489=CARTESIAN_POINT('',(0.17204904,-0.00616889702014548,0.311169080049546));
#1490=CARTESIAN_POINT('',(0.17204904,-0.00616889702014548,0.311169080049546));
#1491=CARTESIAN_POINT('',(0.17204904,-0.0066920382189476,0.30875));
#1492=CARTESIAN_POINT('',(0.17204904,-0.00616889702014534,0.311169080049546));
#1493=CARTESIAN_POINT('',(0.162549040000001,-0.00616889702014533,0.311169080049546));
#1494=CARTESIAN_POINT('',(0.17204904,-0.00619316715812956,0.311094384245427));
#1495=CARTESIAN_POINT('',(0.162549040000001,-0.00619316715812956,0.311094384245427));
#1496=CARTESIAN_POINT('',(0.17204904,-0.00599956785140023,0.310881204650182));
#1497=CARTESIAN_POINT('',(0.162549040000001,-0.00599956785140023,0.310881204650182));
#1498=CARTESIAN_POINT('',(0.17204904,-0.00571763889998188,0.31093987574824));
#1499=CARTESIAN_POINT('',(0.162549040000001,-0.00571763889998188,0.31093987574824));
#1500=CARTESIAN_POINT('',(0.17204904,-0.00569336876199781,0.311014571552358));
#1501=CARTESIAN_POINT('',(0.162549040000001,-0.0056933687619978,0.311014571552358));
#1502=CARTESIAN_POINT('',(0.162549040000001,-0.0059311328910716,0.311091825800952));
#1503=CARTESIAN_POINT('',(0.162549040000001,-0.00569336876199768,0.311014571552359));
#1504=CARTESIAN_POINT('',(0.17204904,-0.00569336876199768,0.311014571552359));
#1505=CARTESIAN_POINT('',(0.17204904,-0.00569336876199768,0.311014571552359));
#1506=CARTESIAN_POINT('',(0.17204904,-0.0059311328910716,0.311091825800952));
#1507=CARTESIAN_POINT('',(0.17204904,-0.0066920382189476,0.30875));
#1508=CARTESIAN_POINT('',(0.162549040000001,-0.0066920382189476,0.30875));
#1509=CARTESIAN_POINT('',(0.162549040000001,-0.00544696452682078,0.310889022323673));
#1510=CARTESIAN_POINT('',(0.17204904,-0.00544696452682078,0.310889022323673));
#1511=CARTESIAN_POINT('',(0.17204904,-0.00544696452682078,0.310889022323673));
#1512=CARTESIAN_POINT('',(0.17204904,-0.0066920382189476,0.30875));
#1513=CARTESIAN_POINT('',(0.17204904,-0.00544696452682074,0.310889022323673));
#1514=CARTESIAN_POINT('',(0.162549040000001,-0.00544696452682073,0.310889022323673));
#1515=CARTESIAN_POINT('',(0.17204904,-0.00549312907258381,0.310825482277519));
#1516=CARTESIAN_POINT('',(0.162549040000001,-0.00549312907258381,0.310825482277519));
#1517=CARTESIAN_POINT('',(0.172049040000001,-0.00537488130815429,0.310562910958441));
#1518=CARTESIAN_POINT('',(0.162549040000001,-0.00537488130815429,0.310562910958441));
#1519=CARTESIAN_POINT('',(0.17204904,-0.00508862057539623,0.310531589651372));
#1520=CARTESIAN_POINT('',(0.162549040000001,-0.00508862057539623,0.310531589651372));
#1521=CARTESIAN_POINT('',(0.17204904,-0.00504245602963387,0.310595129697526));
#1522=CARTESIAN_POINT('',(0.162549040000001,-0.00504245602963387,0.310595129697526));
#1523=CARTESIAN_POINT('',(0.162549040000001,-0.0052447102782276,0.310742076010599));
#1524=CARTESIAN_POINT('',(0.162549040000001,-0.00504245602963354,0.310595129697527));
#1525=CARTESIAN_POINT('',(0.17204904,-0.00504245602963354,0.310595129697527));
#1526=CARTESIAN_POINT('',(0.17204904,-0.00504245602963354,0.310595129697527));
#1527=CARTESIAN_POINT('',(0.17204904,-0.0052447102782276,0.310742076010599));
#1528=CARTESIAN_POINT('',(0.17204904,-0.0066920382189476,0.30875));
#1529=CARTESIAN_POINT('',(0.162549040000001,-0.0066920382189476,0.30875));
#1530=CARTESIAN_POINT('',(0.162549040000001,-0.00484690852142039,0.310399582189313));
#1531=CARTESIAN_POINT('',(0.17204904,-0.00484690852142039,0.310399582189313));
#1532=CARTESIAN_POINT('',(0.17204904,-0.00484690852142039,0.310399582189313));
#1533=CARTESIAN_POINT('',(0.17204904,-0.0066920382189476,0.30875));
#1534=CARTESIAN_POINT('',(0.172049040000001,-0.00484690852142038,0.310399582189313));
#1535=CARTESIAN_POINT('',(0.162549040000001,-0.00484690852142038,0.310399582189313));
#1536=CARTESIAN_POINT('',(0.172049040000001,-0.0049104485675746,0.310353417643551));
#1537=CARTESIAN_POINT('',(0.162549040000001,-0.0049104485675746,0.310353417643551));
#1538=CARTESIAN_POINT('',(0.17204904,-0.00487912726050656,0.310067156910794));
#1539=CARTESIAN_POINT('',(0.162549040000001,-0.00487912726050656,0.310067156910794));
#1540=CARTESIAN_POINT('',(0.172049040000001,-0.00461655594142847,0.309948909146363));
#1541=CARTESIAN_POINT('',(0.162549040000001,-0.00461655594142847,0.309948909146363));
#1542=CARTESIAN_POINT('',(0.172049040000001,-0.00455301589527447,0.309995073692125));
#1543=CARTESIAN_POINT('',(0.162549040000001,-0.00455301589527447,0.309995073692125));
#1544=CARTESIAN_POINT('',(0.162549040000001,-0.0046999622083476,0.310197327940719));
#1545=CARTESIAN_POINT('',(0.162549040000001,-0.00455301589527379,0.309995073692126));
#1546=CARTESIAN_POINT('',(0.17204904,-0.00455301589527379,0.309995073692126));
#1547=CARTESIAN_POINT('',(0.17204904,-0.00455301589527379,0.309995073692126));
#1548=CARTESIAN_POINT('',(0.17204904,-0.0046999622083476,0.310197327940719));
#1549=CARTESIAN_POINT('',(0.17204904,-0.0066920382189476,0.30875));
#1550=CARTESIAN_POINT('',(0.162549040000001,-0.0066920382189476,0.30875));
#1551=CARTESIAN_POINT('',(0.162549040000001,-0.00442746666658841,0.309748669456949));
#1552=CARTESIAN_POINT('',(0.17204904,-0.00442746666658842,0.309748669456949));
#1553=CARTESIAN_POINT('',(0.17204904,-0.00442746666658842,0.309748669456949));
#1554=CARTESIAN_POINT('',(0.17204904,-0.0066920382189476,0.30875));
#1555=CARTESIAN_POINT('',(0.17204904,-0.00442746666658851,0.309748669456949));
#1556=CARTESIAN_POINT('',(0.162549040000001,-0.00442746666658851,0.309748669456949));
#1557=CARTESIAN_POINT('',(0.17204904,-0.00450216247070697,0.309724399318965));
#1558=CARTESIAN_POINT('',(0.162549040000001,-0.00450216247070697,0.309724399318965));
#1559=CARTESIAN_POINT('',(0.17204904,-0.00456083356876448,0.309442470367547));
#1560=CARTESIAN_POINT('',(0.16254904,-0.00456083356876448,0.309442470367547));
#1561=CARTESIAN_POINT('',(0.17204904,-0.00434765397351939,0.309248871060818));
#1562=CARTESIAN_POINT('',(0.162549040000001,-0.00434765397351939,0.309248871060818));
#1563=CARTESIAN_POINT('',(0.17204904,-0.00427295816940088,0.309273141198802));
#1564=CARTESIAN_POINT('',(0.162549040000001,-0.00427295816940088,0.309273141198802));
#1565=CARTESIAN_POINT('',(0.162549040000001,-0.0043502124179946,0.309510905327876));
#1566=CARTESIAN_POINT('',(0.162549040000001,-0.00427295816940067,0.309273141198801));
#1567=CARTESIAN_POINT('',(0.17204904,-0.00427295816940067,0.309273141198801));
#1568=CARTESIAN_POINT('',(0.17204904,-0.00427295816940067,0.309273141198801));
#1569=CARTESIAN_POINT('',(0.17204904,-0.00435021241799461,0.309510905327876));
#1570=CARTESIAN_POINT('',(0.17204904,-0.0066920382189476,0.30875));
#1571=CARTESIAN_POINT('',(0.162549040000001,-0.0066920382189476,0.30875));
#1572=CARTESIAN_POINT('',(0.162549040000001,-0.00422969685349872,0.309));
#1573=CARTESIAN_POINT('',(0.17204904,-0.00422969685349873,0.309));
#1574=CARTESIAN_POINT('',(0.17204904,-0.00422969685349873,0.309));
#1575=CARTESIAN_POINT('',(0.17204904,-0.0066920382189476,0.30875));
#1576=CARTESIAN_POINT('',(0.17204904,-0.00422969685349873,0.309));
#1577=CARTESIAN_POINT('',(0.162549040000001,-0.00422969685349873,0.309));
#1578=CARTESIAN_POINT('',(0.172049040000001,-0.00430823666983843,0.309));
#1579=CARTESIAN_POINT('',(0.162549040000001,-0.00430823666983843,0.309));
#1580=CARTESIAN_POINT('',(0.17204904,-0.00445115703715878,0.30875));
#1581=CARTESIAN_POINT('',(0.162549040000001,-0.00445115703715877,0.30875));
#1582=CARTESIAN_POINT('',(0.17204904,-0.00430823666983843,0.3085));
#1583=CARTESIAN_POINT('',(0.162549040000001,-0.00430823666983843,0.3085));
#1584=CARTESIAN_POINT('',(0.17204904,-0.00422969685349873,0.3085));
#1585=CARTESIAN_POINT('',(0.162549040000001,-0.00422969685349873,0.3085));
#1586=CARTESIAN_POINT('',(0.162549040000001,-0.0042296968534986,0.30875));
#1587=CARTESIAN_POINT('',(0.162549040000001,-0.00422969685349872,0.3085));
#1588=CARTESIAN_POINT('',(0.17204904,-0.00422969685349873,0.3085));
#1589=CARTESIAN_POINT('',(0.17204904,-0.00422969685349873,0.3085));
#1590=CARTESIAN_POINT('',(0.17204904,-0.0042296968534986,0.30875));
#1591=CARTESIAN_POINT('',(0.17204904,-0.0066920382189476,0.30875));
#1592=CARTESIAN_POINT('',(0.162549040000001,-0.0066920382189476,0.30875));
#1593=CARTESIAN_POINT('',(0.162549040000001,-0.00427295816940067,0.308226858801197));
#1594=CARTESIAN_POINT('',(0.17204904,-0.00427295816940067,0.308226858801197));
#1595=CARTESIAN_POINT('',(0.17204904,-0.00427295816940067,0.308226858801197));
#1596=CARTESIAN_POINT('',(0.17204904,-0.0066920382189476,0.30875));
#1597=CARTESIAN_POINT('',(0.17204904,-0.00427295816940074,0.308226858801197));
#1598=CARTESIAN_POINT('',(0.162549040000001,-0.00427295816940074,0.308226858801197));
#1599=CARTESIAN_POINT('',(0.17204904,-0.00434765397351926,0.308251128939181));
#1600=CARTESIAN_POINT('',(0.162549040000001,-0.00434765397351926,0.308251128939181));
#1601=CARTESIAN_POINT('',(0.172049040000001,-0.0045608335687646,0.308057529632452));
#1602=CARTESIAN_POINT('',(0.162549040000001,-0.0045608335687646,0.308057529632452));
#1603=CARTESIAN_POINT('',(0.17204904,-0.00450216247070689,0.307775600681033));
#1604=CARTESIAN_POINT('',(0.162549040000001,-0.00450216247070689,0.307775600681033));
#1605=CARTESIAN_POINT('',(0.17204904,-0.00442746666658833,0.307751330543049));
#1606=CARTESIAN_POINT('',(0.162549040000001,-0.00442746666658833,0.307751330543049));
#1607=CARTESIAN_POINT('',(0.162549040000001,-0.00435021241799461,0.307989094672123));
#1608=CARTESIAN_POINT('',(0.162549040000001,-0.00442746666658842,0.307751330543049));
#1609=CARTESIAN_POINT('',(0.17204904,-0.00442746666658842,0.307751330543049));
#1610=CARTESIAN_POINT('',(0.17204904,-0.00442746666658842,0.307751330543049));
#1611=CARTESIAN_POINT('',(0.17204904,-0.00435021241799461,0.307989094672123));
#1612=CARTESIAN_POINT('',(0.17204904,-0.0066920382189476,0.30875));
#1613=CARTESIAN_POINT('',(0.162549040000001,-0.0066920382189476,0.30875));
#1614=CARTESIAN_POINT('',(0.162549040000001,-0.00455301589527379,0.307504926307873));
#1615=CARTESIAN_POINT('',(0.17204904,-0.00455301589527379,0.307504926307873));
#1616=CARTESIAN_POINT('',(0.17204904,-0.00455301589527379,0.307504926307873));
#1617=CARTESIAN_POINT('',(0.17204904,-0.0066920382189476,0.30875));
#1618=CARTESIAN_POINT('',(0.17204904,-0.00455301589527392,0.307504926307872));
#1619=CARTESIAN_POINT('',(0.162549040000001,-0.00455301589527391,0.307504926307872));
#1620=CARTESIAN_POINT('',(0.17204904,-0.00461655594142759,0.307551090853635));
#1621=CARTESIAN_POINT('',(0.162549040000001,-0.00461655594142759,0.307551090853635));
#1622=CARTESIAN_POINT('',(0.17204904,-0.00487912726050583,0.307432843089205));
#1623=CARTESIAN_POINT('',(0.162549040000001,-0.00487912726050583,0.307432843089205));
#1624=CARTESIAN_POINT('',(0.17204904,-0.00491044856757477,0.307146582356448));
#1625=CARTESIAN_POINT('',(0.162549040000001,-0.00491044856757477,0.307146582356448));
#1626=CARTESIAN_POINT('',(0.17204904,-0.00484690852142074,0.307100417810685));
#1627=CARTESIAN_POINT('',(0.162549040000001,-0.00484690852142074,0.307100417810685));
#1628=CARTESIAN_POINT('',(0.162549040000001,-0.0046999622083476,0.307302672059279));
#1629=CARTESIAN_POINT('',(0.162549040000001,-0.00484690852142039,0.307100417810685));
#1630=CARTESIAN_POINT('',(0.17204904,-0.0048469085214204,0.307100417810685));
#1631=CARTESIAN_POINT('',(0.17204904,-0.0048469085214204,0.307100417810685));
#1632=CARTESIAN_POINT('',(0.17204904,-0.00469996220834761,0.307302672059279));
#1633=CARTESIAN_POINT('',(0.17204904,-0.0066920382189476,0.30875));
#1634=CARTESIAN_POINT('',(0.162549040000001,-0.0066920382189476,0.30875));
#1635=CARTESIAN_POINT('',(0.162549040000001,-0.00504245602963354,0.306904870302472));
#1636=CARTESIAN_POINT('',(0.17204904,-0.00504245602963355,0.306904870302472));
#1637=CARTESIAN_POINT('',(0.17204904,-0.00504245602963355,0.306904870302472));
#1638=CARTESIAN_POINT('',(0.17204904,-0.0066920382189476,0.30875));
#1639=CARTESIAN_POINT('',(0.172049040000001,-0.0050424560296337,0.306904870302472));
#1640=CARTESIAN_POINT('',(0.162549040000001,-0.0050424560296337,0.306904870302472));
#1641=CARTESIAN_POINT('',(0.172049040000001,-0.00508862057539578,0.306968410348626));
#1642=CARTESIAN_POINT('',(0.162549040000001,-0.00508862057539578,0.306968410348626));
#1643=CARTESIAN_POINT('',(0.17204904,-0.00537488130815286,0.306937089041558));
#1644=CARTESIAN_POINT('',(0.162549040000001,-0.00537488130815285,0.306937089041558));
#1645=CARTESIAN_POINT('',(0.172049040000001,-0.00549312907258364,0.30667451772248));
#1646=CARTESIAN_POINT('',(0.162549040000001,-0.00549312907258363,0.30667451772248));
#1647=CARTESIAN_POINT('',(0.172049040000001,-0.00544696452682134,0.306610977676326));
#1648=CARTESIAN_POINT('',(0.162549040000001,-0.00544696452682134,0.306610977676326));
#1649=CARTESIAN_POINT('',(0.162549040000001,-0.0052447102782276,0.306757923989399));
#1650=CARTESIAN_POINT('',(0.162549040000001,-0.00544696452682078,0.306610977676326));
#1651=CARTESIAN_POINT('',(0.17204904,-0.00544696452682079,0.306610977676326));
#1652=CARTESIAN_POINT('',(0.17204904,-0.00544696452682079,0.306610977676326));
#1653=CARTESIAN_POINT('',(0.17204904,-0.00524471027822761,0.306757923989399));
#1654=CARTESIAN_POINT('',(0.17204904,-0.0066920382189476,0.30875));
#1655=CARTESIAN_POINT('',(0.162549040000001,-0.0066920382189476,0.30875));
#1656=CARTESIAN_POINT('',(0.162549040000001,-0.00569336876199768,0.30648542844764));
#1657=CARTESIAN_POINT('',(0.17204904,-0.00569336876199769,0.30648542844764));
#1658=CARTESIAN_POINT('',(0.17204904,-0.00569336876199769,0.30648542844764));
#1659=CARTESIAN_POINT('',(0.17204904,-0.0066920382189476,0.30875));
#1660=CARTESIAN_POINT('',(0.17204904,-0.00569336876199789,0.30648542844764));
#1661=CARTESIAN_POINT('',(0.162549040000001,-0.00569336876199789,0.30648542844764));
#1662=CARTESIAN_POINT('',(0.17204904,-0.00571763889998214,0.306560124251758));
#1663=CARTESIAN_POINT('',(0.162549040000001,-0.00571763889998214,0.306560124251758));
#1664=CARTESIAN_POINT('',(0.17204904,-0.00599956785140027,0.306618795349816));
#1665=CARTESIAN_POINT('',(0.16254904,-0.00599956785140027,0.306618795349816));
#1666=CARTESIAN_POINT('',(0.172049040000001,-0.00619316715812946,0.306405615754571));
#1667=CARTESIAN_POINT('',(0.162549040000001,-0.00619316715812945,0.306405615754571));
#1668=CARTESIAN_POINT('',(0.172049040000001,-0.0061688970201454,0.306330919950452));
#1669=CARTESIAN_POINT('',(0.162549040000001,-0.0061688970201454,0.306330919950452));
#1670=CARTESIAN_POINT('',(0.162549040000001,-0.0059311328910716,0.306408174199046));
#1671=CARTESIAN_POINT('',(0.162549040000001,-0.00616889702014547,0.306330919950452));
#1672=CARTESIAN_POINT('',(0.17204904,-0.00616889702014548,0.306330919950452));
#1673=CARTESIAN_POINT('',(0.17204904,-0.00616889702014548,0.306330919950452));
#1674=CARTESIAN_POINT('',(0.17204904,-0.00593113289107161,0.306408174199046));
#1675=CARTESIAN_POINT('',(0.17204904,-0.0066920382189476,0.30875));
#1676=CARTESIAN_POINT('',(0.162549040000001,-0.0066920382189476,0.30875));
#1677=CARTESIAN_POINT('',(0.162549040000001,-0.0064420382189476,0.306287658634551));
#1678=CARTESIAN_POINT('',(0.17204904,-0.00644203821894761,0.306287658634551));
#1679=CARTESIAN_POINT('',(0.17204904,-0.00644203821894761,0.306287658634551));
#1680=CARTESIAN_POINT('',(0.17204904,-0.0066920382189476,0.30875));
#1681=CARTESIAN_POINT('',(0.17204904,-0.00644203821894761,0.306287658634551));
#1682=CARTESIAN_POINT('',(0.162549040000001,-0.00644203821894761,0.306287658634551));
#1683=CARTESIAN_POINT('',(0.17204904,-0.00644203821894805,0.30636619845089));
#1684=CARTESIAN_POINT('',(0.162549040000001,-0.00644203821894804,0.30636619845089));
#1685=CARTESIAN_POINT('',(0.17204904,-0.00669203821894761,0.30650911881821));
#1686=CARTESIAN_POINT('',(0.16254904,-0.00669203821894761,0.30650911881821));
#1687=CARTESIAN_POINT('',(0.172049040000001,-0.00694203821894717,0.30636619845089));
#1688=CARTESIAN_POINT('',(0.162549040000001,-0.00694203821894717,0.30636619845089));
#1689=CARTESIAN_POINT('',(0.172049040000001,-0.00694203821894761,0.306287658634551));
#1690=CARTESIAN_POINT('',(0.162549040000001,-0.00694203821894761,0.306287658634551));
#1691=CARTESIAN_POINT('',(0.162549040000001,-0.0066920382189476,0.30628765863455));
#1692=CARTESIAN_POINT('',(0.162549040000001,-0.0069420382189476,0.306287658634551));
#1693=CARTESIAN_POINT('',(0.17204904,-0.00694203821894761,0.306287658634551));
#1694=CARTESIAN_POINT('',(0.17204904,-0.00694203821894761,0.306287658634551));
#1695=CARTESIAN_POINT('',(0.17204904,-0.00669203821894761,0.30628765863455));
#1696=CARTESIAN_POINT('',(0.17204904,-0.0066920382189476,0.30875));
#1697=CARTESIAN_POINT('',(0.162549040000001,-0.0066920382189476,0.30875));
#1698=CARTESIAN_POINT('',(0.162549040000001,-0.00721517941774973,0.306330919950452));
#1699=CARTESIAN_POINT('',(0.17204904,-0.00721517941774974,0.306330919950452));
#1700=CARTESIAN_POINT('',(0.17204904,-0.00721517941774974,0.306330919950452));
#1701=CARTESIAN_POINT('',(0.17204904,-0.0066920382189476,0.30875));
#1702=CARTESIAN_POINT('',(0.17204904,-0.00721517941774989,0.306330919950452));
#1703=CARTESIAN_POINT('',(0.162549040000001,-0.00721517941774989,0.306330919950452));
#1704=CARTESIAN_POINT('',(0.17204904,-0.00719090927976563,0.30640561575457));
#1705=CARTESIAN_POINT('',(0.162549040000001,-0.00719090927976563,0.30640561575457));
#1706=CARTESIAN_POINT('',(0.17204904,-0.00738450858649465,0.306618795349816));
#1707=CARTESIAN_POINT('',(0.16254904,-0.00738450858649464,0.306618795349816));
#1708=CARTESIAN_POINT('',(0.17204904,-0.00766643753791307,0.306560124251758));
#1709=CARTESIAN_POINT('',(0.162549040000001,-0.00766643753791307,0.306560124251758));
#1710=CARTESIAN_POINT('',(0.17204904,-0.00769070767589733,0.30648542844764));
#1711=CARTESIAN_POINT('',(0.162549040000001,-0.00769070767589733,0.30648542844764));
#1712=CARTESIAN_POINT('',(0.162549040000001,-0.0074529435468236,0.306408174199046));
#1713=CARTESIAN_POINT('',(0.162549040000001,-0.00769070767589752,0.30648542844764));
#1714=CARTESIAN_POINT('',(0.17204904,-0.00769070767589753,0.30648542844764));
#1715=CARTESIAN_POINT('',(0.17204904,-0.00769070767589753,0.30648542844764));
#1716=CARTESIAN_POINT('',(0.17204904,-0.00745294354682361,0.306408174199046));
#1717=CARTESIAN_POINT('',(0.17204904,-0.0066920382189476,0.30875));
#1718=CARTESIAN_POINT('',(0.162549040000001,-0.0066920382189476,0.30875));
#1719=CARTESIAN_POINT('',(0.162549040000001,-0.00793711191107442,0.306610977676326));
#1720=CARTESIAN_POINT('',(0.17204904,-0.00793711191107442,0.306610977676326));
#1721=CARTESIAN_POINT('',(0.17204904,-0.00793711191107442,0.306610977676326));
#1722=CARTESIAN_POINT('',(0.17204904,-0.0066920382189476,0.30875));
#1723=CARTESIAN_POINT('',(0.17204904,-0.00793711191107422,0.306610977676325));
#1724=CARTESIAN_POINT('',(0.162549040000001,-0.00793711191107422,0.306610977676325));
#1725=CARTESIAN_POINT('',(0.17204904,-0.00789094736531148,0.306674517722479));
#1726=CARTESIAN_POINT('',(0.162549040000001,-0.00789094736531147,0.306674517722479));
#1727=CARTESIAN_POINT('',(0.172049040000001,-0.0080091951297414,0.306937089041557));
#1728=CARTESIAN_POINT('',(0.162549040000001,-0.0080091951297414,0.306937089041557));
#1729=CARTESIAN_POINT('',(0.17204904,-0.00829545586249901,0.306968410348626));
#1730=CARTESIAN_POINT('',(0.162549040000001,-0.008295455862499,0.306968410348626));
#1731=CARTESIAN_POINT('',(0.17204904,-0.00834162040826133,0.306904870302472));
#1732=CARTESIAN_POINT('',(0.162549040000001,-0.00834162040826133,0.306904870302472));
#1733=CARTESIAN_POINT('',(0.162549040000001,-0.0081393661596676,0.306757923989399));
#1734=CARTESIAN_POINT('',(0.162549040000001,-0.00834162040826166,0.306904870302472));
#1735=CARTESIAN_POINT('',(0.17204904,-0.00834162040826166,0.306904870302472));
#1736=CARTESIAN_POINT('',(0.17204904,-0.00834162040826166,0.306904870302472));
#1737=CARTESIAN_POINT('',(0.17204904,-0.0081393661596676,0.306757923989399));
#1738=CARTESIAN_POINT('',(0.17204904,-0.0066920382189476,0.30875));
#1739=CARTESIAN_POINT('',(0.162549040000001,-0.0066920382189476,0.30875));
#1740=CARTESIAN_POINT('',(0.162549040000001,-0.00853716791647481,0.307100417810685));
#1741=CARTESIAN_POINT('',(0.17204904,-0.00853716791647481,0.307100417810685));
#1742=CARTESIAN_POINT('',(0.17204904,-0.00853716791647481,0.307100417810685));
#1743=CARTESIAN_POINT('',(0.17204904,-0.0066920382189476,0.30875));
#1744=CARTESIAN_POINT('',(0.17204904,-0.00853716791647482,0.307100417810685));
#1745=CARTESIAN_POINT('',(0.162549040000001,-0.00853716791647482,0.307100417810685));
#1746=CARTESIAN_POINT('',(0.17204904,-0.0084736278703206,0.307146582356447));
#1747=CARTESIAN_POINT('',(0.162549040000001,-0.0084736278703206,0.307146582356447));
#1748=CARTESIAN_POINT('',(0.172049040000001,-0.00850494917738864,0.307432843089204));
#1749=CARTESIAN_POINT('',(0.162549040000001,-0.00850494917738864,0.307432843089204));
#1750=CARTESIAN_POINT('',(0.17204904,-0.00876752049646673,0.307551090853635));
#1751=CARTESIAN_POINT('',(0.162549040000001,-0.00876752049646673,0.307551090853635));
#1752=CARTESIAN_POINT('',(0.17204904,-0.00883106054262073,0.307504926307873));
#1753=CARTESIAN_POINT('',(0.162549040000001,-0.00883106054262073,0.307504926307873));
#1754=CARTESIAN_POINT('',(0.162549040000001,-0.0086841142295476,0.307302672059279));
#1755=CARTESIAN_POINT('',(0.162549040000001,-0.00883106054262141,0.307504926307873));
#1756=CARTESIAN_POINT('',(0.17204904,-0.00883106054262141,0.307504926307873));
#1757=CARTESIAN_POINT('',(0.17204904,-0.00883106054262141,0.307504926307873));
#1758=CARTESIAN_POINT('',(0.17204904,-0.0086841142295476,0.307302672059279));
#1759=CARTESIAN_POINT('',(0.17204904,-0.0066920382189476,0.30875));
#1760=CARTESIAN_POINT('',(0.162549040000001,-0.0066920382189476,0.30875));
#1761=CARTESIAN_POINT('',(0.162549040000001,-0.00895660977130679,0.307751330543049));
#1762=CARTESIAN_POINT('',(0.17204904,-0.00895660977130679,0.307751330543049));
#1763=CARTESIAN_POINT('',(0.17204904,-0.00895660977130679,0.307751330543049));
#1764=CARTESIAN_POINT('',(0.17204904,-0.0066920382189476,0.30875));
#1765=CARTESIAN_POINT('',(0.17204904,-0.00895660977130688,0.307751330543049));
#1766=CARTESIAN_POINT('',(0.162549040000001,-0.00895660977130687,0.307751330543049));
#1767=CARTESIAN_POINT('',(0.17204904,-0.00888191396718834,0.307775600681033));
#1768=CARTESIAN_POINT('',(0.162549040000001,-0.00888191396718833,0.307775600681033));
#1769=CARTESIAN_POINT('',(0.17204904,-0.00882324286913059,0.308057529632451));
#1770=CARTESIAN_POINT('',(0.16254904,-0.00882324286913059,0.308057529632451));
#1771=CARTESIAN_POINT('',(0.17204904,-0.00903642246437578,0.308251128939181));
#1772=CARTESIAN_POINT('',(0.162549040000001,-0.00903642246437578,0.308251128939181));
#1773=CARTESIAN_POINT('',(0.17204904,-0.00911111826849432,0.308226858801197));
#1774=CARTESIAN_POINT('',(0.162549040000001,-0.00911111826849432,0.308226858801197));
#1775=CARTESIAN_POINT('',(0.162549040000001,-0.0090338640199006,0.307989094672123));
#1776=CARTESIAN_POINT('',(0.162549040000001,-0.00911111826849453,0.308226858801197));
#1777=CARTESIAN_POINT('',(0.17204904,-0.00911111826849453,0.308226858801197));
#1778=CARTESIAN_POINT('',(0.17204904,-0.00911111826849453,0.308226858801197));
#1779=CARTESIAN_POINT('',(0.17204904,-0.0090338640199006,0.307989094672123));
#1780=CARTESIAN_POINT('',(0.17204904,-0.0066920382189476,0.30875));
#1781=CARTESIAN_POINT('',(0.162549040000001,-0.0066920382189476,0.30875));
#1782=CARTESIAN_POINT('',(0.162549040000001,-0.00915437958439647,0.3085));
#1783=CARTESIAN_POINT('',(0.17204904,-0.00915437958439647,0.3085));
#1784=CARTESIAN_POINT('',(0.17204904,-0.00915437958439647,0.3085));
#1785=CARTESIAN_POINT('',(0.17204904,-0.0066920382189476,0.30875));
#1786=CARTESIAN_POINT('',(0.172049040000001,-0.00915437958439647,0.3085));
#1787=CARTESIAN_POINT('',(0.162549040000001,-0.00915437958439647,0.3085));
#1788=CARTESIAN_POINT('',(0.172049040000001,-0.00907583976805677,0.3085));
#1789=CARTESIAN_POINT('',(0.162549040000001,-0.00907583976805676,0.3085));
#1790=CARTESIAN_POINT('',(0.172049040000001,-0.00893291940073643,0.30875));
#1791=CARTESIAN_POINT('',(0.162549040000001,-0.00893291940073643,0.30875));
#1792=CARTESIAN_POINT('',(0.17204904,-0.00907583976805677,0.309));
#1793=CARTESIAN_POINT('',(0.162549040000001,-0.00907583976805676,0.309));
#1794=CARTESIAN_POINT('',(0.17204904,-0.00915437958439647,0.309));
#1795=CARTESIAN_POINT('',(0.162549040000001,-0.00915437958439647,0.309));
#1796=CARTESIAN_POINT('',(0.162549040000001,-0.0091543795843966,0.30875));
#1797=CARTESIAN_POINT('',(0.162549040000001,-0.00915437958439647,0.309));
#1798=CARTESIAN_POINT('',(0.17204904,-0.00915437958439647,0.309));
#1799=CARTESIAN_POINT('',(0.17204904,-0.00915437958439647,0.309));
#1800=CARTESIAN_POINT('',(0.17204904,-0.0091543795843966,0.30875));
#1801=CARTESIAN_POINT('',(0.17204904,-0.0066920382189476,0.30875));
#1802=CARTESIAN_POINT('',(0.162549040000001,-0.0066920382189476,0.30875));
#1803=CARTESIAN_POINT('',(0.162549040000001,-0.00911111826849453,0.309273141198801));
#1804=CARTESIAN_POINT('',(0.17204904,-0.00911111826849453,0.309273141198801));
#1805=CARTESIAN_POINT('',(0.17204904,-0.00911111826849453,0.309273141198801));
#1806=CARTESIAN_POINT('',(0.17204904,-0.0066920382189476,0.30875));
#1807=CARTESIAN_POINT('',(0.172049040000001,-0.00911111826849443,0.309273141198802));
#1808=CARTESIAN_POINT('',(0.162549040000001,-0.00911111826849443,0.309273141198802));
#1809=CARTESIAN_POINT('',(0.172049040000001,-0.00903642246437593,0.309248871060818));
#1810=CARTESIAN_POINT('',(0.162549040000001,-0.00903642246437593,0.309248871060818));
#1811=CARTESIAN_POINT('',(0.17204904,-0.00882324286913073,0.309442470367547));
#1812=CARTESIAN_POINT('',(0.162549040000001,-0.00882324286913072,0.309442470367547));
#1813=CARTESIAN_POINT('',(0.172049040000001,-0.00888191396718822,0.309724399318965));
#1814=CARTESIAN_POINT('',(0.162549040000001,-0.00888191396718822,0.309724399318965));
#1815=CARTESIAN_POINT('',(0.172049040000001,-0.0089566097713067,0.309748669456949));
#1816=CARTESIAN_POINT('',(0.162549040000001,-0.0089566097713067,0.309748669456949));
#1817=CARTESIAN_POINT('',(0.162549040000001,-0.0090338640199006,0.309510905327876));
#1818=CARTESIAN_POINT('',(0.162549040000001,-0.00895660977130679,0.309748669456949));
#1819=CARTESIAN_POINT('',(0.17204904,-0.00895660977130679,0.309748669456949));
#1820=CARTESIAN_POINT('',(0.17204904,-0.00895660977130679,0.309748669456949));
#1821=CARTESIAN_POINT('',(0.17204904,-0.0090338640199006,0.309510905327876));
#1822=CARTESIAN_POINT('',(0.17204904,-0.0066920382189476,0.30875));
#1823=CARTESIAN_POINT('',(0.162549040000001,-0.0066920382189476,0.30875));
#1824=CARTESIAN_POINT('',(0.162549040000001,-0.00883106054262142,0.309995073692126));
#1825=CARTESIAN_POINT('',(0.17204904,-0.00883106054262142,0.309995073692126));
#1826=CARTESIAN_POINT('',(0.17204904,-0.00883106054262142,0.309995073692126));
#1827=CARTESIAN_POINT('',(0.17204904,-0.0066920382189476,0.30875));
#1828=CARTESIAN_POINT('',(0.17204904,-0.00883106054262153,0.309995073692126));
#1829=CARTESIAN_POINT('',(0.162549040000001,-0.00883106054262153,0.309995073692126));
#1830=CARTESIAN_POINT('',(0.17204904,-0.00876752049646796,0.309948909146363));
#1831=CARTESIAN_POINT('',(0.162549040000001,-0.00876752049646796,0.309948909146363));
#1832=CARTESIAN_POINT('',(0.17204904,-0.00850494917738951,0.310067156910792));
#1833=CARTESIAN_POINT('',(0.162549040000001,-0.00850494917738951,0.310067156910792));
#1834=CARTESIAN_POINT('',(0.17204904,-0.0084736278703204,0.31035341764355));
#1835=CARTESIAN_POINT('',(0.162549040000001,-0.0084736278703204,0.31035341764355));
#1836=CARTESIAN_POINT('',(0.17204904,-0.00853716791647447,0.310399582189313));
#1837=CARTESIAN_POINT('',(0.162549040000001,-0.00853716791647447,0.310399582189313));
#1838=CARTESIAN_POINT('',(0.162549040000001,-0.0086841142295476,0.310197327940719));
#1839=CARTESIAN_POINT('',(0.162549040000001,-0.00853716791647481,0.310399582189313));
#1840=CARTESIAN_POINT('',(0.17204904,-0.00853716791647481,0.310399582189313));
#1841=CARTESIAN_POINT('',(0.17204904,-0.00853716791647481,0.310399582189313));
#1842=CARTESIAN_POINT('',(0.17204904,-0.0086841142295476,0.310197327940719));
#1843=CARTESIAN_POINT('',(0.17204904,-0.0066920382189476,0.30875));
#1844=CARTESIAN_POINT('',(0.162549040000001,-0.0066920382189476,0.30875));
#1845=CARTESIAN_POINT('',(0.162549040000001,-0.00834162040826166,0.310595129697527));
#1846=CARTESIAN_POINT('',(0.17204904,-0.00834162040826166,0.310595129697527));
#1847=CARTESIAN_POINT('',(0.17204904,-0.00834162040826166,0.310595129697527));
#1848=CARTESIAN_POINT('',(0.17204904,-0.0066920382189476,0.30875));
#1849=CARTESIAN_POINT('',(0.17204904,-0.006515952146589,0.32102422069604));
#1850=CARTESIAN_POINT('',(0.17204904,-0.0112917624347457,0.330904966421518));
#1851=CARTESIAN_POINT('',(0.17204904,-0.0112917624347457,0.330904966421518));
#1852=CARTESIAN_POINT('',(0.17204904,-0.006515952146589,0.32102422069604));
#1853=CARTESIAN_POINT('',(0.17204904,-0.00174014185843229,0.311143474970563));
#1854=CARTESIAN_POINT('',(0.17204904,-0.00174014185843229,0.311143474970563));
#1855=CARTESIAN_POINT('',(0.17204904,-0.0148931416060297,0.329164257352017));
#1856=CARTESIAN_POINT('',(0.17204904,-0.0186978539191419,0.327929686894549));
#1857=CARTESIAN_POINT('',(0.17204904,-0.0186978539191419,0.327929686894549));
#1858=CARTESIAN_POINT('',(0.17204904,-0.0148931416060297,0.329164257352017));
#1859=CARTESIAN_POINT('',(0.17204904,-0.0153106857843095,0.317491076257765));
#1860=CARTESIAN_POINT('',(0.17204904,-0.0119235176494771,0.307052465620981));
#1861=CARTESIAN_POINT('',(0.17204904,-0.0119235176494771,0.307052465620981));
#1862=CARTESIAN_POINT('',(0.17204904,-0.0153106857843095,0.317491076257765));
#1863=CARTESIAN_POINT('',(0.17204904,-0.00834162040826175,0.310595129697526));
#1864=CARTESIAN_POINT('',(0.162549040000001,-0.00834162040826174,0.310595129697526));
#1865=CARTESIAN_POINT('',(0.17204904,-0.00829545586249992,0.310531589651372));
#1866=CARTESIAN_POINT('',(0.162549040000001,-0.00829545586249991,0.310531589651372));
#1867=CARTESIAN_POINT('',(0.17204904,-0.00800919512974268,0.31056291095844));
#1868=CARTESIAN_POINT('',(0.16254904,-0.00800919512974268,0.31056291095844));
#1869=CARTESIAN_POINT('',(0.17204904,-0.00789094736531154,0.310825482277518));
#1870=CARTESIAN_POINT('',(0.162549040000001,-0.00789094736531153,0.310825482277518));
#1871=CARTESIAN_POINT('',(0.17204904,-0.00793711191107387,0.310889022323672));
#1872=CARTESIAN_POINT('',(0.162549040000001,-0.00793711191107387,0.310889022323672));
#1873=CARTESIAN_POINT('',(0.162549040000001,-0.0081393661596676,0.310742076010599));
#1874=CARTESIAN_POINT('',(0.17204904,-0.0081393661596676,0.310742076010599));
#1875=CARTESIAN_POINT('',(0.17204904,-0.00669203821894762,0.30875));
#1876=CARTESIAN_POINT('',(0.17204904,-0.00669203821894762,0.30875));
#1877=CARTESIAN_POINT('',(0.17204904,-0.0141462322504524,0.321939912406347));
#1878=CARTESIAN_POINT('',(0.17204904,-0.0141462322504524,0.321939912406347));
#1879=CARTESIAN_POINT('',(0.17204904,-0.00854257741248858,0.318082116176008));
#1880=CARTESIAN_POINT('',(0.17205104,-0.0066920382189476,0.30875));
#1881=CARTESIAN_POINT('',(0.162549040000001,-0.0066920382189476,0.30875));
#1882=CARTESIAN_POINT('',(0.162549040000001,-0.0106920382189476,0.30875));
#1883=CARTESIAN_POINT('',(0.162549040000001,-0.00854257741248858,0.318082116176008));
#1884=MECHANICAL_DESIGN_GEOMETRIC_PRESENTATION_REPRESENTATION('',(#971),
#1885);
#1885=(
GEOMETRIC_REPRESENTATION_CONTEXT(3)
GLOBAL_UNCERTAINTY_ASSIGNED_CONTEXT((#1886))
GLOBAL_UNIT_ASSIGNED_CONTEXT((#1889,#1888,#1887))
REPRESENTATION_CONTEXT('Servo Connector','TOP_LEVEL_ASSEMBLY_PART')
);
#1886=UNCERTAINTY_MEASURE_WITH_UNIT(LENGTH_MEASURE(2.E-5),#1889,
'DISTANCE_ACCURACY_VALUE','Maximum Tolerance applied to model');
#1887=(
NAMED_UNIT(*)
SI_UNIT($,.STERADIAN.)
SOLID_ANGLE_UNIT()
);
#1888=(
NAMED_UNIT(*)
PLANE_ANGLE_UNIT()
SI_UNIT($,.RADIAN.)
);
#1889=(
LENGTH_UNIT()
NAMED_UNIT(*)
SI_UNIT($,.METRE.)
);
#1890=PRODUCT_DEFINITION_SHAPE('','',#1891);
#1891=PRODUCT_DEFINITION('','',#1893,#1892);
#1892=PRODUCT_DEFINITION_CONTEXT('',#1899,'design');
#1893=PRODUCT_DEFINITION_FORMATION_WITH_SPECIFIED_SOURCE('','',#1895,
 .NOT_KNOWN.);
#1894=PRODUCT_RELATED_PRODUCT_CATEGORY('','',(#1895));
#1895=PRODUCT('Servo Connector','Servo Connector','Servo Connector',(#1897));
#1896=PRODUCT_CATEGORY('','');
#1897=PRODUCT_CONTEXT('',#1899,'mechanical');
#1898=APPLICATION_PROTOCOL_DEFINITION('international standard',
'ap242_managed_model_based_3d_engineering',2020,#1899);
#1899=APPLICATION_CONTEXT('managed model based 3d engineering');
ENDSEC;
END-ISO-10303-21;
